question_id,text,x_corr,y_corr,question_number,question_text,question_file,question_page,category,text_new,duplicate
0625_m15_qp_12_01,"1  A student uses a measuring cylinder to measure the volume of some water. The diagram shows 
",49.60629,75.2325464,1,A student uses a measuring cylinder to measure the volume of some water  The diagram shows part of the measuring cylinder  The top and bottom of the meniscus are labelled           top of meniscusbottomof meniscuscm    What is the volume of the water? A       cm  B       cm  C       cm  D       cm  ,0625_m15_qp_12,2,110,"Astudentusesameasuringcylindertomeasurethevolumeofsomewater.Thediagramshows
",0
0625_m15_qp_12_02,"2  The graph represents the motion of a train travelling between two stations. 
 
",49.60732576,329.0477395,2,The graph represents the motion of a train travelling between two stations                                             speedm  / s time  / s  Which statement about the train is correct? A Its acceleration takes a longer time than its deceleration  B It travels at constant speed for less than half of its journey time  C It travels       m in the first      s  D It travels          m at constant speed      © UCLES          /  /F/M/   [Turn over,0625_m15_qp_12,2,120,"Thegraphrepresentsthemotionofatraintravellingbetweentwostations.

",0
0625_m15_qp_12_03,"3  A car travels 6.0 km along a main road in 6.0 minutes. It then travels 2.0 km along a minor road in 
",49.60629,75.2325464,3,A car travels      km along a main road in     minutes  It then travels      km along a minor road in     minutes    mainroadminorroad     km    minutes     km    minutes   Which calculation of average speed for the whole journey is correct? A     ÷      =       km  / minute B      ÷     =      km  / minute C     +      =     km  / minute D     ×      =     km  / minute ,0625_m15_qp_12,3,120,"Acartravels.kmalongamainroadin.minutes.Itthentravels.kmalongaminorroadin
",0
0625_m15_qp_12_04,"4  Two metal blocks P and Q have identical dimensions. They hang on identical spring balances. 
 
",49.60603616,374.4866931,4,"Two metal blocks P and Q have identical dimensions  They hang on identical spring balances                N            N P Q  What can be deduced about P and Q? A They have different volumes and different weights  B They have different volumes, but equal masses  C They have equal volumes and equal weights  D They have equal volumes, but different masses      © UCLES          /  /F/M/  ",0625_m15_qp_12,3,151,"TwometalblocksPandQhaveidenticaldimensions.Theyhangonidenticalspringbalances.

",0
0625_m15_qp_12_05,"5  A person measures the length, width, height and mass of a metal block with rectangular sides. 
 
",49.60629,87.87531718,5,"A person measures the length, width, height and mass of a metal block with rectangular sides   Which of these measurements must be used in order to calculate the density of the metal? A mass only B height and mass only C length, width and height only D length, width, height and mass ",0625_m15_qp_12,4,110,"Apersonmeasuresthelength,width,heightandmassofametalblockwithrectangularsides.

",0
0625_m15_qp_12_06,"6  The diagram shows the only three forces acting on an object. 
 
",49.60629,239.7009702,6,The diagram shows the only three forces acting on an object         N     N     N  What is the resultant force on the object? A    N B      N towards the left C      N towards the right D       N towards the right ,0625_m15_qp_12,4,152,"Thediagramshowstheonlythreeforcesactingonanobject.

",0
0625_m15_qp_12_07,"7  A uniform rod rests on a pivot at its centre. The rod is not attached to the pivot. Forces are then 
",49.60651576,431.5483446,7,"A uniform rod rests on a pivot at its centre  The rod is not attached to the pivot  Forces are then applied to the rod in four different ways, as shown  The weight of the rod can be ignored   Which diagram shows the rod in equilibrium?   A      N      NB      N      N C     N      N D      N      N    N      © UCLES          /  /F/M/   [Turn over",0625_m15_qp_12,4,152,"Auniformrodrestsonapivotatitscentre.Therodisnotattachedtothepivot.Forcesarethen
",0
0625_m15_qp_12_08,"8  A  helicopter  takes  off  from  the  ground  and  rises  vertically.  It  then  hovers  at  a  constant  height 
",49.60629,75.2325464,8,A helicopter takes off from the ground and rises vertically  It then hovers at a constant height above the ground   Which sequence of energy changes takes place during the gain in height? A chemical → gravitational potential → kinetic B chemical → kinetic → gravitational potential C gravitational potential → chemical → kinetic D kinetic → chemical → gravitational potential ,0625_m15_qp_12,5,170,"Ahelicoptertakesofffromthegroundandrisesvertically.Itthenhoversataconstantheight
",0
0625_m15_qp_12_09,"9  Four people of equal weight on a beach use different routes to get to the top of a sea wall. 
 
",49.60607003,255.6587688,9,"Four people of equal weight on a beach use different routes to get to the top of a sea wall    beachslipway laddersea wall   Which person produces the greatest average power?  person route time taken  / s  A runs across the beach, then climbs the ladder  B walks across the beach, then climbs the ladder   C runs up the slipway  D walks up the slipway  ",0625_m15_qp_12,5,170,"Fourpeopleofequalweightonabeachusedifferentroutestogettothetopofaseawall.

",0
0625_m15_qp_12_10,"10  A vehicle sinks into soft ground. 
 
 
 
",49.60629,619.8543862,10,A vehicle sinks into soft ground    The vehicle is changed so that it does not sink as far   Which change is made? A a lower centre of mass B a more powerful engine C wheels that are further apart D wider tyres     © UCLES          /  /F/M/  ,0625_m15_qp_12,5,152,"Avehiclesinksintosoftground.



",0
0625_m15_qp_12_11,"11  A manometer is used to measure the pressure of a gas trapped in a cylinder. 
 
",49.60629,87.87531718,11,A manometer is used to measure the pressure of a gas trapped in a cylinder   At which labelled point on the diagram is the pressure greatest?   gascylinder ACD B  ,0625_m15_qp_12,6,180,"Amanometerisusedtomeasurethepressureofagastrappedinacylinder.

",0
0625_m15_qp_12_12,"12  Extremely small pollen grains in water are viewed through a microscope. The grains are seen to 
",49.60679046,329.1036928,12,Extremely small pollen grains in water are viewed through a microscope  The grains are seen to move continually and randomly   What is the reason for this random movement? A The grains are moved by randomly moving water molecules  B The grains are moved by random convection currents in the water  C The grains are moved by random rays of light reflecting off them  D The grains are moved by the random motion of their own atoms  ,0625_m15_qp_12,6,210,"Extremelysmallpollengrainsinwaterareviewedthroughamicroscope.Thegrainsareseento
",0
0625_m15_qp_12_13,"13  A gas is compressed in a sealed cylinder by moving a piston. 
 
",49.60679046,516.3054795,13,A gas is compressed in a sealed cylinder by moving a piston    gasinitial positionpiston gasafter gas has been compressedpiston   Which row in the table states what happens to t he density of the gas and to the pressure of the gas when it is compressed?   density pressure  A decreases decreases  B decreases increases  C increases decreases  D increases increases   © UCLES          /  /F/M/   [Turn over,0625_m15_qp_12,6,210,"Agasiscompressedinasealedcylinderbymovingapiston.

",0
0625_m15_qp_12_14,"14  When steam condenses it becomes liquid water. When liquid water solidifies it becomes ice. 
 
",49.60629,87.87531718,14,"When steam condenses it becomes liquid water  When liquid water solidifies it becomes ice   What happens to the temperature of steam while  it is condensing, and what happens to the temperature of water while it is solidifying?   temperature of steam while it is condensing temperature of water while it is solidifying  A decreases decreases  B decreases stays the same  C stays the same decreases  D stays the same stays the same  ",0625_m15_qp_12,7,220,"Whensteamcondensesitbecomesliquidwater.Whenliquidwatersolidifiesitbecomesice.

",0
0625_m15_qp_12_15,"15  A thermometer has graduations which start at –10 
 
",49.60629,296.7314949,15,A thermometer has graduations which start at –    °C and end at      °C    –             °C   What is the lower fixed point and what is the upper fixed point of the Celsius scale?   lower fixed point /  °C upper fixed point /  °C  A –        B –     C        D     ,0625_m15_qp_12,7,220,"Athermometerhasgraduationswhichstartat–

",0
0625_m15_qp_12_16,"16  What is the name of the process of heat transfer using electromagnetic waves? 
",49.60629,534.133788,16,What is the name of the process of heat transfer using electromagnetic waves? A conduction B convection C evaporation D radiation     © UCLES          /  /F/M/  ,0625_m15_qp_12,7,230,"Whatisthenameoftheprocessofheattransferusingelectromagneticwaves?
",0
0625_m15_qp_12_17,"17  Ice is trapped by a metal gauze at the bottom of a tube containing water. 
 
",49.60629,87.87531718,17,"Ice is trapped by a metal gauze at the bottom of a tube containing water   The water is heated strongly at the top, but the ice only melts very slowly    heatwater boilingmetal gauzeice   Why does the ice melt so slowly? A Heat energy always travels upwards  B Hot water is more dense than cold water  C Metal gauze does not allow heat to pass through  D Water is a poor conductor of heat  ",0625_m15_qp_12,8,230,"Iceistrappedbyametalgauzeatthebottomofatubecontainingwater.

",0
0625_m15_qp_12_18,"18  A transverse wave moves along a rope. 
 
",49.60767312,424.6599845,18,A transverse wave moves along a rope   The diagram shows the position of the rope at one particular time    WX Y Zrope   Which two labelled points are one wavelength apart? A W and X B W and Z C X and Z D Y and Z     © UCLES          /  /F/M/   [Turn over,0625_m15_qp_12,8,310,"Atransversewavemovesalongarope.

",0
0625_m15_qp_12_19,"19  The diagram shows a water wave passing through a gap in a harbour wall. The wavefronts curve 
",49.60629,75.2325464,19,"The diagram shows a water wave passing through a gap in a harbour wall  The wavefronts curve round the wall and reach a small boat in the harbour    boatharbour wallharbou rwavefront gap   What is the name of this curving effect, and how can the gap be changed so that the wavefronts do not reach the boat?   name of effect change to the gap  A diffraction make the gap slightly bigger  B diffraction make the gap slightly smaller  C refraction make the gap slightly bigger  D refraction make the gap slightly smaller  ",0625_m15_qp_12,9,310,"Thediagramshowsawaterwavepassingthroughagapinaharbourwall.Thewavefrontscurve
",0
0625_m15_qp_12_20,"20  Which labelled distance is the focal length of the lens? 
 
",49.60629,462.5594446,20,Which labelled distance is the focal length of the lens?   A CB D      © UCLES          /  /F/M/  ,0625_m15_qp_12,9,320,"Whichlabelleddistanceisthefocallengthofthelens?

",0
0625_m15_qp_12_21,"21  A ray of light is reflected by two parallel plane mirrors X and Y. 
 
",49.60629,87.87531718,21,A ray of light is reflected by two parallel plane mirrors X and Y    mirror X  mirror Y    °  ° eye   Which statement is correct? A The angle of incidence at mirror X is    °  B The angle of incidence at mirror Y is    °  C The angle of reflection at mirror X is     °  D The angle of reflection at mirror Y is  °  ,0625_m15_qp_12,10,320,"ArayoflightisreflectedbytwoparallelplanemirrorsXandY.

",0
0625_m15_qp_12_22,"22  How do infra-red waves differ from ultraviolet waves? 
",49.60842445,368.0224155,22,How do infra-red waves differ from ultraviolet waves? A Infra-red waves are longitudinal  B Infra-red waves have a lower speed in vacuo (in a vacuum)  C Infra-red waves have lower frequencies  D Infra-red waves have smaller wavelengths  ,0625_m15_qp_12,10,330,"Howdoinfra-redwavesdifferfromultravioletwaves?
",0
0625_m15_qp_12_23,"23  What is the approximate range of audible sound frequencies for a human with good hearing? 
",49.60820448,494.562527,23,What is the approximate range of audible sound frequencies for a human with good hearing? A from     Hz to       Hz B from     Hz to          Hz C from      Hz to          Hz D from      Hz to           Hz      © UCLES          /  /F/M/   [Turn over,0625_m15_qp_12,10,340,"Whatistheapproximaterangeofaudiblesoundfrequenciesforahumanwithgoodhearing?
",0
0625_m15_qp_12_24,"24  A pulse of sound is produced at the bottom of a boat. The sound travels through the water and is 
reflected from the sea-bed. The sound reaches the boat again after 1.3 s. The sea-bed is 1000 m 
below the boat. 
",49.60629,100.5177272,24,"A pulse of sound is produced at the bottom of a boat  The sound travels through the water and is reflected from the sea-bed  The sound reaches the boat again after      s  The sea-bed is       m below the boat    sea-bedboat       m   Using this information, what is the speed of sound in the water? A      m  / s B       m  / s C       m  / s D       m  / s ",0625_m15_qp_12,11,340,"Apulseofsoundisproducedatthebottomofaboat.Thesoundtravelsthroughthewaterandis
reflectedfromthesea-bed.Thesoundreachestheboatagainafter.s.Thesea-bedism
belowtheboat.
",0
0625_m15_qp_12_25,"25  Which metal is suitable to use to make a permanent magnet? 
",49.6071028,320.0617446,25,Which metal is suitable to use to make a permanent magnet? A aluminium B brass C iron D steel ,0625_m15_qp_12,11,410,"Whichmetalissuitabletousetomakeapermanentmagnet?
",0
0625_m15_qp_12_26,"26  The diagram shows two magnets and two iron rods placed in a line. 
 
",49.60699282,459.2446269,26,The diagram shows two magnets and two iron rods placed in a line    NSmagnet ironrod NSmagnet J ironrod K   Which magnetic poles are induced at the ends J and K of the iron rods?   pole induced at end J pole induced at end K  A N N  B N S  C S N  D S S       © UCLES          /  /F/M/  ,0625_m15_qp_12,11,410,"Thediagramshowstwomagnetsandtwoironrodsplacedinaline.

",0
0625_m15_qp_12_27,"27  A teacher wishes to show the production of electrostatic charges. 
 
",49.60629,87.87531718,27,"A teacher wishes to show the production of electrostatic charges   She holds a rod and rubs it with a cotton cloth  A copper rod, a glass rod, a plastic rod and a steel rod are available   Which two rods would both be suitable to use? A a copper rod and a glass rod B a glass rod and a plastic rod C a plastic rod and a copper rod D a plastic rod and a steel rod ",0625_m15_qp_12,12,420,"Ateacherwishestoshowtheproductionofelectrostaticcharges.

",0
0625_m15_qp_12_28,"28  A student wishes to determine the resistance of a resistor. She uses an ammeter and a voltmeter 
",49.60629,265.0149977,28,A student wishes to determine the resistance of a resistor  She uses an ammeter and a voltmeter in a circuit  In which circuit are the ammeter and voltmeter connected correctly?   A VA A V AVB C A VD       © UCLES          /  /F/M/   [Turn over,0625_m15_qp_12,12,430,"Astudentwishestodeterminetheresistanceofaresistor.Sheusesanammeterandavoltmeter
",0
0625_m15_qp_12_29,"29  A battery is connected to two crocodile clips and a lamp. 
 
",49.60568834,87.87531718,29,"A battery is connected to two crocodile clips and a lamp   There is a gap between the crocodile clips    crocodile clips  Four cylinders W, X, Y and Z are made of the same metal but have different dimensions  The cylinders are connected in turn, by their ends, between the crocodile clips  The diagrams of the cylinders are all drawn to the same scale    WXYZ   Which cylinder makes the lamp glow most brightly and which cylinder makes the lamp glow least brightly?   most brightly least brightly  A W Y  B W Z  C X Y  D X Z       © UCLES          /  /F/M/  ",0625_m15_qp_12,13,420,"Abatteryisconnectedtotwocrocodileclipsandalamp.

",0
0625_m15_qp_12_30,"30  In which circuit can the lamps be switched on and off independently? 
 
",49.60629,87.87531718,30,In which circuit can the lamps be switched on and off independently?   A B D C  ,0625_m15_qp_12,14,430,"Inwhichcircuitcanthelampsbeswitchedonandoffindependently?

",0
0625_m15_qp_12_31,"31  Two resistors, with resistances R1 and R2, are connected in parallel. 
 
",49.6071216,449.4627172,31,"Two resistors, with resistances R   and R  , are connected in parallel   The resistance R   is greater than the resistance R      R  R    What is the resistance of the parallel combination? A less than either R   or R   B equal to R   C equal to R   D the average of R   and R        © UCLES          /  /F/M/   [Turn over",0625_m15_qp_12,14,430,"Tworesistors,withresistancesRandR,areconnectedinparallel.

",0
0625_m15_qp_12_32,"32  In the circuit shown, the switch is closed for a long time, then opened. 
 
",49.60629,87.87531718,32,"In the circuit shown, the switch is closed for a long time, then opened    V V V voltmeter  voltmeter   voltmeter    resistor capacitor  Immediately after the switch is opened, which of the voltmeters reads zero? A voltmeter   only B voltmeter   only C voltmeter   only D voltmeter  , voltmeter   and voltmeter   ",0625_m15_qp_12,15,430,"Inthecircuitshown,theswitchisclosedforalongtime,thenopened.

",0
0625_m15_qp_12_33,"33  Either a fuse or a circuit-breaker can be used to protect electrical cables from large currents that 
",49.60677912,430.6975578,33,"Either a fuse or a circuit-breaker can be used to protect electrical cables from large currents that could cause overheating    electricalsupplyXY appliance cable cableliveneutral   When a fuse is used, where should it be connected, and when a circuit-breaker is used, where should it be connected?   position of fuse position of circuit-breaker  A X X  B X Y  C Y X  D Y Y       © UCLES          /  /F/M/  ",0625_m15_qp_12,15,440,"Eitherafuseoracircuit-breakercanbeusedtoprotectelectricalcablesfromlargecurrentsthat
",0
0625_m15_qp_12_34,"34  Which device uses slip rings? 
",49.60629,75.2325464,34,Which device uses slip rings? A a d c  electric motor B a relay C a transformer D an a c  generator ,0625_m15_qp_12,16,450,"Whichdeviceusessliprings?
",0
0625_m15_qp_12_35,"35  The diagram shows a coil of wire connected to a voltmeter. 
 
",49.60618002,214.4144388,35,The diagram shows a coil of wire connected to a voltmeter    Vcoil of wire   A student has a magnet and an unmagnetised iron rod  How can an e m f  be induced across the coil? A holding the magnet inside the coil B holding the iron rod inside the coil C pushing the magnet into the coil D pushing the iron rod into the coil ,0625_m15_qp_12,16,450,"Thediagramshowsacoilofwireconnectedtoavoltmeter.

",0
0625_m15_qp_12_36,"36  A step-down transformer is used to light a 12 V lamp from a 240 V mains supply. The lamp lights 
",49.60658048,499.8914286,36,A step-down transformer is used to light a     V lamp from a      V mains supply  The lamp lights at normal brightness  The primary coil has     turns         V     V lampprimary coil    turns secondary coil   How many turns are in the secondary coil? A    B    C    D         © UCLES          /  /F/M/  ,0625_m15_qp_12,16,450,"Astep-downtransformerisusedtolightaVlampfromaVmainssupply.Thelamplights
",0
0625_m15_qp_12_37,"37  What happens in the process of thermionic emission? 
",49.60629,75.2325464,37,What happens in the process of thermionic emission? A Complete molecules are emitted from the surface of a hot liquid  B Single atoms are emitted from the surface of a hot liquid  C Electrons are emitted from the surface of a hot metal  D Protons are emitted from the surface of a hot metal  ,0625_m15_qp_12,17,230,"Whathappensintheprocessofthermionicemission?
",0
0625_m15_qp_12_38,"38  Which  row  shows  the  relative  ionising  effects  and  penetrating  abilities  of  α-particles  and  
",49.60618002,202.5085608,38,Which row shows the relative ionising effects and penetrating abilities of α-particles and  β-particles?   ionising effect penetrating ability  A α greater than β α greater than β  B α greater than β α less than β  C α less than β α greater than β  D α less than β α less than β  ,0625_m15_qp_12,17,520,"Whichrowshowstherelativeionisingeffectsandpenetratingabilitiesofα-particlesand
",0
0625_m15_qp_12_39,"39  A radioactive substance has a half-life of 2 weeks. At the beginning of an investigation, a sample 
",49.60629,372.0205638,39,"A radioactive substance has a half-life of   weeks  At the beginning of an investigation, a sample of the substance emits      β-particles per minute   How many β-particles will it emit per minute after   weeks? A   B     C     D      ",0625_m15_qp_12,17,520,"Aradioactivesubstancehasahalf-lifeofweeks.Atthebeginningofaninvestigation,asample
",0
0625_m15_qp_12_40,"40  A nuclide has the symbol  C14
 
",49.60658352,492.2084712,40,"A nuclide has the symbol  C      How many protons are there in one nucleus of this nuclide? A   B   C    D         © UCLES          /  /F/M/    BLANK PAGE    © UCLES          /  /F/M/    BLANK PAGE     Permission to reproduce items where third-par ty owned material protected by copyright is included has been sought and cleared w here possible  Every reasonable effort has been made by the publisher (UCLES) to t race copyright holders, but if any items requiring clearance have unwittingly been included, the publisher will be pleased to make amends at the earliest possible opportunity   To avoid the issue of disclosure of answer-related information to candidates, all copyright acknowledgements are reproduced onl ine in the Cambridge International Examinations Copyright Acknowledgements Booklet  This is  produced for each series of examinations and is freely a vailable to download at www cie org uk after the live examination series   Cambridge International Examinations is part of the Cambridge A ssessment Group  Cambridge Assessment is the brand name of Unive rsity of Cambridge Local Examinations Syndicate (UCLES), which is itself a department of the University of Cambridge    © UCLES          /  /F/M/    BLANK PAGE ",0625_m15_qp_12,17,510,"AnuclidehasthesymbolC

",0
0625_m16_qp_22_01,"1  The diameter of a copper wire is thought to be approximately 0.3 mm. 
 
",49.60629,87.87531718,1,The diameter of a copper wire is thought to be approximately      mm   Which instrument should be used to obtain a more accurate measurement of the diameter of the wire? A measuring tape B metre rule C micrometer D ruler ,0625_m16_qp_22,2,110,"Thediameterofacopperwireisthoughttobeapproximately.mm.

",0
0625_m16_qp_22_02,"2  Which is a unit of acceleration? 
",49.6073309,239.7002004,2,Which is a unit of acceleration? A g  / cm  B m  / s C m  / s  D N  / m ,0625_m16_qp_22,2,120,"Whichisaunitofacceleration?
",0
0625_m16_qp_22_03,"3  An  object  is  released  from  rest  and  falls  to  Earth.  During  its  fall,  the  object  is  affected  by  air 
",49.60674408,301.2962588,3,"An object is released from rest and falls to Earth  During its fall, the object is affected by air resistance  The air resistance eventua lly reaches a constant value   Which description about successive stages of the motion of the object is correct? A constant acceleration, then constant deceleration B constant deceleration, then zero acceleration C decreasing acceleration, then constant deceleration D decreasing acceleration, then zero acceleration ",0625_m16_qp_22,2,120,"AnobjectisreleasedfromrestandfallstoEarth.Duringitsfall,theobjectisaffectedbyair
",0
0625_m16_qp_22_04,"4  A concrete post is carried up a very high mountain. At the top of the mountain, the gravitational 
",49.60674408,465.7931684,4,"A concrete post is carried up a very high mountain  At the top of the mountain, the gravitational field is slightly weaker than at the bottom   What is the effect of this weaker field on the mass and on the weight of the post at the top of the mountain?   mass weight  A is less is less  B is less is unchanged  C is unchanged is less  D is unchanged is unchanged      © UCLES          /  /F/M/   [Turn over",0625_m16_qp_22,2,130,"Aconcretepostiscarriedupaveryhighmountain.Atthetopofthemountain,thegravitational
",0
0625_m16_qp_22_05,"5  The diagram shows a cuboid block made from a metal of density 2.5 g / cm3. 
 
",49.60629,87.87531718,5,The diagram shows a cuboid block made from a metal of density      g / cm          cm     cm   cm   What is the mass of the block? A      g B     g C     g D      g ,0625_m16_qp_22,3,220,"Thediagramshowsacuboidblockmadefromametalofdensity.g/cm.

",0
0625_m16_qp_22_06,"6  The  diagram  shows  an  object  moving  at  a  constant  speed  in  a  circular  path  in  the  direction 
",49.60698352,283.7498588,6,"The diagram shows an object moving at a constant speed in a circular path in the direction shown   A force acts on the object to keep it in the circular path   In which labelled direction does this force act, when the object is in the position shown?   ACDBobject path ofobject      © UCLES          /  /F/M/  ",0625_m16_qp_22,3,151,"Thediagramshowsanobjectmovingataconstantspeedinacircularpathinthedirection
",0
0625_m16_qp_22_07,"7  A spring obeys Hooke’s law. 
 
",49.60629,87.87531718,7,A spring obeys Hooke’s law   Which graph is obtained by plotting the exten sion of the spring against the load applied?   extension  loadB extension  loadC extension  loadDextension  loadA  ,0625_m16_qp_22,4,151,"AspringobeysHooke’slaw.

",0
0625_m16_qp_22_08,"8  Which is the value of a vector quantity? 
",49.60782022,447.1098828,8,"Which is the value of a vector quantity? A      V B      kg  / m  C     m  / s, east D     J / (kg  °C) ",0625_m16_qp_22,4,220,"Whichisthevalueofavectorquantity?
",0
0625_m16_qp_22_09,"9  The table gives four energy sources and states whether the energy of the source is derived from 
",49.60663574,574.4706364,9,The table gives four energy sources and states whether the energy of the source is derived from the Sun   Which row is correct?   source of energy derived from the Sun  A geothermal yes  B oil no  C water held behind a dam yes  D wind no      © UCLES          /  /F/M/   [Turn over,0625_m16_qp_22,4,170,"Thetablegivesfourenergysourcesandstateswhethertheenergyofthesourceisderivedfrom
",0
0625_m16_qp_22_10,"10  A weight-lifter raises a 2000 N weight through a vertical height of 2.0 m in 0.80 s. 
 
",49.60629,87.87531718,10,A weight-lifter raises a       N weight through a vertical height of      m in       s   What useful power does he develop in doing this? A      W B       W C       W D       W ,0625_m16_qp_22,5,170,"Aweight-lifterraisesaNweightthroughaverticalheightof.min.s.

",0
0625_m16_qp_22_11,"11  A wind turbine generates 54 kW of useful power from an input of 180 kW of wind power. 
 
",49.6072643,174.7572272,11,A wind turbine generates     kW of useful power from an input of      kW of wind power   Which calculation gives the percentage efficiency of the turbine? A                     × % B                     × % C                    × % D                    × % ,0625_m16_qp_22,5,170,"AwindturbinegenerateskWofusefulpowerfromaninputofkWofwindpower.

",0
0625_m16_qp_22_12,"12  A force acts on an area to produce a pressure. 
 
",49.60617118,392.0045436,12,A force acts on an area to produce a pressure   Which changes produce the same pressure? A double the area and double the force B double the area and halve the force C double the area and make the force four times bigger D halve the area and double the force     © UCLES          /  /F/M/  ,0625_m16_qp_22,5,180,"Aforceactsonanareatoproduceapressure.

",0
0625_m16_qp_22_13,"13  Identical toy bricks are placed one on top of another to make a tower on a table. 
 
",49.60629,87.87531718,13,Identical toy bricks are placed one on top of another to make a tower on a table    bricks tower of bricks table   Which graph shows the relationship between the pressure P that the tower exerts on the table and the weight W of the tower?   APW  BPW  CPW  DPW    ,0625_m16_qp_22,6,180,"Identicaltoybricksareplacedoneontopofanothertomakeatoweronatable.

",0
0625_m16_qp_22_14,"14  Gases can be compressed, but liquids cannot. 
 
",49.60782602,401.0469678,14,"Gases can be compressed, but liquids cannot   Which statement explains this difference? A Each molecule in a gas is more compressible than each molecule in a liquid  B Molecules in a gas are further apart than molecules in a liquid  C Molecules in a gas attract each other more strongly than molecules in a liquid  D Molecules in a gas move more slowly than molecules in a liquid      © UCLES          /  /F/M/   [Turn over",0625_m16_qp_22,6,210,"Gasescanbecompressed,butliquidscannot.

",0
0625_m16_qp_22_15,"15  The diagram shows a quantity of gas trapped in a cylinder. The piston is pushed in slowly and the 
",49.60629,75.2325464,15,The diagram shows a quantity of gas trapped in a cylinder  The piston is pushed in slowly and the gas is compressed  The temperature of the gas does not change    gaspistonpiston pushed in   Which graph shows the relationship between the pressure and the volume of the gas?   Apressure volume  Bpressure volume   Cpressure volume  Dpressure volume    ,0625_m16_qp_22,7,210,"Thediagramshowsaquantityofgastrappedinacylinder.Thepistonispushedinslowlyandthe
",0
0625_m16_qp_22_16,"16  Which quantity gives the thermal capacity of a solid object? 
",49.60785456,571.4090728,16,Which quantity gives the thermal capacity of a solid object? A the energy lost by radiation from the object in      s B the energy needed to melt the object C the energy needed to raise the temperature of the object by      °C D the total amount of thermal energy in the object     © UCLES          /  /F/M/  ,0625_m16_qp_22,7,220,"Whichquantitygivesthethermalcapacityofasolidobject?
",0
0625_m16_qp_22_17,"17  To mark a temperature scale on a thermometer, standard temperatures known as fixed points are 
",49.60629,75.2325464,17,"To mark a temperature scale on a thermometer, standard temperatures known as fixed points are needed   Which of these is a fixed point on the Celsius scale? A room temperature B the temperature inside a freezer C the temperature of pure melting ice D the temperature of pure warm water ",0625_m16_qp_22,8,220,"Tomarkatemperaturescaleonathermometer,standardtemperaturesknownasfixedpointsare
",0
0625_m16_qp_22_18,"18  In an experiment, a liquid is heated at a constant rate. 
 
",49.60629,252.371457,18,"In an experiment, a liquid is heated at a constant rate   The temperature of the liquid increases and eventually becomes constant   Which statement about the experiment is correct? A Boiling occurs at all temperatures but only on the liquid surface  B Boiling occurs throughout the liquid but only at the constant temperature  C Evaporation occurs throughout the liquid and at all temperatures  D Evaporation occurs only at the constant temperature and only on the liquid surface  ",0625_m16_qp_22,8,220,"Inanexperiment,aliquidisheatedataconstantrate.

",0
0625_m16_qp_22_19,"19  One end of a copper rod is heated. 
 
",49.60629,429.5113574,19,One end of a copper rod is heated   What is one method by which thermal energy is transferred in the copper rod? A Free electrons transfer energy from the cooler end to the hotter end  B Free electrons transfer energy from the hotter end to the cooler end  C Molecules of copper move from the cooler end to the hotter end  D Molecules of copper move from the hotter end to the cooler end      © UCLES          /  /F/M/   [Turn over,0625_m16_qp_22,8,230,"Oneendofacopperrodisheated.

",0
0625_m16_qp_22_20,"20  Two plastic cups are placed one inside the other. A small spacer keeps the two cups separated. 
 
 
 
",49.60629,113.1608588,20,"Two plastic cups are placed one inside the other  A small spacer keeps the two cups separated    Hot water is poured into the inner cup and a lid is put on top, as shown    lid small spacer small air gap hot water bench   Which statement is correct? A The bench is heated by convection from the bottom of the outer cup  B The lid reduces the energy lost by convection  C There is no thermal conduction through the sides of either cup  D Thermal radiation is prevented by the small air gap  ",0625_m16_qp_22,9,230,"Twoplasticcupsareplacedoneinsidetheother.Asmallspacerkeepsthetwocupsseparated.



",0
0625_m16_qp_22_21,"21  Which is a unit of wavelength? 
",49.60775456,450.0015337,21,Which is a unit of wavelength? A hertz B metre C metre per second D second     © UCLES          /  /F/M/  ,0625_m16_qp_22,9,310,"Whichisaunitofwavelength?
",0
0625_m16_qp_22_22,"22  Which diagram correctly shows a ray of light reflected by a plane mirror? 
 
B
",49.60629,97.4852,22,Which diagram correctly shows a ray of light reflected by a plane mirror?     °ray oflight  °A   °ray oflight  °B   °  °ray oflightCray oflight  °  ° D       © UCLES          /  /F/M/   [Turn over,0625_m16_qp_22,10,320,"Whichdiagramcorrectlyshowsarayoflightreflectedbyaplanemirror?

B
",0
0625_m16_qp_22_23,"23  Which diagram shows how a converging lens is used as a magnifying glass? 
 
",49.60629,87.87531718,23,Which diagram shows how a converging lens is used as a magnifying glass?   lensF A BF objectimage lensF CF objectimage D lensF FobjectimagelensF Fimageobject       © UCLES          /  /F/M/  ,0625_m16_qp_22,11,320,"Whichdiagramshowshowaconverginglensisusedasamagnifyingglass?

",0
0625_m16_qp_22_24,"24  A sound wave travels from a point X to a point Y. 
 
",49.60629,87.87531718,24,"A sound wave travels from a point X to a point Y    X Y  Which diagram represents the movement of the air molecules, due to the sound wave, in the region between X and Y?   DCB A  ",0625_m16_qp_22,12,340,"AsoundwavetravelsfromapointXtoapointY.

",0
0625_m16_qp_22_25,"25  The speed of sound in air is 340 m / s. 
 
",49.60670928,257.0469172,25,The speed of sound in air is      m  / s   Which row gives typical values for the speed of sound in a liquid and in a solid?   speed of sound in a liquid  / (m  / s) speed of sound in a solid  / (m  / s)  A              B             C             D            ,0625_m16_qp_22,12,340,"Thespeedofsoundinairism/s.

",0
0625_m16_qp_22_26,"26  In which pair are both materials magnetic? 
",49.60629,439.796788,26,In which pair are both materials magnetic? A aluminium and copper B copper and iron C iron and steel D steel and aluminium ,0625_m16_qp_22,12,410,"Inwhichpairarebothmaterialsmagnetic?
",0
0625_m16_qp_22_27,"27  Which methods could be used to demagnetise a magnet? 
 
",49.60618002,579.0083761,27,"Which methods could be used to demagnetise a magnet?  method  : place it in an east-west direction and hammer it method  : place it in an east-west direction and heat it until it is red hot method  : pull it slowly from a coil that is carrying an alternating current method  : put it slowly into a coil that is carrying a direct current  A methods  ,   and   B methods  ,   and   C methods   and   only D methods   and   only      © UCLES          /  /F/M/   [Turn over",0625_m16_qp_22,12,410,"Whichmethodscouldbeusedtodemagnetiseamagnet?

",0
0625_m16_qp_22_28,"28  Which produces an electromotive force (e.m.f.)? 
",49.60629,75.2325464,28,Which produces an electromotive force (e m f )? A a battery B a filament lamp C a resistor D a spring balance ,0625_m16_qp_22,13,420,"Whichproducesanelectromotiveforce(e.m.f.)?
",0
0625_m16_qp_22_29,"29  The table describes four different resistance wires. They are all made from the same metal. 
 
",49.60618002,214.4144388,29,The table describes four different resistance wires  They are all made from the same metal   Which wire has the smallest resistance?   length of  wire  / m diameter of  wire  / mm  A          B        C          D        ,0625_m16_qp_22,13,420,"Thetabledescribesfourdifferentresistancewires.Theyareallmadefromthesamemetal.

",0
0625_m16_qp_22_30,"30  Which circuit shows the directions of the conventional current I and the flow of electrons? 
 
",49.60629,410.5435374,30,Which circuit shows the directions of the conventional current I and the flow of electrons?   electrons IAelectrons IB electrons ICelectrons ID       © UCLES          /  /F/M/  ,0625_m16_qp_22,13,430,"WhichcircuitshowsthedirectionsoftheconventionalcurrentIandtheflowofelectrons?

",0
0625_m16_qp_22_31,"31  Four lamps are each labelled 240 V. 
 
",49.60629,87.87531718,31,Four lamps are each labelled      V   In which circuit do all four lamps have normal brightness?        VA     VB      VC     VD  ,0625_m16_qp_22,14,430,"FourlampsareeachlabelledV.

",0
0625_m16_qp_22_32,"32  A  battery  charger  plugs  into  a  230 V a.c.  supply.  The  charger  is  used  to  charge  a  6.0 V d.c. 
",49.60775592,418.1114828,32,A battery charger plugs into a      V a c  supply  The charger is used to charge a      V d c  battery   The charger contains diodes and a transformer   What is the purpose of these components?   diodes transformer  A rectify the a c  steps down the voltage  B rectify the a c  steps up the voltage  C step down the voltage rectifies the a c   D step up the voltage rectifies the a c        © UCLES          /  /F/M/   [Turn over,0625_m16_qp_22,14,430,"AbatterychargerplugsintoaVa.c.supply.Thechargerisusedtochargea.Vd.c.
",0
0625_m16_qp_22_33,"33  The diagram shows a potential divider connected to two voltmeters P and Q. 
 
",49.60629,87.87531718,33,The diagram shows a potential divider connected to two voltmeters P and Q    V voltmeter QVvoltmeter P   The resistance of the variable resistor is decreased   Which row shows what happens to the reading on each voltmeter?   reading on voltmeter P reading on voltmeter Q  A decreases decreases  B decreases increases  C increases decreases  D increases increases  ,0625_m16_qp_22,15,430,"ThediagramshowsapotentialdividerconnectedtotwovoltmetersPandQ.

",0
0625_m16_qp_22_34,"34  After some building work in a house, a bare (uninsulated) live wire is left protruding from a wall. 
 
",49.60629,467.2082446,34,"After some building work in a house, a bare (uninsulated) live wire is left protruding from a wall   What is the greatest hazard? A a fire B a fuse blows C an electric shock D no current flows      © UCLES          /  /F/M/  ",0625_m16_qp_22,15,440,"Aftersomebuildingworkinahouse,abare(uninsulated)livewireisleftprotrudingfromawall.

",0
0625_m16_qp_22_35,"35  An electron moves into a uniform magnetic field. 
 
",49.60629,87.87531718,35,An electron moves into a uniform magnetic field   The arrow shows the initial direction of motion of the electron   The direction of the magnetic field is into the plane of the page (away from you)    uniformmagnetic fieldelectron   In which direction does a force act on the electron when it enters the magnetic field? A into the page B out of the page C towards the bottom of the page D towards the top of the page ,0625_m16_qp_22,16,450,"Anelectronmovesintoauniformmagneticfield.

",0
0625_m16_qp_22_36,"36  The diagram shows an a.c. generator. 
 
",49.6067176,429.9610245,36,"The diagram shows an a c  generator    NScoil output voltagerotationof coil   As the coil passes through the position shown, the output voltage is +    V   When does the output voltage become –    V? A when the coil has turned through    ° B when the coil has turned through     ° C when the coil has turned through     ° D when the coil has turned through     °     © UCLES          /  /F/M/  ",0625_m16_qp_22,16,450,"Thediagramshowsana.c.generator.

",0
0625_m16_qp_22_37,"37  The scattering of α-particles by a thin metal foil supports the nuclear model of an atom. 
 
",49.60629,88.69688488,37,The scattering of α-particles by a thin metal foil supports the nuclear model of an atom   Why are α-particles used rather than neutrons? A because they always travel more slowly B because they are heavier C because they are larger in diameter D because they have a positive charge ,0625_m16_qp_22,17,510,"Thescatteringofα-particlesbyathinmetalfoilsupportsthenuclearmodelofanatom.

",0
0625_m16_qp_22_38,"38  A nucleus of a radioactive substance 
",49.60727986,231.3927661,38,A nucleus of a radioactive substance  Po      undergoes an α-decay followed by a β-decay   What are the nucleon (mass) number and proton (atomic) number of the nuclide formed after both decays have happened?   nucleon number proton number  A       B       C       D       ,0625_m16_qp_22,17,510,"Anucleusofaradioactivesubstance
",0
0625_m16_qp_22_39,"39  A scientist carries out an experiment using a sealed source which emits β-particles. The range of 
",49.60629,429.7054766,39,A scientist carries out an experiment using a sealed source which emits β-particles  The range of the β-particles in the air is about     cm   Which precaution is the most effective to protect the scientist from the radiation? A handling the source with long tongs B keeping the temperature of the source low C opening all windows in the laboratory D washing his hands before leaving the laboratory ,0625_m16_qp_22,17,520,"Ascientistcarriesoutanexperimentusingasealedsourcewhichemitsβ-particles.Therangeof
",0
0625_m16_qp_22_40,"40  Which row describes the nature of α-particles and of γ-rays? 
 
",49.60732022,608.5715244,40,"Which row describes the nature of α-particles and of γ-rays?   α-particles γ-rays  A helium nuclei electromagnetic radiation  B helium nuclei electrons  C protons electromagnetic radiation  D protons electrons       © UCLES          /  /F/M/    BLANK PAGE       © UCLES          /  /F/M/    BLANK PAGE        Permission to reproduce items where third-par ty owned material protected by copyright is included has been sought and cleared w here possible  Every reasonable effort has been made by the publisher (UCLES) to t race copyright holders, but if any items requiring clearance have unwittingly been included, the publisher will be pleased to make amends at the earliest possible opportunity   To avoid the issue of disclosure of answer-related information to candidates, all copyright acknowledgements are reproduced onl ine in the Cambridge International Examinations Copyright Acknowledgements Booklet  This is  produced for each series of examinations and is freely a vailable to download at www cie org uk after the live examination series   Cambridge International Examinations is part of the Cambridge Asse ssment Group  Cambridge Assessment is the brand name of Unive rsity of Cambridge Local Examinations Syndicate (UCLES), which is itself a department of the University of Cambridge    © UCLES          /  /F/M/    BLANK PAGE     ",0625_m16_qp_22,17,520,"Whichrowdescribesthenatureofα-particlesandofγ-rays?

",0
0625_m17_qp_22_01,"1  The diagram shows the height of a stack of identical coins. 
 
",49.60629,87.87531718,1,The diagram shows the height of a stack of identical coins          cm stack ofcoins   What is the thickness of one coin? A       mm B      mm C       cm D      cm ,0625_m17_qp_22,2,110,"Thediagramshowstheheightofastackofidenticalcoins.

",0
0625_m17_qp_22_02,"2  Four balls with different masses are dropped from the heights shown. 
 
",49.60753808,302.4021154,2,Four balls with different masses are dropped from the heights shown         kgP      m     kgQ      m     kgR      m     kgS      mground   Air resistance may be ignored   Which statement about the balls is correct? A Ball P has the greatest acceleration  B Balls Q and R take the same time to fall to the ground  C The acceleration of ball R is half the acceleration of ball P  D Ball S has the greatest average speed      © UCLES          /  /F/M/   [Turn over,0625_m17_qp_22,2,120,"Fourballswithdifferentmassesaredroppedfromtheheightsshown.

",0
0625_m17_qp_22_03,"3  An object is travelling in a straight line. The diagram is the speed-time graph for the object. 
 
",49.60629,87.87531718,3,An object is travelling in a straight line  The diagram is the speed-time graph for the object   At which labelled point is the object accelerating at a changing rate?   B   speedm / s time  / sACD  ,0625_m17_qp_22,3,120,"Anobjectistravellinginastraightline.Thediagramisthespeed-timegraphfortheobject.

",0
0625_m17_qp_22_04,"4  Which statement about the masses and weights of objects on the Earth is correct? 
",49.6067248,309.1192829,4,"Which statement about the masses and weights of objects on the Earth is correct? A A balance can only be used to compare weights, not masses  B Heavy objects always have more mass than light ones  C Large objects always have more mass than small ones  D Mass is a force but weight is not  ",0625_m17_qp_22,3,152,"WhichstatementaboutthemassesandweightsofobjectsontheEarthiscorrect?
",0
0625_m17_qp_22_05,"5  An object in a space probe above the Earth weighs 3.5 N. The gravitational field strength at the 
",49.6067248,435.6593944,5,An object in a space probe above the Earth weighs      N  The gravitational field strength at the height of the space probe is      N  / kg   The gravitational field strength on the Earth’s surface is     N  / kg   What are the mass and the weight of the object on the Earth’s surface?   mass  / kg weight  / N  A         B           C        D             © UCLES          /  /F/M/  ,0625_m17_qp_22,3,130,"AnobjectinaspaceprobeabovetheEarthweighs.N.Thegravitationalfieldstrengthatthe
",0
0625_m17_qp_22_06,"6  A  skydiver  jumps  from  a  stationary  helicopter  and  reaches  a  steady  vertical  speed.  She  then 
",49.60629,75.2325464,6,"A skydiver jumps from a stationary helicopter and reaches a steady vertical speed  She then opens her parachute   Which statement about the falling skydiver is correct? A As her parachute opens, her acceleration is upwards  B As she falls at a steady speed with her parachute open, her weight is zero  C When she accelerates, the resultant force on her is zero  D When she falls at a steady speed, air resistance is zero  ",0625_m17_qp_22,4,120,"Askydiverjumpsfromastationaryhelicopterandreachesasteadyverticalspeed.Shethen
",0
0625_m17_qp_22_07,"7  A car moves in a circular path as it turns a corner on a horizontal road. 
 
",49.60607003,252.371457,7,A car moves in a circular path as it turns a corner on a horizontal road   The car moves at constant speed    path of ca rcardirectionof travel   Which description of the forces acting on the car is correct? A All the forces are balanced as the car is moving at constant speed  B The forces are unbalanced and the resultant force acts away from the centre of the circle  C The forces are unbalanced and the resultant force acts towards the centre of the circle  D The forces are unbalanced and the resultant force is in the direction of travel of the car  ,0625_m17_qp_22,4,151,"Acarmovesinacircularpathasitturnsacorneronahorizontalroad.

",0
0625_m17_qp_22_08,"8  A moving body undergoes a change of momentum. 
 
",49.60674336,592.1591945,8,A moving body undergoes a change of momentum   What is a unit for change of momentum? A N  m B N  / m C N  s D N  / s     © UCLES          /  /F/M/   [Turn over,0625_m17_qp_22,4,170,"Amovingbodyundergoesachangeofmomentum.

",0
0625_m17_qp_22_09,"9  A man can either take an escalator or a lift to travel up between two floors in a hotel. 
 
",49.60629,87.87531718,9,"A man can either take an escalator or a lift to travel up between two floors in a hotel    escalator lift  The escalator takes    seconds to carry the man between the two floors  The useful work done against gravity is W  The useful power developed is P   The lift takes    seconds to carry the same man between the same two floors   How much useful work against gravity is done by the lift, and how much useful power is developed by the lift?   useful work done against gravity by lift useful power developed by lift  A more than W less than P  B more than W P  C W less than P  D W P  ",0625_m17_qp_22,5,170,"Amancaneithertakeanescalatororalifttotravelupbetweentwofloorsinahotel.

",0
0625_m17_qp_22_10,"10  A 40 W lamp wastes 34 J of energy every second by heating its surroundings. 
 
",49.60629,615.9414172,10,A     W lamp wastes     J of energy every second by heating its surroundings   What is the efficiency of the lamp? A     % B   % C   % D   % ,0625_m17_qp_22,5,170,"AWlampwastesJofenergyeverysecondbyheatingitssurroundings.

",0
0625_m17_qp_22_11,"11  A column of liquid has height h, mass m and density ρ. The gravitational field strength is g. 
 
",49.60666102,703.6748841,11,"A column of liquid has height h, mass m and density ρ  The gravitational field strength is g   Which expression gives the pressure due to the column of liquid? A hρ B mρ C mgh D ρ  gh     © UCLES          /  /F/M/  ",0625_m17_qp_22,5,180,"Acolumnofliquidhasheighth,massmanddensityρ.Thegravitationalfieldstrengthisg.

",0
0625_m17_qp_22_12,"12  The  diagrams  show  two  mercury  barometers.  The  right-hand  diagram  shows  a  tube  of  larger 
",49.60629,75.2325464,12,The diagrams show two mercury barometers  The right-hand diagram shows a tube of larger diameter  There is a vacuum above the mercury in both tubes   Which labelled position on the right-hand tube shows the mercury level in the right-hand tube?   mercury glasstubesA  B  C  D   ,0625_m17_qp_22,6,180,"Thediagramsshowtwomercurybarometers.Theright-handdiagramshowsatubeoflarger
",0
0625_m17_qp_22_13,"13  Very small pollen grains are suspended in water. A bright light shines from the side. 
 
",49.60659626,341.4059578,13,"Very small pollen grains are suspended in water  A bright light shines from the side   When looked at through a microscope, small specks of light are seen to be moving in a random, jerky manner    bright light pollen grainsin watermicroscopeeye   What are the moving specks of light? A pollen grains being hit by other pollen grains B pollen grains being hit by water molecules C water molecules being hit by other water molecules D water molecules being hit by pollen grains     © UCLES          /  /F/M/   [Turn over",0625_m17_qp_22,6,210,"Verysmallpollengrainsaresuspendedinwater.Abrightlightshinesfromtheside.

",0
0625_m17_qp_22_14,"14  At –39 
 
",49.60629,88.69688488,14,"At –    °C, liquid mercury solidifies without a change of temperature   Which row shows whether the mercury absorbs or releases energy and what happens to the bonds between the mercury atoms?   energy bonds between atoms  A absorbed stronger  B absorbed weaker  C released stronger  D released weaker  ",0625_m17_qp_22,7,220,"At–

",0
0625_m17_qp_22_15,"15  A  model  thermometer  consists  of  a  flask  of  coloured  water  and  a  stopper  with  a  glass  tube 
",49.60629,284.089688,15,"A model thermometer consists of a flask of coloured water and a stopper with a glass tube passing through it, as shown    glass tube stopper coloured wate rflasktemperature scale   The model thermometer can be changed in one of two ways   ● The flask can be replaced with a larger one full of coloured water  ● The glass tube can be replaced with one with a larger internal diameter   Which statement is correct? A Only using a larger flask increases the sensitivity  B Only using a wider tube increases the sensitivity  C Using a larger flask increases the sensitivity and using a wider tube increases the sensitivity  D Neither using a larger flask nor using a wider tube increases the sensitivity      © UCLES          /  /F/M/  ",0625_m17_qp_22,7,220,"Amodelthermometerconsistsofaflaskofcolouredwaterandastopperwithaglasstube
",0
0625_m17_qp_22_16,"16  A metal has a specific heat capacity of 360 J / (kg 
",49.60629,75.9695364,16,A metal has a specific heat capacity of      J / (kg  °C)  An object made of this metal has a mass of      kg   What is the thermal capacity (heat capacity) of the object? A      J / °C B      J / kg C      J / °C D      J / kg ,0625_m17_qp_22,8,220,"AmetalhasaspecificheatcapacityofJ/(kg
",0
0625_m17_qp_22_17,"17  In which type of substance are free electrons involved in the transfer of thermal energy? 
",49.60738006,176.4298123,17,In which type of substance are free electrons involved in the transfer of thermal energy? A all liquids B all solids C metals only D plastics only ,0625_m17_qp_22,8,230,"Inwhichtypeofsubstancearefreeelectronsinvolvedinthetransferofthermalenergy?
",0
0625_m17_qp_22_18,"18  Four  objects,  made  of  the  same  material  and  having  the  same  mass,  are  at  the  same 
",49.6071601,302.9689339,18,"Four objects, made of the same material and having the same mass, are at the same temperature  The objects have different surfaces and different surface areas   Which object emits infra-red radiation at the greatest rate?   surface surface area  A dull large  B dull small  C shiny large  D shiny small  ",0625_m17_qp_22,8,230,"Fourobjects,madeofthesamematerialandhavingthesamemass,areatthesame
",0
0625_m17_qp_22_19,"19  A  person  uses  a  surfboard  to  ride  every  30th  wave  crest  towards  the  beach.  The  wave  crest 
",49.60629,496.8583638,19,A person uses a surfboard to ride every   th wave crest towards the beach  The wave crest travels at a speed of      m  / s and the distance between each wave crest is     m   How many wave crests does the person surf in one hour? A   B   C   D         © UCLES          /  /F/M/   [Turn over,0625_m17_qp_22,8,340,"Apersonusesasurfboardtorideeverythwavecresttowardsthebeach.Thewavecrest
",0
0625_m17_qp_22_20,"20  In a shallow tank, a water wave moves towards a barrier with a narrow gap. 
 
",49.60629,87.87531718,20,"In a shallow tank, a water wave moves towards a barrier with a narrow gap    barrier waterwave   Which diagram shows the wave beyond the barrier?   AB CD  ",0625_m17_qp_22,9,310,"Inashallowtank,awaterwavemovestowardsabarrierwithanarrowgap.

",0
0625_m17_qp_22_21,"21  Light passes along an optical fibre. 
 
",49.60679904,624.4171436,21,Light passes along an optical fibre   What happens to the light within the fibre? A diffraction B dispersion C refraction D total internal reflection     © UCLES          /  /F/M/  ,0625_m17_qp_22,9,320,"Lightpassesalonganopticalfibre.

",0
0625_m17_qp_22_22,"22  The  points  labelled  F  are  the  principal  foci  of  a  lens.  A  beam  of  parallel  light  is  incident  on  the 
",49.60629,75.2325464,22,The points labelled F are the principal foci of a lens  A beam of parallel light is incident on the lens   Which diagram shows the path of the light after it passes through the lens?   A FF B FF C FF D FF  ,0625_m17_qp_22,10,320,"ThepointslabelledFaretheprincipalfociofalens.Abeamofparallellightisincidentonthe
",0
0625_m17_qp_22_23,"23  Which statement about sound waves is correct? 
",49.60740954,543.7712729,23,Which statement about sound waves is correct? A They are able to travel through a vacuum  B They are able to travel through solids  C They are transverse waves  D They travel at the same speed in all substances  ,0625_m17_qp_22,10,340,"Whichstatementaboutsoundwavesiscorrect?
",0
0625_m17_qp_22_24,"24  Which statement about ultrasound is correct? 
",49.60729955,670.3103945,24,Which statement about ultrasound is correct? A It is produced by a rapidly vibrating source  B It is uncomfortable to human ears  C Its frequency must be greater than      kHz  D It travels the fastest in a vacuum      © UCLES          /  /F/M/   [Turn over,0625_m17_qp_22,10,340,"Whichstatementaboutultrasoundiscorrect?
",0
0625_m17_qp_22_25,"25  A small compass is placed close to a strong bar magnet, the same distance from each end. 
 
",49.60629,87.87531718,25,"A small compass is placed close to a strong bar magnet, the same distance from each end   Which diagram shows the direction in which the compass needle points?   NA SNB SNC SND S compass compass compass compass  ",0625_m17_qp_22,11,410,"Asmallcompassisplacedclosetoastrongbarmagnet,thesamedistancefromeachend.

",0
0625_m17_qp_22_26,"26  A bar magnet can be demagnetised by hammering it for a long time or by slowly removing it from 
",49.60771882,274.1114828,26,A bar magnet can be demagnetised by hammering it for a long time or by slowly removing it from a coil connected to a power supply   Which row completes the descriptions of how these processes are carried out?   hammering bar magnet for a long time with slowly removing bar magnetfrom a coil connected to  A magnet aligned E-W a d c  power supply  B magnet aligned E-W an a c  power supply  C magnet aligned N-S a d c  power supply  D magnet aligned N-S an a c  power supply  ,0625_m17_qp_22,11,410,"Abarmagnetcanbedemagnetisedbyhammeringitforalongtimeorbyslowlyremovingitfrom
",0
0625_m17_qp_22_27,"27  Which particles move in a metal to cause an electric current? 
",49.60629,482.146398,27,Which particles move in a metal to cause an electric current? A electrons B neutrons C nucleons D protons      © UCLES          /  /F/M/  ,0625_m17_qp_22,11,510,"Whichparticlesmoveinametaltocauseanelectriccurrent?
",0
0625_m17_qp_22_28,"28  The diagrams represent four copper wires. 
 
",49.60629,87.87531718,28,The diagrams represent four copper wires   Which wire has the greatest resistance?       mm   mm    mm    mm    mm   mm    mm    mmA B C D   ,0625_m17_qp_22,12,420,"Thediagramsrepresentfourcopperwires.

",0
0625_m17_qp_22_29,"29  An  air-conditioning  unit,  a  lamp  and  an  electric  fire  all  receive  electrical  energy  from  the  mains 
",49.60696192,284.1176729,29,"An air-conditioning unit, a lamp and an electric fire all receive electrical energy from the mains supply   From which of these devices is all this energy eventually transferred to the surroundings?   air-conditioning unit lamp electric fire   A /a   /a   /a   key  B /a   /a   /a   /a  = all energy transferred to surroundings  C /a   /a   /a   /a  = not all energy transferred to surroundings  D /a   /a   /a     ",0625_m17_qp_22,12,230,"Anair-conditioningunit,alampandanelectricfireallreceiveelectricalenergyfromthemains
",0
0625_m17_qp_22_30,"30  Four circuits are set up. 
 
",49.60629,518.9970688,30,Four circuits are set up   In which circuit does the ammeter show the greatest reading?        Ω     ΩA   VA     Ω     ΩA   VB     Ω     ΩA   VC     Ω     ΩA   VD       © UCLES          /  /F/M/   [Turn over,0625_m17_qp_22,12,430,"Fourcircuitsaresetup.

",0
0625_m17_qp_22_31,"31  The diagram shows an electric circuit. 
 
",49.60629,87.87531718,31,"The diagram shows an electric circuit    V   The light falling on the light-dependent resistor (LDR) increases in brightness   What happens to the resistance of the LDR, the current in the fixed resistor and the reading on the voltmeter?   resistance of LDR current in fixed resistor reading on voltmeter  A decreases increases decreases  B decreases increases increases  C increases decreases decreases  D increases decreases increases  ",0625_m17_qp_22,13,430,"Thediagramshowsanelectriccircuit.

",0
0625_m17_qp_22_32,"32  The diagram shows two linked circuits to control when a bell is switched on. 
 
",49.60629,475.8537588,32,The diagram shows two linked circuits to control when a bell is switched on      The conditions are altered and only one pair of conditions causes the bell to ring   Which pair causes the bell to ring? A bright light and high temperature B bright light and low temperature C dim light and high temperature D dim light and low temperature     © UCLES          /  /F/M/  ,0625_m17_qp_22,13,430,"Thediagramshowstwolinkedcircuitstocontrolwhenabellisswitchedon.

",0
0625_m17_qp_22_33,"33  The truth table for a logic gate is shown. 
 
",49.60629,87.87531718,33,The truth table for a logic gate is shown   input   input   output                             Which type of logic gate is it? A AND B NOR C NOT D OR ,0625_m17_qp_22,14,450,"Thetruthtableforalogicgateisshown.

",0
0625_m17_qp_22_34,"34  In  this  circuit,  a  component  at  X  automatically  protects  the  wiring  from  overheating  if  there  is  a 
",49.60804974,280.1220862,34,"In this circuit, a component at X automatically protects the wiring from overheating if there is a fault    electrical supply X   Which row indicates components that are suitable?   circuit breaker fuse switch   A /a   /a   /a   key  B /a   /a   /a   /a  = suitable  C /a   /a   /a   /a  = not suitable  D /a   /a   /a          © UCLES          /  /F/M/   [Turn over",0625_m17_qp_22,14,440,"Inthiscircuit,acomponentatXautomaticallyprotectsthewiringfromoverheatingifthereisa
",0
0625_m17_qp_22_35,"35  The diagram shows a simple transformer with an input of 240 V and an output of 40 V. 
 
",49.60629,87.87531718,35,The diagram shows a simple transformer with an input of      V and an output of     V   There are     turns on the primary coil    output input     turns      V     Vprimary coil secondary coil   How many turns are there on the secondary coil? A     B     C     D      ,0625_m17_qp_22,15,450,"ThediagramshowsasimpletransformerwithaninputofVandanoutputofV.

",0
0625_m17_qp_22_36,"36  The diagram shows a current-carrying wire. The wire is at 90° to a magnetic field. The direction of 
",49.60763458,296.789168,36,"The diagram shows a current-carrying wire  The wire is at    ° to a magnetic field  The direction of the magnetic field is into the page    wire magnetic fieldinto the page current   A force acts on the wire due to the current and the magnetic field   In which direction does the force act? A into the page B out of the page C towards the bottom of the diagram D towards the top of the diagram        Permission to reproduce items where third-par ty owned material protected by copyright is  included has been sought and cleared w here possible  Every reasonable effort has been made by the publisher (UCLES) to trace copyright holder s, but if any items requiring clearance have unwittingly been included, the publisher will be pleased to make amends at the earliest possible opportunity   To avoid the issue of disclosure of answer-related information to candidates, all copyright acknowledgements are reproduced onl ine in the Cambridge International Examinations Copyright Acknowledgements Booklet  This is produced for each series of examinations and is freely a vailable to download at www cie org uk after the live examination series   Cambridge International Examinations is part of the Cambridge Asse ssment Group  Cambridge Assessment is the brand name of Unive rsity of Cambridge Local Examinations Syndicate (UCLES), which is itself a department of the University of Cambridge    © UCLES          /  /F/M/  ",0625_m17_qp_22,15,450,"Thediagramshowsacurrent-carryingwire.Thewireisat°toamagneticfield.Thedirectionof
",0
0625_m17_qp_22_37,"37  A radioactive substance emits radiation at a rate of 600 emissions per second. Four hours later, it 
",49.60629,75.2325464,37,"A radioactive substance emits radiation at a rate of     emissions per second  Four hours later, it emits radiation at a rate of     emissions per second   What is the half-life of the substance and what is the rate of emission after a further four hours?   half-life  / hours rate of emission after a further four hours /  emissions per second  A      B        C      D        ",0625_m17_qp_22,16,520,"Aradioactivesubstanceemitsradiationatarateofemissionspersecond.Fourhourslater,it
",0
0625_m17_qp_22_38,"38  The nuclide notation for an isotope of silver is 
 
",49.60629,315.4692195,38,The nuclide notation for an isotope of silver is  Ag        How many nucleons are in a nucleus of this isotope? A    B    C     D     ,0625_m17_qp_22,16,510,"Thenuclidenotationforanisotopeofsilveris

",0
0625_m17_qp_22_39,"39  The  equation  represents  an  isotope  of  radium  Ra  decaying  to  an  isotope  of  radon  Rn  with  the 
",49.60877622,389.7099593,39,The equation represents an isotope of radium Ra decaying to an isotope of radon Rn with the emission of particle X    Ra      → Rn      + X  What is particle X? A  e  − B H   C He   D n   ,0625_m17_qp_22,16,510,"TheequationrepresentsanisotopeofradiumRadecayingtoanisotopeofradonRnwiththe
",0
0625_m17_qp_22_40,"40  An atomic nucleus decays by one or more radioactive decay processes. 
 
",49.60617024,532.8873219,40,An atomic nucleus decays by one or more radioactive decay processes   What causes the proton number to decrease by  ? A α-decay followed by β-decay B α-decay only C β-decay followed by γ-decay D β-decay only    ,0625_m17_qp_22,16,520,"Anatomicnucleusdecaysbyoneormoreradioactivedecayprocesses.

",0
0625_s13_qp_11_01,"1  The diagrams show the readings on a measuring cylinder before and after a small metal cube is 
",49.60629,75.0785688,1,"The diagrams show the readings on a measuring cylinder before and after a small metal cube is added               cm cm              before afterwater metal cube   How many more identical cubes can be added to the cylinder, without causing the water to overflow? Do not include the cube already in the cylinder  A   B   C   D   ",0625_s13_qp_11,2,110,"Thediagramsshowthereadingsonameasuringcylinderbeforeandafterasmallmetalcubeis
",0
0625_s13_qp_11_02,"2  Which person is experiencing an acceleration? 
",49.60650619,373.9082742,2,Which person is experiencing an acceleration? A a driver of a car that is braking to stop at traffic lights B a passenger in a train that is stationary in a railway station C a shopper in a large store ascending an escalator (moving stairs) at a uniform rate D a skydiver falling at constant speed towards the Earth ,0625_s13_qp_11,2,120,"Whichpersonisexperiencinganacceleration?
",0
0625_s13_qp_11_03,"3  A car travels at various speeds during a short journey. 
 
",49.60650619,513.0911565,3,"A car travels at various speeds during a short journey   The table shows the distances travelled and the times taken during each of four stages P, Q, R and S   stage P Q R S  distance travelled  / km                time taken  / minutes         During which two stages is the car travelling at the same average speed? A P and Q B P and S C Q and R D R and S     © UCLES          /  /M/J/   [Turn over",0625_s13_qp_11,2,120,"Acartravelsatvariousspeedsduringashortjourney.

",0
0625_s13_qp_11_04,"4  Two blocks of metal X and Y hang from spring balances, as shown in the diagrams. 
 
",49.60629,87.72133958,4,"Two blocks of metal X and Y hang from spring balances, as shown in the diagrams                X YN           N   What does the diagram show about X and Y? A They have the same mass and the same volume but different weights  B They have the same mass and the same weight but different volumes  C They have the same mass, the same volume and the same weight  D They have the same weight and the same volume but different masses  ",0625_s13_qp_11,3,130,"TwoblocksofmetalXandYhangfromspringbalances,asshowninthediagrams.

",0
0625_s13_qp_11_05,"5  A 1 kg sample of aluminium is stored in a laboratory. In a different laboratory, in the same town,  
",49.60665336,503.564926,5,"A    kg sample of aluminium is stored in a laboratory  In a different laboratory, in the same town,  there is a    kg sample of iron   Which quantity must these two samples always have in common? A the same density B the same temperature C the same volume D the same weight     © UCLES          /  /M/J/  ",0625_s13_qp_11,3,130,"Akgsampleofaluminiumisstoredinalaboratory.Inadifferentlaboratory,inthesametown,
",0
0625_s13_qp_11_06,"6  A measuring cylinder has a mass of 120 g when empty. 
 
",49.60629,87.72133958,6,"A measuring cylinder has a mass of      g when empty   When it contains     cm  of a liquid, the total mass of the measuring cylinder and the liquid is      g   What is the density of the liquid? A       g / cm  B       g / cm  C        g / cm  D        g / cm  ",0625_s13_qp_11,4,220,"Ameasuringcylinderhasamassofgwhenempty.

",0
0625_s13_qp_11_07,"7  A car moves along a level road. 
 
",49.60663504,342.8960902,7,A car moves along a level road   The diagram shows all of the horizontal forces acting on the car          N forcefrom engine      Nfriction    Nair resistance   Which statement is correct? A The car is slowing down  B The car is speeding up  C The car is moving at a constant speed  D The car is moving backwards      © UCLES          /  /M/J/   [Turn over,0625_s13_qp_11,4,120,"Acarmovesalongalevelroad.

",0
0625_s13_qp_11_08,"8  The diagram shows a force being applied to a lever to lift a heavy weight. 
 
",49.60629,87.72133958,8,The diagram shows a force being applied to a lever to lift a heavy weight    force pivot leverheavy weight   Which change would enable the heavy weight to be lifted with a smaller force? A Move the force to the right  B Move the heavy weight to the right  C Move the force to the left  D Move the pivot to the left  ,0625_s13_qp_11,5,152,"Thediagramshowsaforcebeingappliedtoalevertoliftaheavyweight.

",0
0625_s13_qp_11_09,"9  The diagram shows a hydroelectric system. 
 
",49.60678048,350.2101369,9,The diagram shows a hydroelectric system    water powerstationpipereservoir   What are the main energy changes taking place? A chemical energy → kinetic energy → electrical energy B electrical energy → gravitational energy → kinetic energy C gravitational energy → kinetic energy → electrical energy D kinetic energy → electrical energy → gravitational energy     © UCLES          /  /M/J/  ,0625_s13_qp_11,5,170,"Thediagramshowsahydroelectricsystem.

",0
0625_s13_qp_11_10,"10  An escalator (moving stairs) and a lift (elevator) are both used to carry passengers from the same 
",49.60629,75.0785688,10,"An escalator (moving stairs) and a lift (elevator) are both used to carry passengers from the same underground railway platform up to street level    escalator lift  The escalator takes    seconds to carry a man to street level  The useful work done is W  The useful power developed is P  The lift takes    seconds to carry the same man to street level   How much useful work is done by the lift, and how much useful power is developed by the lift?   useful work done by lift useful power developed by lift  A more than W less than P  B more than W P  C W less than P  D W P  ",0625_s13_qp_11,6,170,"Anescalator(movingstairs)andalift(elevator)arebothusedtocarrypassengersfromthesame
",0
0625_s13_qp_11_11,"11  A man stands on the ground. 
 
",49.60629,575.8477912,11,A man stands on the ground   Which action will increase the pressure that the man exerts on the ground? A The man slowly bends his knees  B The man slowly lies down on the ground  C The man slowly raises his arms  D The man slowly raises one foot off the ground      © UCLES          /  /M/J/   [Turn over,0625_s13_qp_11,6,170,"Amanstandsontheground.

",0
0625_s13_qp_11_12,"12  The diagram shows a simple mercury barometer. 
 
",49.60629,87.72133958,12,The diagram shows a simple mercury barometer                      cmvacuummetre rule mercury   Which length is used to find the value of atmospheric pressure? A     cm B     cm C     cm D      cm ,0625_s13_qp_11,7,180,"Thediagramshowsasimplemercurybarometer.

",0
0625_s13_qp_11_13,"13  A thermometer bulb is covered by a piece of damp absorbent cloth. 
 
",49.60698352,438.2544378,13,A thermometer bulb is covered by a piece of damp absorbent cloth    thermomete r airdamp cloth bulb  Air at room temperature is blown across the damp cloth   What happens to the thermometer reading? A It remains constant  B It rises  C It rises then falls  D It falls      © UCLES          /  /M/J/  ,0625_s13_qp_11,7,220,"Athermometerbulbiscoveredbyapieceofdampabsorbentcloth.

",0
0625_s13_qp_11_14,"14  A gas storage tank has a fixed volume. The graph shows how the temperature of the gas in the 
",49.60629,75.0785688,14,"A gas storage tank has a fixed volume  The gra ph shows how the temperature of the gas in the tank varies with time    Xtimetemperature Y  At time Y, the gas molecules are A closer together than at time X  B hitting the sides of the tank harder than at time X  C larger in size than at time X  D moving more slowly than at time X  ",0625_s13_qp_11,8,210,"Agasstoragetankhasafixedvolume.Thegraphshowshowthetemperatureofthegasinthe
",0
0625_s13_qp_11_15,"15  The diagrams show four blocks of steel. The blocks are all drawn to the same scale. 
 
",49.60720792,403.841321,15,The diagrams show four blocks of steel  The blocks are all drawn to the same scale   The same quantity of thermal energy (heat) is given to each block   Which block shows the greatest rise in temperature?   A B C D       © UCLES          /  /M/J/   [Turn over,0625_s13_qp_11,8,220,"Thediagramsshowfourblocksofsteel.Theblocksarealldrawntothesamescale.

",0
0625_s13_qp_11_16,"16  A mercury thermometer with no scale is taped to a ruler as shown.  
 
",49.60629,87.72133958,16,"A mercury thermometer with no scale is taped to a ruler as shown    When the thermometer is placed in steam, the mercury level rises to       cm   When the thermometer is placed in pure melting ice, the mercury level falls to      cm                                               cm  mercuryrulerthermomete r   Which temperature is shown by the mercury level in the diagram? A    °C B    °C C     °C D     °C     © UCLES          /  /M/J/  ",0625_s13_qp_11,9,220,"Amercurythermometerwithnoscaleistapedtoarulerasshown.

",0
0625_s13_qp_11_17,"17  The diagram shows the cross-section of a vacuum flask containing a hot liquid in a cold room. 
 
",49.60629,87.72133958,17,The diagram shows the cross-section of a vacuum flask containing a hot liquid in a cold room   X and Y are points on the inside surfaces of the walls of the flask    XYcold roomvacuum hot liquid   How is thermal energy transferred between X and Y? A by conduction and convection B by conduction only C by radiation and convection D by radiation only      © UCLES          /  /M/J/   [Turn over,0625_s13_qp_11,10,230,"Thediagramshowsthecross-sectionofavacuumflaskcontainingahotliquidinacoldroom.

",0
0625_s13_qp_11_18,"18  The diagram shows a refrigerator.  
 
",49.60629,87.72133958,18,"The diagram shows a refrigerator    The cooling unit is placed at the top  The cooling unit cools the air near it    cooling unit   What happens to the density of the air as it cools, and how does it move?   density of the air movement of the air  A decreases moves down  B decreases stays at the top  C increases moves down  D increases stays at the top  ",0625_s13_qp_11,11,230,"Thediagramshowsarefrigerator.

",0
0625_s13_qp_11_19,"19  Visible light and γ-rays are both waves. 
 
",49.60618002,458.7196616,19,Visible light and γ-rays are both waves   How may they correctly be described?   visible light γ-rays  A longitudinal longitudinal  B longitudinal transverse  C transverse longitudinal  D transverse transverse       © UCLES          /  /M/J/  ,0625_s13_qp_11,11,330,"Visiblelightandγ-raysarebothwaves.

",0
0625_s13_qp_11_20,"20  The diagram represents a wave. 
 
",49.60629,87.72133958,20,The diagram represents a wave    XYdistancedisplacement    How many wavelengths are there between X and Y? A     B   C     D   ,0625_s13_qp_11,12,310,"Thediagramrepresentsawave.

",0
0625_s13_qp_11_21,"21  Different  parts  of  the  electromagnetic  spectrum  are  used  for  different  purposes.  Below  are  four 
",49.60533146,278.9463452,21,Different parts of the electromagnetic spectrum are used for different purposes  Below are four statements about parts of the spectrum   statement  : Infra-red waves are used in television remote controllers  statement  : Radio waves are used to transmit television pictures from satellites to Earth  statement  : Ultra-violet waves are used for intruder alarms  statement  : X-rays are used for security checks   Which statements are correct? A   and   B   and   C   and   D   and   ,0625_s13_qp_11,12,330,"Differentpartsoftheelectromagneticspectrumareusedfordifferentpurposes.Belowarefour
",0
0625_s13_qp_11_22,"22  Which diagram shows how a ray of light could pass through a glass block in air? 
 
",49.60522147,481.4000531,22,Which diagram shows how a ray of light could pass through a glass block in air?   A glassB glass glassCglassD      © UCLES          /  /M/J/   [Turn over,0625_s13_qp_11,12,320,"Whichdiagramshowshowarayoflightcouldpassthroughaglassblockinair?

",0
0625_s13_qp_11_23,"23  Which diagram correctly represents rays of light passing through a converging lens in a camera? 
 
",49.60629,87.72133958,23,Which diagram correctly represents rays of light passing through a converging lens in a camera?   A B C  object imagecameraDobject imagecamera objectlensimagecameralensobject imagecamera lens lens  ,0625_s13_qp_11,13,320,"Whichdiagramcorrectlyrepresentsraysoflightpassingthroughaconverginglensinacamera?

",0
0625_s13_qp_11_24,"24  The diagrams represent two sound waves. The scales in the two diagrams are the same. 
 
",49.60743784,445.311956,24,The diagrams represent two sound waves  The scales in the two diagrams are the same    displacementtimesound wave  displacementtimesound wave     Which statement describes the waves? A The waves have different loudness and different pitch  B The waves have different loudness but the same pitch  C The waves have the same loudness and the same pitch  D The waves have the same loudness but different pitch       © UCLES          /  /M/J/  ,0625_s13_qp_11,13,340,"Thediagramsrepresenttwosoundwaves.Thescalesinthetwodiagramsarethesame.

",0
0625_s13_qp_11_25,"25  A student claps once when standing 100 m away from a large wall. 
 
",49.60629,87.72133958,25,A student claps once when standing      m away from a large wall   The speed of sound in air is      m  / s   How long after clapping does the student hear an echo? A       s B       s C      s D      s ,0625_s13_qp_11,14,340,"Astudentclapsoncewhenstandingmawayfromalargewall.

",0
0625_s13_qp_11_26,"26  Which statement about magnetism is correct? 
",49.60753808,187.2462912,26,Which statement about magnetism is correct? A Aluminium is a ferrous metal  B A steel magnet can be demagnetised by heating it  C The core of an electromagnet is usually made of steel  D The magnetic field lines around a bar magnet are evenly spaced  ,0625_s13_qp_11,14,410,"Whichstatementaboutmagnetismiscorrect?
",0
0625_s13_qp_11_27,"27  Two soft-iron rods are placed end to end inside a coil which is connected to a battery. 
 
",49.60753808,326.4568894,27,Two soft-iron rods are placed end to end inside a coil which is connected to a battery    soft-iron rod soft-iron rodcoil   The connections from the battery to the coil are now reversed   What happens to the soft-iron rods in each case?   battery connections as shown battery connections reversed  A rods attract rods attract  B rods attract rods repel  C rods repel rods attract  D rods repel rods repel       © UCLES          /  /M/J/   [Turn over,0625_s13_qp_11,14,450,"Twosoft-ironrodsareplacedendtoendinsideacoilwhichisconnectedtoabattery.

",0
0625_s13_qp_11_28,"28  Three  charged  balls,  P,  Q  and  R  are  suspended  by  insulating  threads.  Ball  P  is  negatively 
",49.60629,75.0785688,28,"Three charged balls, P, Q and R are suspended by insulating threads  Ball P is negatively charged   Ball Q is brought close to ball P    –PQinsulating thread   Ball Q is now brought close to ball R    QR  What are the charges on ball Q and on ball R?   ball Q ball R  A positive positive  B positive negative  C negative positive  D negative negative       © UCLES          /  /M/J/  ",0625_s13_qp_11,15,420,"Threechargedballs,P,QandRaresuspendedbyinsulatingthreads.BallPisnegatively
",0
0625_s13_qp_11_29,"29  Which circuit could be used to determine the resistance of the resistor R? 
 
",49.60629,87.72133958,29,Which circuit could be used to determine the resistance of the resistor R?   A VDV AC RRV AAA VB R R  ,0625_s13_qp_11,16,430,"WhichcircuitcouldbeusedtodeterminetheresistanceoftheresistorR?

",0
0625_s13_qp_11_30,"30  Which copper wire would have the smallest resistance? 
 
",49.60683336,479.2992802,30,"Which copper wire would have the smallest resistance?  A a long, thick wire B a long, thin wire C a short, thick wire D a short, thin wire ",0625_s13_qp_11,16,420,"Whichcopperwirewouldhavethesmallestresistance?

",0
0625_s13_qp_11_31,"31  The diagram shows an electrical circuit. 
 
",49.60672338,607.5124683,31,The diagram shows an electrical circuit    PON LM   Between which two points must a voltmeter be connected to find the potential difference across the bell? A L and M B M and N C N and O D O and P      © UCLES          /  /M/J/   [Turn over,0625_s13_qp_11,16,430,"Thediagramshowsanelectricalcircuit.

",0
0625_s13_qp_11_32,"32  The reading on the ammeter in the circuit is 1.0 A. 
 
",49.60629,87.72133958,32,The reading on the ammeter in the circuit is      A   A second ammeter is connected in the circuit  It also reads      A   At which labelled point is it connected?        AA B C D A  ,0625_s13_qp_11,17,430,"Thereadingontheammeterinthecircuitis.A.

",0
0625_s13_qp_11_33,"33  The circuit shows a battery and four lamps. All the lamps are lit. 
 
",49.60689766,308.908866,33,The circuit shows a battery and four lamps  All the lamps are lit   One lamp fails and all the lamps go out   Which lamp failed?   A B CD  ,0625_s13_qp_11,17,430,"Thecircuitshowsabatteryandfourlamps.Allthelampsarelit.

",0
0625_s13_qp_11_34,"34  A desk lamp should have a 3 A fuse fitted, but a 13 A fuse has been fitted by mistake. 
 
",49.60640832,562.0992296,34,"A desk lamp should have a    A fuse fitted, but a     A fuse has been fitted by mistake   The lamp is not faulty   The lamp is switched on  What happens? A The fuse blows  B The fuse does not blow but the lamp does not light  C The lamp draws too much current and the supply cables could melt  D The lamp works normally       © UCLES          /  /M/J/  ",0625_s13_qp_11,17,440,"AdesklampshouldhaveaAfusefitted,butaAfusehasbeenfittedbymistake.

",0
0625_s13_qp_11_35,"35  An electric current can produce a heating effect and a magnetic effect. 
 
",49.60629,87.72133958,35,"An electric current can produce a heating effect and a magnetic effect   Which row shows the effect that a relay uses, together with one application of a relay?   effect used by a relay one application of a relay  A heating effect allowing a small current to switch on a large current  B heating effect changing the voltage of an alternating current  C magnetic effect allowing a small current to switch on a large current  D magnetic effect changing the voltage of an alternating current  ",0625_s13_qp_11,18,430,"Anelectriccurrentcanproduceaheatingeffectandamagneticeffect.

",0
0625_s13_qp_11_36,"36  The diagram shows a mains transformer that has an output voltage of 12 V. 
 
",49.60629,268.4583296,36,The diagram shows a mains transformer that has an output voltage of     V         V a c input     V a c outputcoil with     turnssoft-iron core   How many turns of wire are in the secondary coil? A    B    C    D              © UCLES          /  /M/J/   [Turn over,0625_s13_qp_11,18,450,"ThediagramshowsamainstransformerthathasanoutputvoltageofV.

",0
0625_s13_qp_11_37,"37  The diagram shows an experiment to demonstrate electromagnetic induction. 
 
",49.60629,87.72133958,37,"The diagram shows an experiment to demonstrate electromagnetic induction    NSX YA wire   X and Y are joined, in turn, by four wires, each made of a different material   Each wire is then moved quickly downwards between the magnets   Which material will not give rise to an induced current in the wire? A aluminium B copper C iron D nylon ",0625_s13_qp_11,19,450,"Thediagramshowsanexperimenttodemonstrateelectromagneticinduction.

",0
0625_s13_qp_11_38,"38  In a cathode-ray tube, particles are fired at a screen. 
 
",49.60678768,521.7929899,38,"In a cathode-ray tube, particles are fired at a screen   What are these particles? A α-particles B electrons C neutrons D protons        Permission to reproduce items where third -party owned material protected by copyright is included has been sought and cleared w here possible  Every reasonable effort has been made by the publisher (UCLES) to trace copyright holders, but if any items requiring clearance have unwittingly been included, the publisher will be pleased to make amends at the earliest possible opportunity   University of Cambridge International Examinations is part of the Cambridge Assessment Group  Cambridge Assessment is the brand  name of University of Cambridge Local Examinations Syndicate (UCLES), which is itself a department of the University of Cambridge    © UCLES          /  /M/J/  ",0625_s13_qp_11,19,520,"Inacathode-raytube,particlesarefiredatascreen.

",0
0625_s13_qp_11_39,"39  The graph shows how the count rate on a detector due to a radioactive source changes with time. 
 
",49.60629,87.72133958,39,The graph shows how the count rate on a detector due to a radioactive source changes with time                   count ratecounts per minute time  / hours  What is the count rate at     hours? A     counts per minute B     counts per minute C     counts per minute D   counts per minute ,0625_s13_qp_11,20,520,"Thegraphshowshowthecountrateonadetectorduetoaradioactivesourcechangeswithtime.

",0
0625_s13_qp_11_40,"40  The diagram represents a carbon atom. 
 
",49.60732784,408.2067069,40,The diagram represents a carbon atom    + + +  + + +  + – –– ––––key neutron proton electron    What is the nucleon number (mass number) for this atom? A   B   C    D       ,0625_s13_qp_11,20,510,"Thediagramrepresentsacarbonatom.

",0
0625_s13_qp_12_01,"1  A student measures the length of a rod XY by holding it next to a metre rule. 
 
",49.60629,87.72133958,1,A student measures the length of a rod XY by holding it next to a metre rule                     cmXY   The student writes down the length as       cm   Which statement is correct? A The value is correct  B The value is incorrect because it should be       cm  C The value is incorrect because it should be in millimetres  D The value is incorrect because the student should subtract the reading for end Y from the reading for end X  ,0625_s13_qp_12,2,110,"AstudentmeasuresthelengthofarodXYbyholdingitnexttoametrerule.

",0
0625_s13_qp_12_02,"2  A heavy metal ball falls vertically downwards through air past four equally spaced levels J, K, L 
",49.60669694,353.4991467,2,"A heavy metal ball falls vertically downwards through air past four equally spaced levels J, K, L and M    level Jlevel Klevel Llevel Mmetal ball   The times taken to fall from one level to the next are measured   Where is the speed of the ball greatest and which time is shortest?   speed is greatest between time is shortest between  A J and K J and K  B J and K L and M  C L and M J and K  D L and M L and M      © UCLES          /  /M/J/   [Turn over",0625_s13_qp_12,2,120,"AheavymetalballfallsverticallydownwardsthroughairpastfourequallyspacedlevelsJ,K,L
",0
0625_s13_qp_12_03,"3  A car travels at various speeds during a short journey. 
 
",49.60629,87.72133958,3,"A car travels at various speeds during a short journey   The table shows the distances travelled and the times taken during each of four stages P, Q, R and S   stage P Q R S  distance travelled  / km                time taken  / minutes         During which two stages is the car travelling at the same average speed? A P and Q B P and S C Q and R D R and S ",0625_s13_qp_12,3,120,"Acartravelsatvariousspeedsduringashortjourney.

",1
0625_s13_qp_12_04,"4  Two blocks of metal X and Y hang from spring balances, as shown in the diagrams. 
 
",49.60618002,288.5573794,4,"Two blocks of metal X and Y hang from spring balances, as shown in the diagrams                X YN           N   What does the diagram show about X and Y? A They have the same mass and the same volume but different weights  B They have the same mass and the same weight but different volumes  C They have the same mass, the same volume and the same weight  D They have the same weight and the same volume but different masses  ",0625_s13_qp_12,3,130,"TwoblocksofmetalXandYhangfromspringbalances,asshowninthediagrams.

",1
0625_s13_qp_12_05,"5  A student stands with both feet on some scales in order to measure his weight. 
 
",49.60665336,717.0425067,5,A student stands with both feet on some scales in order to measure his weight   The reading on the scales is      N  He lifts one foot off the scales and keeps it lifted   What is the new reading on the scales? A   B      N C      N D       N   © UCLES          /  /M/J/  ,0625_s13_qp_12,3,130,"Astudentstandswithbothfeetonsomescalesinordertomeasurehisweight.

",0
0625_s13_qp_12_06,"6  A  measuring  cylinder  containing  liquid  is  placed  on  a  top-pan  balance.  The  apparatus  is  left 
",49.60629,75.0785688,6,A measuring cylinder containing liquid is pl aced on a top-pan balance  The apparatus is left overnight and some of the liquid evaporates  The diagrams show the readings    g                cm  before liquidevaporatesliquid g                cm  after liquidevaporatesliquidmeasuringcylinder   What is the density of the liquid? A        g / cm  B       g / cm  C       g / cm  D       g / cm  ,0625_s13_qp_12,4,110,"Ameasuringcylindercontainingliquidisplacedonatop-panbalance.Theapparatusisleft
",0
0625_s13_qp_12_07,"7  A child sits on a rubber ball and bounces up and down on the ground. 
 
",49.60749306,409.9080378,7,A child sits on a rubber ball and bounces up and down on the ground      What stays the same when the ball hits the ground? A the acceleration of the ball B the mass of the ball C the shape of the ball D the velocity of the ball     © UCLES          /  /M/J/   [Turn over,0625_s13_qp_12,4,130,"Achildsitsonarubberballandbouncesupanddownontheground.

",0
0625_s13_qp_12_08,"8  The diagrams show different objects, each being acted upon by only the two forces shown. 
 
",49.60629,87.72133958,8,"The diagrams show different objects, each being acted upon by only the two forces shown   Which object is in equilibrium?     N   NA    N   NB    N   N  N   NC D   ",0625_s13_qp_12,5,152,"Thediagramsshowdifferentobjects,eachbeingacteduponbyonlythetwoforcesshown.

",0
0625_s13_qp_12_09,"9  The diagram shows a hydroelectric system. 
 
",49.60689904,248.615966,9,The diagram shows a hydroelectric system    water powerstationpipereservoir   What are the main energy changes taking place? A chemical energy → kinetic energy → electrical energy B electrical energy → gravitational energy → kinetic energy C gravitational energy → kinetic energy → electrical energy D kinetic energy → electrical energy → gravitational energy     © UCLES          /  /M/J/  ,0625_s13_qp_12,5,170,"Thediagramshowsahydroelectricsystem.

",1
0625_s13_qp_12_10,"10  A  car  moves  along  a  level  road  at  constant  speed.  Work  is  done  by  the  engine  and  power  is 
",49.60629,75.0785688,10,A car moves along a level road at constant speed  Work is done by the engine and power is developed by the engine   Which pair of graphs shows how the work done and the power developed vary with time?   worktimepowertimeA worktimepowertimeB worktimepowertimeC worktimepowertimeD                            © UCLES          /  /M/J/   [Turn over,0625_s13_qp_12,6,170,"Acarmovesalongalevelroadatconstantspeed.Workisdonebytheengineandpoweris
",0
0625_s13_qp_12_11,"11  A mercury manometer is used to measure a pressure difference. The difference is shown by the 
",49.60629,75.0785688,11,A mercury manometer is used to measure a pressu re difference  The difference is shown by the levels X and Y in the diagram                          mm XYmercury   What is the pressure difference represented by X and Y? A    mm of mercury B     mm of mercury C     mm of mercury D     mm of mercury ,0625_s13_qp_12,7,180,"Amercurymanometerisusedtomeasureapressuredifference.Thedifferenceisshownbythe
",0
0625_s13_qp_12_12,"12  The  diagrams  show  the  actual  size  of  the  heels  of  four  different  lady’s  shoes,  as  seen  from 
",49.6061756,497.214867,12,"The diagrams show the actual size of the heels of four different lady’s shoes, as seen from underneath the shoe   Which heel is most likely to cause damage to floors?   ABCD      © UCLES          /  /M/J/  ",0625_s13_qp_12,7,180,"Thediagramsshowtheactualsizeoftheheelsoffourdifferentlady’sshoes,asseenfrom
",0
0625_s13_qp_12_13,"13  Which diagram best shows the path of a gas molecule? 
 
",49.60629,87.72133958,13,Which diagram best shows the path of a gas molecule?   ABCD  ,0625_s13_qp_12,8,210,"Whichdiagrambestshowsthepathofagasmolecule?

",0
0625_s13_qp_12_14,"14  A gas storage tank has a fixed volume. The graph shows how the temperature of the gas in the 
",49.60761882,225.6549094,14,"A gas storage tank has a fixed volume  The graph shows how the temperature of the gas in the tank varies with time    Xtimetemperature Y  At time Y, the gas molecules are A closer together than at time X  B hitting the sides of the tank harder than at time X  C larger in size than at time X  D moving more slowly than at time X      © UCLES          /  /M/J/   [Turn over",0625_s13_qp_12,8,210,"Agasstoragetankhasafixedvolume.Thegraphshowshowthetemperatureofthegasinthe
",1
0625_s13_qp_12_15,"15  The diagrams show four blocks of steel. The blocks are all drawn to the same scale. 
 
",49.60629,87.72133958,15,The diagrams show four blocks of steel  The blocks are all drawn to the same scale   The same quantity of thermal energy (heat) is given to each block   Which block shows the greatest rise in temperature?   A B C D   ,0625_s13_qp_12,9,220,"Thediagramsshowfourblocksofsteel.Theblocksarealldrawntothesamescale.

",1
0625_s13_qp_12_16,"16  A mercury thermometer with no scale is taped to a ruler as shown.  
 
",49.60730208,295.8976902,16,"A mercury thermometer with no scale is taped to a ruler as shown    When the thermometer is placed in steam, the mercury level rises to       cm   When the thermometer is placed in pure melting ice, the mercury level falls to      cm                                               cm  mercuryrulerthermomete r   Which temperature is shown by the mercury level in the diagram? A    °C B    °C C     °C D     °C     © UCLES          /  /M/J/  ",0625_s13_qp_12,9,220,"Amercurythermometerwithnoscaleistapedtoarulerasshown.

",1
0625_s13_qp_12_17,"17  Which statement about the transfer of thermal energy is correct? 
 
",49.60629,87.72133958,17,"Which statement about the transfer of thermal energy is correct?  A Convection can occur in air, but only when the air is trapped  B Convection can only occur in a gas  C Radiation cannot occur in air  D Radiation can occur in a vacuum, but convection cannot  ",0625_s13_qp_12,10,230,"Whichstatementaboutthetransferofthermalenergyiscorrect?

",0
0625_s13_qp_12_18,"18  The diagram shows a refrigerator.  
 
",49.60629,215.9058219,18,"The diagram shows a refrigerator    The cooling unit is placed at the top  The cooling unit cools the air near it    cooling unit   What happens to the density of the air as it cools, and how does it move?   density of the air movement of the air  A decreases moves down  B decreases stays at the top  C increases moves down  D increases stays at the top       © UCLES          /  /M/J/   [Turn over",0625_s13_qp_12,10,230,"Thediagramshowsarefrigerator.

",1
0625_s13_qp_12_19,"19  The diagram shows the surface of water in a ripple tank. A wave is travelling in the direction of 
",49.60629,75.0785688,19,"The diagram shows the surface of water in a ripple tank  A wave is travelling in the direction of the arrow towards a gap in a barrier    watersurface wavefrontsbarrier   What happens to the wave as it passes through t he gap, and what happens to the shape of the wavefronts after passing through the gap?   what happens at the gap shape after passing through the gap  A diffraction curved  B diffraction straight  C refraction curved  D refraction straight  ",0625_s13_qp_12,11,310,"Thediagramshowsthesurfaceofwaterinarippletank.Awaveistravellinginthedirectionof
",0
0625_s13_qp_12_20,"20  The diagram represents a wave. 
 
",49.60629,492.566067,20,The diagram represents a wave    XYdistancedisplacement    How many wavelengths are there between X and Y? A     B   C     D   ,0625_s13_qp_12,11,310,"Thediagramrepresentsawave.

",1
0625_s13_qp_12_21,"21  Which group of electromagnetic radiations is arranged in order of increasing frequency? 
",49.60533146,683.7904252,21,"Which group of electromagnetic radiations is arranged in order of increasing frequency? A infra-red, visible light, ultraviolet B γ-rays, X-rays, infra-red C ultra-violet, visible light, radio waves D X-rays, radio waves, γ-rays    © UCLES          /  /M/J/  ",0625_s13_qp_12,11,330,"Whichgroupofelectromagneticradiationsisarrangedinorderofincreasingfrequency?
",0
0625_s13_qp_12_22,"22  An electronic engineer makes devices which can receive television pictures from satellites. 
 
",49.60629,87.72133958,22,An electronic engineer makes devices which can receive television pictures from satellites   Which type of electromagnetic radiation must these devices be able to receive? A infra-red waves B microwaves C radio waves D ultra-violet waves ,0625_s13_qp_12,12,330,"Anelectronicengineermakesdeviceswhichcanreceivetelevisionpicturesfromsatellites.

",0
0625_s13_qp_12_23,"23  Which diagram correctly represents rays of light passing through a converging lens in a camera? 
 
",49.60618002,239.5469926,23,Which diagram correctly represents rays of light passing through a converging lens in a camera?   A B C  object imagecameraDobject imagecamera objectlensimagecameralensobject imagecamera lens lens       © UCLES          /  /M/J/   [Turn over,0625_s13_qp_12,12,320,"Whichdiagramcorrectlyrepresentsraysoflightpassingthroughaconverginglensinacamera?

",1
0625_s13_qp_12_24,"24  A tuning fork is marked with the number 320. 
 
",49.60629,87.72133958,24,A tuning fork is marked with the number              This indicates the size of the frequency   What does this mean? A The length of the tuning fork is      mm  B The note from the tuning fork will last for up to      s  C The sound waves produced by the tuning fork travel at      m  / s  D The tuning fork vibrates     times every second  ,0625_s13_qp_12,13,340,"Atuningforkismarkedwiththenumber.

",0
0625_s13_qp_12_25,"25  Some  sound  from  a  loudspeaker  at  P  travels  directly  to  Q.  Sound  also  reaches  Q  after  being 
",49.60763971,304.8560264,25,Some sound from a loudspeaker at P travels directly to Q  Sound also reaches Q after being reflected from a wall at R      m    m   mwall loudspeakerP QR   The speed of sound is      m  / s   What is the difference in time for a sound to travel from P to Q by the two routes? A      s B      s C (  ×    ) s D (   ×    ) s ,0625_s13_qp_12,13,340,"SomesoundfromaloudspeakeratPtravelsdirectlytoQ.SoundalsoreachesQafterbeing
",0
0625_s13_qp_12_26,"26  An electromagnet is used to separate magnetic metals from non-magnetic metals. 
 
",49.60645704,648.3008633,26,An electromagnet is used to separate magnetic metals from non-magnetic metals   Why is steel not suitable as the core of the electromagnet? A It forms a permanent magnet  B It has a high density  C It has a high thermal capacity  D It is a good conductor of electricity       © UCLES          /  /M/J/  ,0625_s13_qp_12,13,410,"Anelectromagnetisusedtoseparatemagneticmetalsfromnon-magneticmetals.

",0
0625_s13_qp_12_27,"27  An old and expensive steel watch becomes magnetised. 
 
",49.60629,87.72133958,27,An old and expensive steel watch becomes magnetised   The owner wants to use the watch again  He must demagnetise the watch   What is the best method to do this? A Heat it until it glows red hot  B Pass direct current though it  C Place it in a plastic bag and put the bag in hot water for several hours  D Place it in a solenoid that carries alternating current and then slowly remove it  ,0625_s13_qp_12,14,410,"Anoldandexpensivesteelwatchbecomesmagnetised.

",0
0625_s13_qp_12_28,"28  Three  charged  balls,  P,  Q  and  R  are  suspended  by  insulating  threads.  Ball  P  is  negatively 
",49.60629,252.2174794,28,"Three charged balls, P, Q and R are suspended by insulating threads  Ball P is negatively charged   Ball Q is brought close to ball P    –PQinsulating thread   Ball Q is now brought close to ball R    QR  What are the charges on ball Q and on ball R?   ball Q ball R  A positive positive  B positive negative  C negative positive  D negative negative  ",0625_s13_qp_12,14,420,"Threechargedballs,P,QandRaresuspendedbyinsulatingthreads.BallPisnegatively
",1
0625_s13_qp_12_29,"29  Which group contains only good electrical conductors? 
",49.60629,651.9861104,29,"Which group contains only good electrical conductors? A air, carbon (graphite), plastic B air, gold, mercury C carbon (graphite), copper, mercury D copper, gold, plastic      © UCLES          /  /M/J/   [Turn over",0625_s13_qp_12,14,420,"Whichgroupcontainsonlygoodelectricalconductors?
",0
0625_s13_qp_12_30,"30  A student investigates a circuit that contains two parallel resistors. The circuit includes meters R, 
",49.60629,75.0785688,30,"A student investigates a circuit that contains  two parallel resistors  The circuit includes meters R, S and T which are all connected correctly    resistorsRST   Which types of meter are R, S and T?   meter R meter S meter T  A ammeter ammeter ammeter  B ammeter voltmeter voltmeter  C voltmeter ammeter ammeter  D voltmeter voltmeter voltmeter  ",0625_s13_qp_12,15,430,"Astudentinvestigatesacircuitthatcontainstwoparallelresistors.ThecircuitincludesmetersR,
",0
0625_s13_qp_12_31,"31  A circuit contains the component shown by the following symbol. 
 
",49.60629,410.758167,31,A circuit contains the component shown by the following symbol      Which change would the component detect?  A change in A light level  B potential difference  C radioactivity  D temperature       © UCLES          /  /M/J/  ,0625_s13_qp_12,15,430,"Acircuitcontainsthecomponentshownbythefollowingsymbol.

",0
0625_s13_qp_12_32,"32  The diagram shows a circuit which includes a switch and a capacitor. 
 
",49.60629,87.72133958,32,The diagram shows a circuit which includes a switch and a capacitor    switchcapacitor PQ   What happens to the capacitor when the switch is at P and when it is at Q?   switch at P switch at Q  A charging charging  B charging discharging  C discharging charging  D discharging discharging  ,0625_s13_qp_12,16,430,"Thediagramshowsacircuitwhichincludesaswitchandacapacitor.

",0
0625_s13_qp_12_33,"33  The circuit diagram shows a cell connected to three identical lamps X, Y and Z. All the lamps are 
",49.60629,395.9609104,33,"The circuit diagram shows a cell connected to three identical lamps X, Y and Z  All the lamps are lit    XZY   Lamp Y is removed by unscrewing it from its holder   What happens to lamp Z? A It goes out completely  B It becomes dimmer but stays lit  C It stays the same brightness  D It becomes brighter       © UCLES          /  /M/J/   [Turn over",0625_s13_qp_12,16,430,"ThecircuitdiagramshowsacellconnectedtothreeidenticallampsX,YandZ.Allthelampsare
",0
0625_s13_qp_12_34,"34  Each branch of a domestic circuit often includes a circuit-breaker. This protects the wiring if too 
",49.60629,75.0785688,34,Each branch of a domestic circuit often includes a circuit-breaker  This protects the wiring if too much current flows in the circuit   In which wire is the circuit-breaker placed and what does it do when it operates?   circuit-breaker in when the circuit-breaker operates it  A live wire disconnects the circuit  B live wire reduces the current to a safe value (not zero)  C neutral wire disconnects the circuit  D neutral wire reduces the current to a safe value (not zero)  ,0625_s13_qp_12,17,440,"Eachbranchofadomesticcircuitoftenincludesacircuit-breaker.Thisprotectsthewiringiftoo
",0
0625_s13_qp_12_35,"35  A student wants to make a transformer to step 12 V down to 6.0 V. 
 
",49.60629,281.1008396,35,A student wants to make a transformer to step     V down to      V   She winds    turns of wire around an iron core as shown in the diagram         soft-iron core      V a c      V a c primary coil   turns secondary coil   How many turns of wire should she wind on the secondary coil of her transformer? A   B    C    D     ,0625_s13_qp_12,17,450,"AstudentwantstomakeatransformertostepVdownto.V.

",0
0625_s13_qp_12_36,"36  A toy railway engine is driven around a track by a d.c. electric motor. 
 
",49.60499104,549.9394784,36,A toy railway engine is driven around a track by a d c  electric motor   How can the speed of the motor be increased? A Use a motor made with fewer turns of wire  B Use a smaller d c  voltage  C Use a stronger magnet in the motor  D Use the supply with its connections reversed       © UCLES          /  /M/J/  ,0625_s13_qp_12,17,450,"Atoyrailwayengineisdrivenaroundatrackbyad.c.electricmotor.

",0
0625_s13_qp_12_37,"37  The diagram shows an experiment to demonstrate electromagnetic induction. 
 
",49.60629,87.72133958,37,"The diagram shows an experiment to demonstrate electromagnetic induction    NSX YA wire   X and Y are joined, in turn, by four wires, each made of a different material   Each wire is then moved quickly downwards between the magnets   Which material will not give rise to an induced current in the wire? A aluminium B copper C iron D nylon ",0625_s13_qp_12,18,450,"Thediagramshowsanexperimenttodemonstrateelectromagneticinduction.

",1
0625_s13_qp_12_38,"38  A beam of cathode rays passes between two charged metal plates. 
 
",49.60678768,521.7929899,38,A beam of cathode rays passes between two charged metal plates    + –cathode rays   What happens to the beam as it passes between the plates? A It is deflected into the paper  B It is deflected out of the paper  C It is deflected towards the negative plate  D It is deflected towards the positive plate       © UCLES          /  /M/J/  ,0625_s13_qp_12,18,520,"Abeamofcathoderayspassesbetweentwochargedmetalplates.

",0
0625_s13_qp_12_39,"39  A radiation detector is placed close to a source of β-particles. 
 
",49.60629,88.54290728,39,"A radiation detector is placed close to a source of β-particles   Aluminium sheets of increasing thickness are placed between the source and the detector    source ofβ-particlesaluminium sheet detector   Eventually a sheet which is      cm thick is used  The reading on the detector decreases, but does not fall to zero   Why does the reading not fall to zero? A Some of the β-particles go round the edges of the sheet  B The detector is too close to the source  C There is always some background radiation  D The sheet can never be thick enough to absorb all the β-particles  ",0625_s13_qp_12,19,520,"Aradiationdetectorisplacedclosetoasourceofβ-particles.

",0
0625_s13_qp_12_40,"40  A nuclide is represented by the notation shown. 
 
",49.6063719,438.9356061,40,"A nuclide is represented by the notation shown      How many nucleons are there in one atom of this nuclide? A P B Q C P + Q D P – Q        Permission to reproduce items where third -party owned material protected by copyright is included has been sought and cleared w here possible  Every reasonable effort has been made by the publisher (UCLES) to t race copyright holders, but if any items requiring clearance have unwittingly been included, the publisher will be pleased to make amends at the earliest possible opportunity   University of Cambridge International Examinations is part of t he Cambridge Assessment Group  Cambridge Assessment is the brand  name of University of Cambridge Local Examinations Syndicate (UCLES), which is itself a department of the University of Cambridge    © UCLES          /  /M/J/    BLANK PAGE ",0625_s13_qp_12,19,510,"Anuclideisrepresentedbythenotationshown.

",0
0625_s13_qp_13_01,"1  The diagrams show the readings on a measuring cylinder before and after a small metal cube is 
",49.60629,75.0785688,1,"The diagrams show the readings on a measuring cylinder before and after a small metal cube is added               cm cm              before afterwater metal cube   How many more identical cubes can be added to the cylinder, without causing the water to overflow? Do not include the cube already in the cylinder  A   B   C   D   ",0625_s13_qp_13,2,110,"Thediagramsshowthereadingsonameasuringcylinderbeforeandafterasmallmetalcubeis
",1
0625_s13_qp_13_02,"2  A car travels at various speeds during a short journey. 
 
",49.60650619,386.551045,2,"A car travels at various speeds during a short journey   The table shows the distances travelled and the times taken during each of four stages P, Q, R and S   stage P Q R S  distance travelled  / km                time taken  / minutes         During which two stages is the car travelling at the same average speed? A P and Q B P and S C Q and R D R and S ",0625_s13_qp_13,2,120,"Acartravelsatvariousspeedsduringashortjourney.

",1
0625_s13_qp_13_03,"3  Which person is experiencing an acceleration? 
",49.60618002,574.7428986,3,Which person is experiencing an acceleration? A a driver of a car that is braking to stop at traffic lights B a passenger in a train that is stationary in a railway station C a shopper in a large store ascending an escalator (moving stairs) at a uniform rate D a skydiver falling at constant speed towards the Earth     © UCLES          /  /M/J/   [Turn over,0625_s13_qp_13,2,120,"Whichpersonisexperiencinganacceleration?
",1
0625_s13_qp_13_04,"4  A 1 kg sample of aluminium is stored in a laboratory. In a different laboratory, in the same town,  
",49.60629,75.0785688,4,"A    kg sample of aluminium is stored in a laboratory  In a different laboratory, in the same town,  there is a    kg sample of iron   Which quantity must these two samples always have in common? A the same density B the same temperature C the same volume D the same weight ",0625_s13_qp_13,3,130,"Akgsampleofaluminiumisstoredinalaboratory.Inadifferentlaboratory,inthesametown,
",1
0625_s13_qp_13_05,"5  Two blocks of metal X and Y hang from spring balances, as shown in the diagrams. 
 
",49.60794278,252.2171186,5,"Two blocks of metal X and Y hang from spring balances, as shown in the diagrams                X YN           N   What does the diagram show about X and Y? A They have the same mass and the same volume but different weights  B They have the same mass and the same weight but different volumes  C They have the same mass, the same volume and the same weight  D They have the same weight and the same volume but different masses      © UCLES          /  /M/J/  ",0625_s13_qp_13,3,130,"TwoblocksofmetalXandYhangfromspringbalances,asshowninthediagrams.

",1
0625_s13_qp_13_06,"6  A car moves along a level road. 
 
",49.60629,87.72133958,6,A car moves along a level road   The diagram shows all of the horizontal forces acting on the car          N forcefrom engine      Nfriction    Nair resistance   Which statement is correct? A The car is slowing down  B The car is speeding up  C The car is moving at a constant speed  D The car is moving backwards  ,0625_s13_qp_13,4,120,"Acarmovesalongalevelroad.

",1
0625_s13_qp_13_07,"7  A measuring cylinder has a mass of 120 g when empty. 
 
",49.6065856,357.4945396,7,"A measuring cylinder has a mass of      g when empty   When it contains     cm  of a liquid, the total mass of the measuring cylinder and the liquid is      g   What is the density of the liquid? A       g / cm  B       g / cm  C        g / cm  D        g / cm      © UCLES          /  /M/J/   [Turn over",0625_s13_qp_13,4,220,"Ameasuringcylinderhasamassofgwhenempty.

",1
0625_s13_qp_13_08,"8  The diagram shows a hydroelectric system. 
 
",49.60629,87.72133958,8,The diagram shows a hydroelectric system    water powerstationpipereservoir   What are the main energy changes taking place? A chemical energy → kinetic energy → electrical energy B electrical energy → gravitational energy → kinetic energy C gravitational energy → kinetic energy → electrical energy D kinetic energy → electrical energy → gravitational energy ,0625_s13_qp_13,5,170,"Thediagramshowsahydroelectricsystem.

",1
0625_s13_qp_13_09,"9  The diagram shows a force being applied to a lever to lift a heavy weight. 
 
",49.60850726,432.5273145,9,The diagram shows a force being applied to a lever to lift a heavy weight    force pivot leverheavy weight   Which change would enable the heavy weight to be lifted with a smaller force? A Move the force to the right  B Move the heavy weight to the right  C Move the force to the left  D Move the pivot to the left      © UCLES          /  /M/J/  ,0625_s13_qp_13,5,152,"Thediagramshowsaforcebeingappliedtoalevertoliftaheavyweight.

",1
0625_s13_qp_13_10,"10  A man stands on the ground. 
 
",49.60629,87.72133958,10,A man stands on the ground   Which action will increase the pressure that the man exerts on the ground? A The man slowly bends his knees  B The man slowly lies down on the ground  C The man slowly raises his arms  D The man slowly raises one foot off the ground  ,0625_s13_qp_13,6,170,"Amanstandsontheground.

",1
0625_s13_qp_13_11,"11  An escalator (moving stairs) and a lift (elevator) are both used to carry passengers from the same 
",49.60629,226.9042219,11,"An escalator (moving stairs) and a lift (elevator) are both used to carry passengers from the same underground railway platform up to street level    escalator lift  The escalator takes    seconds to carry a man to street level  The useful work done is W  The useful power developed is P  The lift takes    seconds to carry the same man to street level   How much useful work is done by the lift, and how much useful power is developed by the lift?   useful work done by lift useful power developed by lift  A more than W less than P  B more than W P  C W less than P  D W P      © UCLES          /  /M/J/   [Turn over",0625_s13_qp_13,6,170,"Anescalator(movingstairs)andalift(elevator)arebothusedtocarrypassengersfromthesame
",1
0625_s13_qp_13_12,"12  The diagram shows a simple mercury barometer. 
 
",49.60629,87.72133958,12,The diagram shows a simple mercury barometer                      cmvacuummetre rule mercury   Which length is used to find the value of atmospheric pressure? A     cm B     cm C     cm D      cm ,0625_s13_qp_13,7,180,"Thediagramshowsasimplemercurybarometer.

",1
0625_s13_qp_13_13,"13  A thermometer bulb is covered by a piece of damp absorbent cloth. 
 
",49.60698352,438.2544378,13,A thermometer bulb is covered by a piece of damp absorbent cloth    thermomete r airdamp cloth bulb  Air at room temperature is blown across the damp cloth   What happens to the thermometer reading? A It remains constant  B It rises  C It rises then falls  D It falls      © UCLES          /  /M/J/  ,0625_s13_qp_13,7,220,"Athermometerbulbiscoveredbyapieceofdampabsorbentcloth.

",1
0625_s13_qp_13_14,"14  The diagrams show four blocks of steel. The blocks are all drawn to the same scale. 
 
",49.60629,87.72133958,14,The diagrams show four blocks of steel  The blocks are all drawn to the same scale   The same quantity of thermal energy (heat) is given to each block   Which block shows the greatest rise in temperature?   A B C D   ,0625_s13_qp_13,8,220,"Thediagramsshowfourblocksofsteel.Theblocksarealldrawntothesamescale.

",1
0625_s13_qp_13_15,"15  A gas storage tank has a fixed volume. The graph shows how the temperature of the gas in the 
",49.60793022,283.2549194,15,"A gas storage tank has a fixed volume  The graph shows how the temperature of the gas in the tank varies with time    Xtimetemperature Y  At time Y, the gas molecules are A closer together than at time X  B hitting the sides of the tank harder than at time X  C larger in size than at time X  D moving more slowly than at time X      © UCLES          /  /M/J/   [Turn over",0625_s13_qp_13,8,210,"Agasstoragetankhasafixedvolume.Thegraphshowshowthetemperatureofthegasinthe
",1
0625_s13_qp_13_16,"16  A mercury thermometer with no scale is taped to a ruler as shown.  
 
",49.60629,87.72133958,16,"A mercury thermometer with no scale is taped to a ruler as shown    When the thermometer is placed in steam, the mercury level rises to       cm   When the thermometer is placed in pure melting ice, the mercury level falls to      cm                                               cm  mercuryrulerthermomete r   Which temperature is shown by the mercury level in the diagram? A    °C B    °C C     °C D     °C     © UCLES          /  /M/J/  ",0625_s13_qp_13,9,220,"Amercurythermometerwithnoscaleistapedtoarulerasshown.

",1
0625_s13_qp_13_17,"17  The diagram shows a refrigerator.  
 
",49.60629,87.72133958,17,"The diagram shows a refrigerator    The cooling unit is placed at the top  The cooling unit cools the air near it    cooling unit   What happens to the density of the air as it cools, and how does it move?   density of the air movement of the air  A decreases moves down  B decreases stays at the top  C increases moves down  D increases stays at the top       © UCLES          /  /M/J/   [Turn over",0625_s13_qp_13,10,230,"Thediagramshowsarefrigerator.

",1
0625_s13_qp_13_18,"18  The diagram shows the cross-section of a vacuum flask containing a hot liquid in a cold room. 
 
",49.60629,87.72133958,18,The diagram shows the cross-section of a vacuum flask containing a hot liquid in a cold room   X and Y are points on the inside surfaces of the walls of the flask    XYcold roomvacuum hot liquid   How is thermal energy transferred between X and Y? A by conduction and convection B by conduction only C by radiation and convection D by radiation only ,0625_s13_qp_13,11,230,"Thediagramshowsthecross-sectionofavacuumflaskcontainingahotliquidinacoldroom.

",1
0625_s13_qp_13_19,"19  Visible light and γ-rays are both waves. 
 
",49.60651762,493.3308174,19,Visible light and γ-rays are both waves   How may they correctly be described?   visible light γ-rays  A longitudinal longitudinal  B longitudinal transverse  C transverse longitudinal  D transverse transverse       © UCLES          /  /M/J/  ,0625_s13_qp_13,11,330,"Visiblelightandγ-raysarebothwaves.

",1
0625_s13_qp_13_20,"20  Different  parts  of  the  electromagnetic  spectrum  are  used  for  different  purposes.  Below  are  four 
",49.60629,75.0785688,20,Different parts of the electromagnetic spectrum are used for different purposes  Below are four statements about parts of the spectrum   statement  : Infra-red waves are used in television remote controllers  statement  : Radio waves are used to transmit television pictures from satellites to Earth  statement  : Ultra-violet waves are used for intruder alarms  statement  : X-rays are used for security checks   Which statements are correct? A   and   B   and   C   and   D   and   ,0625_s13_qp_13,12,330,"Differentpartsoftheelectromagneticspectrumareusedfordifferentpurposes.Belowarefour
",1
0625_s13_qp_13_21,"21  The diagram represents a wave. 
 
",49.60618002,277.5037908,21,The diagram represents a wave    XYdistancedisplacement    How many wavelengths are there between X and Y? A     B   C     D   ,0625_s13_qp_13,12,310,"Thediagramrepresentsawave.

",1
0625_s13_qp_13_22,"22  Which diagram shows how a ray of light could pass through a glass block in air? 
 
",49.60533146,481.3970918,22,Which diagram shows how a ray of light could pass through a glass block in air?   A glassB glass glassCglassD     © UCLES          /  /M/J/   [Turn over,0625_s13_qp_13,12,320,"Whichdiagramshowshowarayoflightcouldpassthroughaglassblockinair?

",1
0625_s13_qp_13_23,"23  Which diagram correctly represents rays of light passing through a converging lens in a camera? 
 
",49.60629,87.72133958,23,Which diagram correctly represents rays of light passing through a converging lens in a camera?   A B C  object imagecameraDobject imagecamera objectlensimagecameralensobject imagecamera lens lens  ,0625_s13_qp_13,13,320,"Whichdiagramcorrectlyrepresentsraysoflightpassingthroughaconverginglensinacamera?

",1
0625_s13_qp_13_24,"24  The diagrams represent two sound waves. The scales in the two diagrams are the same. 
 
",49.60782602,445.311956,24,The diagrams represent two sound waves  The scales in the two diagrams are the same    displacementtimesound wave  displacementtimesound wave     Which statement describes the waves? A The waves have different loudness and different pitch  B The waves have different loudness but the same pitch  C The waves have the same loudness and the same pitch  D The waves have the same loudness but different pitch       © UCLES          /  /M/J/  ,0625_s13_qp_13,13,340,"Thediagramsrepresenttwosoundwaves.Thescalesinthetwodiagramsarethesame.

",1
0625_s13_qp_13_25,"25  Two soft-iron rods are placed end to end inside a coil which is connected to a battery. 
 
",49.60629,87.72133958,25,Two soft-iron rods are placed end to end inside a coil which is connected to a battery    soft-iron rod soft-iron rodcoil   The connections from the battery to the coil are now reversed   What happens to the soft-iron rods in each case?   battery connections as shown battery connections reversed  A rods attract rods attract  B rods attract rods repel  C rods repel rods attract  D rods repel rods repel  ,0625_s13_qp_13,14,450,"Twosoft-ironrodsareplacedendtoendinsideacoilwhichisconnectedtoabattery.

",1
0625_s13_qp_13_26,"26  A student claps once when standing 100 m away from a large wall. 
 
",49.60629,437.5449396,26,A student claps once when standing      m away from a large wall   The speed of sound in air is      m  / s   How long after clapping does the student hear an echo? A       s B       s C      s D      s ,0625_s13_qp_13,14,340,"Astudentclapsoncewhenstandingmawayfromalargewall.

",1
0625_s13_qp_13_27,"27  Which statement about magnetism is correct? 
",49.60753808,537.098367,27,Which statement about magnetism is correct? A Aluminium is a ferrous metal  B A steel magnet can be demagnetised by heating it  C The core of an electromagnet is usually made of steel  D The magnetic field lines around a bar magnet are evenly spaced       © UCLES          /  /M/J/   [Turn over,0625_s13_qp_13,14,410,"Whichstatementaboutmagnetismiscorrect?
",1
0625_s13_qp_13_28,"28  Three  charged  balls,  P,  Q  and  R  are  suspended  by  insulating  threads.  Ball  P  is  negatively 
",49.60629,75.0785688,28,"Three charged balls, P, Q and R are suspended by insulating threads  Ball P is negatively charged   Ball Q is brought close to ball P    –PQinsulating thread   Ball Q is now brought close to ball R    QR  What are the charges on ball Q and on ball R?   ball Q ball R  A positive positive  B positive negative  C negative positive  D negative negative  ",0625_s13_qp_13,15,420,"Threechargedballs,P,QandRaresuspendedbyinsulatingthreads.BallPisnegatively
",1
0625_s13_qp_13_29,"29  Which copper wire would have the smallest resistance? 
 
",49.60629,487.4918812,29,"Which copper wire would have the smallest resistance?  A a long, thick wire B a long, thin wire C a short, thick wire D a short, thin wire ",0625_s13_qp_13,15,420,"Whichcopperwirewouldhavethesmallestresistance?

",1
0625_s13_qp_13_30,"30  The diagram shows an electrical circuit. 
 
",49.60618002,615.7040794,30,The diagram shows an electrical circuit    PON LM   Between which two points must a voltmeter be connected to find the potential difference across the bell? A L and M B M and N C N and O D O and P     © UCLES          /  /M/J/  ,0625_s13_qp_13,15,430,"Thediagramshowsanelectricalcircuit.

",1
0625_s13_qp_13_31,"31  Which circuit could be used to determine the resistance of the resistor R? 
 
",49.60629,87.72133958,31,Which circuit could be used to determine the resistance of the resistor R?   A VDV AC RRV AAA VB R R  ,0625_s13_qp_13,16,430,"WhichcircuitcouldbeusedtodeterminetheresistanceoftheresistorR?

",1
0625_s13_qp_13_32,"32  The circuit shows a battery and four lamps. All the lamps are lit. 
 
",49.60683336,479.2992802,32,The circuit shows a battery and four lamps  All the lamps are lit   One lamp fails and all the lamps go out   Which lamp failed?   A B CD       © UCLES          /  /M/J/   [Turn over,0625_s13_qp_13,16,430,"Thecircuitshowsabatteryandfourlamps.Allthelampsarelit.

",1
0625_s13_qp_13_33,"33  The reading on the ammeter in the circuit is 1.0 A. 
 
",49.60629,87.72133958,33,The reading on the ammeter in the circuit is      A   A second ammeter is connected in the circuit  It also reads      A   At which labelled point is it connected?        AA B C D A  ,0625_s13_qp_13,17,430,"Thereadingontheammeterinthecircuitis.A.

",1
0625_s13_qp_13_34,"34  A desk lamp should have a 3 A fuse fitted, but a 13 A fuse has been fitted by mistake. 
 
",49.60640832,308.9087396,34,"A desk lamp should have a    A fuse fitted, but a     A fuse has been fitted by mistake   The lamp is not faulty   The lamp is switched on  What happens? A The fuse blows  B The fuse does not blow but the lamp does not light  C The lamp draws too much current and the supply cables could melt  D The lamp works normally  ",0625_s13_qp_13,17,440,"AdesklampshouldhaveaAfusefitted,butaAfusehasbeenfittedbymistake.

",1
0625_s13_qp_13_35,"35  The diagram shows a mains transformer that has an output voltage of 12 V. 
 
",49.60629834,486.0457396,35,The diagram shows a mains transformer that has an output voltage of     V         V a c input     V a c outputcoil with     turnssoft-iron core   How many turns of wire are in the secondary coil? A    B    C    D              © UCLES          /  /M/J/  ,0625_s13_qp_13,17,450,"ThediagramshowsamainstransformerthathasanoutputvoltageofV.

",1
0625_s13_qp_13_36,"36  An electric current can produce a heating effect and a magnetic effect. 
 
",49.60629,87.72133958,36,"An electric current can produce a heating effect and a magnetic effect   Which row shows the effect that a relay uses, together with one application of a relay?   effect used by a relay one application of a relay  A heating effect allowing a small current to switch on a large current  B heating effect changing the voltage of an alternating current  C magnetic effect allowing a small current to switch on a large current  D magnetic effect changing the voltage of an alternating current  ",0625_s13_qp_13,18,430,"Anelectriccurrentcanproduceaheatingeffectandamagneticeffect.

",1
0625_s13_qp_13_37,"37  In a cathode-ray tube, particles are fired at a screen. 
 
",49.60629,268.458957,37,"In a cathode-ray tube, particles are fired at a screen   What are these particles? A α-particles B electrons C neutrons D protons      © UCLES          /  /M/J/   [Turn over",0625_s13_qp_13,18,520,"Inacathode-raytube,particlesarefiredatascreen.

",1
0625_s13_qp_13_38,"38  The diagram shows an experiment to demonstrate electromagnetic induction. 
 
",49.60629,87.72133958,38,"The diagram shows an experiment to demonstrate electromagnetic induction    NSX YA wire   X and Y are joined, in turn, by four wires, each made of a different material   Each wire is then moved quickly downwards between the magnets   Which material will not give rise to an induced current in the wire? A aluminium B copper C iron D nylon ",0625_s13_qp_13,19,450,"Thediagramshowsanexperimenttodemonstrateelectromagneticinduction.

",1
0625_s13_qp_13_39,"39  The diagram represents a carbon atom. 
 
",49.60678768,521.7929899,39,"The diagram represents a carbon atom    + + +  + + +  + – –– ––––key neutron proton electron    What is the nucleon number (mass number) for this atom? A   B   C    D           Permission to reproduce items where thir d-party owned material protected by copyright is included has been sought and cleared w here possible  Every reasonable effort has been made by the publisher (UCLES) to trace copyright holder s, but if any items requiring clearance have unwittingly been included, the publisher will be pleased to make amends at the earliest possible opportunity   University of Cambridge International Examinations is part of t he Cambridge Assessment Group  Ca mbridge Assessment is the brand  name of University of Cambridge Local Examinations Syndicate (UCLES), which is itself a department of the University of Cambridge    © UCLES          /  /M/J/  ",0625_s13_qp_13,19,510,"Thediagramrepresentsacarbonatom.

",1
0625_s13_qp_13_40,"40  The graph shows how the count rate on a detector due to a radioactive source changes with time. 
 
",49.60629,87.72133958,40,The graph shows how the count rate on a detector due to a radioactive source changes with time                   count ratecounts per minute time  / hours  What is the count rate at     hours? A     counts per minute B     counts per minute C     counts per minute D   counts per minute    ,0625_s13_qp_13,20,520,"Thegraphshowshowthecountrateonadetectorduetoaradioactivesourcechangeswithtime.

",1
0625_s14_qp_11_01,"1  A student wishes to measure accurately the volume of approximately 40 cm3 of water. She has 
two  measuring  cylinders,  a  larger  one  that  can  hold  100 cm3,  and  a  smaller  one  that  can  hold 
50 cm3. The water forms a meniscus where it touches the glass. 
",49.60629,100.3637496,1,"A student wishes to measure accurately the volume of approximately    cm  of water  She has two measuring cylinders, a larger one that can hold      cm , and a smaller one that can hold     cm   The water forms a meniscus where it touches the glass    top ofmeniscusbottom ofmeniscus   Which cylinder should the student use and which water level should she use to ensure an accurate result?   cylinder water level  A larger one bottom of meniscus  B larger one top of meniscus  C smaller one bottom of meniscus  D smaller one top of meniscus  ",0625_s14_qp_11,2,110,"Astudentwishestomeasureaccuratelythevolumeofapproximatelycmofwater.Shehas
twomeasuringcylinders,alargeronethatcanholdcm,andasmalleronethatcanhold
cm.Thewaterformsameniscuswhereittouchestheglass.
",0
0625_s14_qp_11_02,"2  Which distance / time graph represents the motion of an object moving at constant speed? 
 
",49.60629,466.5433396,2,Which distance  / time graph represents the motion of an object moving at constant speed?   A   distancetimeB  distancetime C  distancetimeD  distancetime      © UCLES          /  /M/J/   [Turn over,0625_s14_qp_11,2,120,"Whichdistance/timegraphrepresentsthemotionofanobjectmovingatconstantspeed?

",0
0625_s14_qp_11_03,"3  The graph shows how the speed of a car changes with time. 
 
",49.60629,87.72133958,3,The graph shows how the speed of a car changes with time           time  / sspeedm  / s   Which calculation gives the distance travelled by the car in    seconds? A  m     B  m     C   m          ×  D  )(      × m ,0625_s14_qp_11,3,120,"Thegraphshowshowthespeedofacarchangeswithtime.

",0
0625_s14_qp_11_04,"4  Which instrument is used to compare the masses of objects? 
",49.6065471,418.8078795,4,Which instrument is used to compare the masses of objects? A a balance B a barometer C a manometer D a measuring cylinder ,0625_s14_qp_11,3,110,"Whichinstrumentisusedtocomparethemassesofobjects?
",0
0625_s14_qp_11_05,"5  A liquid has a volume of 100 cm3 and a mass of 85 g. 
 
 
 
",49.6065471,583.3024396,5,A liquid has a volume of      cm  and a mass of     g    The density of water is      g / cm    How does the density of the liquid compare with the density of water? A Its density is higher than that of water  B Its density is lower than that of water  C Its density is the same as that of water  D It is impossible to say with only this data      © UCLES          /  /M/J/  ,0625_s14_qp_11,3,220,"Aliquidhasavolumeofcmandamassofg.



",0
0625_s14_qp_11_06,"6  A plane lamina with centre of mass X touches the ground at point P. 
 
",49.60629,87.72133958,6,A plane lamina with centre of mass X touches the ground at point P   Which diagram shows the lamina in equilibrium?   PA PB P CP D   °  °  °  ° X XX X      © UCLES          /  /M/J/   [Turn over,0625_s14_qp_11,4,152,"AplanelaminawithcentreofmassXtouchesthegroundatpointP.

",0
0625_s14_qp_11_07,"7  A student adds weights to an elastic cord. He measures the length of the cord for each weight. 
 
",49.60629,87.72133958,7,"A student adds weights to an elastic cord  He measures the length of the cord for each weight   He then plots a graph from the results, as shown      weight  What has he plotted on the vertical axis? A measured length B original length C (measured length + original length) D (measured length – original length) ",0625_s14_qp_11,5,151,"Astudentaddsweightstoanelasticcord.Hemeasuresthelengthofthecordforeachweight.

",0
0625_s14_qp_11_08,"8  Which energy transfer takes place when a matchstick burns? 
",49.60669046,379.8600461,8,Which energy transfer takes place when a matchstick burns? A chemical to thermal B chemical to nuclear C nuclear to chemical D thermal to chemical ,0625_s14_qp_11,5,170,"Whichenergytransfertakesplacewhenamatchstickburns?
",0
0625_s14_qp_11_09,"9  Four cars are driven along a road. 
 
",49.60669046,519.0429284,9,Four cars are driven along a road   The table shows the work done by the engine in  each car and the time taken by each car   Which engine produces the most power?   work done by engine  / J time taken / s  A          B             C           D                  © UCLES          /  /M/J/  ,0625_s14_qp_11,5,170,"Fourcarsaredrivenalongaroad.

",0
0625_s14_qp_11_10,"10  Which situation is an example of a force acting over a large area to produce a small pressure? 
",49.60629,75.0785688,10,Which situation is an example of a force acting over a large area to produce a small pressure? A a builder hammering a nail into a piece of wood B a cook using a sharp knife to cut vegetables C a nurse pushing a needle into a patient’s arm D a soldier marching in flat-soled boots ,0625_s14_qp_11,6,180,"Whichsituationisanexampleofaforceactingoveralargeareatoproduceasmallpressure?
",0
0625_s14_qp_11_11,"11  A student places four identical beakers on a bench. 
 
",49.60629,214.2604612,11,A student places four identical beakers on a bench   Two beakers contain salt water of density      g / cm  and two beakers contain pure water of density      g / cm    Which beaker exerts the greatest pressure on the bench?   AB CD     cm  of saltwater     cm  of purewater     cm  of purewater     cm  of saltwater  ,0625_s14_qp_11,6,180,"Astudentplacesfouridenticalbeakersonabench.

",0
0625_s14_qp_11_12,"12  A student places his thumb firmly on the outlet of a bicycle pump, to stop the air coming out. 
 
",49.60738352,421.104056,12,"A student places his thumb firmly on the outlet of a bicycle pump, to stop the air coming out    direction of motion handle trapped air    What happens to the pressure and what happens to the volume of the trapped air as the pump handle is pushed in?   pressure volume  A decreases decreases  B decreases remains the same  C increases decreases  D increases remains the same      © UCLES          /  /M/J/   [Turn over",0625_s14_qp_11,6,210,"Astudentplaceshisthumbfirmlyontheoutletofabicyclepump,tostoptheaircomingout.

",0
0625_s14_qp_11_13,"13  During evaporation, molecules escape rapidly from the surface of a liquid. 
 
",49.60629,87.72133958,13,"During evaporation, molecules escape rapidly from the surface of a liquid   What happens to the average energy of the molecules of the remaining liquid and what happens to the temperature of the remaining liquid?   average energy of remaining molecules temperature of remaining liquid  A decreases decreases  B decreases increases  C stays the same decreases  D stays the same increases  ",0625_s14_qp_11,7,220,"Duringevaporation,moleculesescaperapidlyfromthesurfaceofaliquid.

",0
0625_s14_qp_11_14,"14  A telephone engineer connects a wire between two poles when the weather is very cold. 
",49.60629,283.1137962,14,A telephone engineer connects a wire between two poles when the weather is very cold  He makes the wire very loose  The wire passes over a road    pole polevery loose wire   The weather changes and it becomes very hot   What could happen to the wire and why?   what could happen why  A it breaks it contracts  B it breaks it expands  C it sags and touches cars on the road it contracts  D it sags and touches cars on the road it expands      © UCLES          /  /M/J/  ,0625_s14_qp_11,7,220,"Atelephoneengineerconnectsawirebetweentwopoleswhentheweatherisverycold.
",0
0625_s14_qp_11_15,"15  In  an  experiment,  a  thermometer  is  placed  in  a  test-tube  of  hot  liquid.  The  temperature  of  the 
",49.60629,75.0785688,15,"In an experiment, a thermometer is placed in a test-tube of hot liquid  The temperature of the liquid is recorded every half minute  The table shows the results   time  / minutes                                                                 temperature  / °C                                                 What is the melting point of the substance? A    °C B     °C C     °C D     °C ",0625_s14_qp_11,8,220,"Inanexperiment,athermometerisplacedinatest-tubeofhotliquid.Thetemperatureofthe
",0
0625_s14_qp_11_16,"16  Which statement about the transfer of thermal energy is correct? 
",49.60710278,231.5799647,16,Which statement about the transfer of thermal energy is correct? A All metals conduct thermal energy equally well  B Convection can only occur in solids or liquids  C Convection occurs in liquids because hot liquid is more dense than cold liquid  D The radiation that transfers thermal energy is a type of electromagnetic radiation  ,0625_s14_qp_11,8,230,"Whichstatementaboutthetransferofthermalenergyiscorrect?
",0
0625_s14_qp_11_17,"17  The  diagram  shows  a  heater  above  a  thermometer.  The  thermometer  bulb  is  in  the  position 
",49.60710278,358.1200762,17,The diagram shows a heater above a thermometer  The thermometer bulb is in the position shown    thermometer thermometer bulbairheater   Which row shows how the heat energy from the heater reaches the thermometer bulb?   conduction convection radiation  A yes yes no  B yes no yes  C no yes no  D no no yes      © UCLES          /  /M/J/   [Turn over,0625_s14_qp_11,8,230,"Thediagramshowsaheateraboveathermometer.Thethermometerbulbisintheposition
",0
0625_s14_qp_11_18,"18  Scout P signals to scout Q on the other side of a valley by using a mirror to reflect the Sun’s rays. 
 
",49.60629,87.72133958,18,Scout P signals to scout Q on the other side of a valley by using a mirror to reflect the Sun’s rays    mirror scout P Sun’s rays scout Q    Which mirror position would allow the Sun’s rays to be reflected to scout Q?   Sun’sraysSun’sraysSun’sraysSun’srays mirrorAB C D   ,0625_s14_qp_11,9,320,"ScoutPsignalstoscoutQontheothersideofavalleybyusingamirrortoreflecttheSun’srays.

",0
0625_s14_qp_11_19,"19  A small boat in a harbour is protected from waves on the sea by harbour walls. 
 
",49.60789168,451.264766,19,A small boat in a harbour is protected from waves on the sea by harbour walls    seasea land seasmallboat harbourharbourwallswaves   Some waves can curve round the harbour walls and reach the boat   What is the name of this effect? A diffraction B dispersion C reflection D refraction     © UCLES          /  /M/J/  ,0625_s14_qp_11,9,310,"Asmallboatinaharbourisprotectedfromwavesontheseabyharbourwalls.

",0
0625_s14_qp_11_20,"20  Which list shows electromagnetic waves in order of increasing frequency? 
",49.60629,75.0785688,20,"Which list shows electromagnetic waves in order of increasing frequency? A visible light, X-rays, γ-rays B visible light, γ-rays, X-rays C X-rays, γ-rays, visible light D γ-rays, X-rays, visible light ",0625_s14_qp_11,10,330,"Whichlistshowselectromagneticwavesinorderofincreasingfrequency?
",0
0625_s14_qp_11_21,"21  Which statement about a converging lens is not correct? 
",49.60541013,204.9047822,21,Which statement about a converging lens is not correct? A A ray parallel to the principal axis of the lens is refracted through the principal focus  B All rays of light refracted by the lens pass through the principal focus  C The distance between the centre of the lens and the principal focus is the focal length  D The principal focus of the lens is a point on the principal axis  ,0625_s14_qp_11,10,320,"Whichstatementaboutaconverginglensisnotcorrect?
",0
0625_s14_qp_11_22,"22  Rays of light enter and leave a box. 
 
",49.60508018,344.1153805,22,Rays of light enter and leave a box    ray  ray   ray  ray     What could be inside the box to make the rays behave as shown? A a converging lens B a parallel-sided glass block C a plane mirror D a triangular prism ,0625_s14_qp_11,10,320,"Raysoflightenterandleaveabox.

",0
0625_s14_qp_11_23,"23  A boy blows a whistle that has a frequency of 10 000 Hz. The boy’s friend cannot hear the sound 
",49.6067148,578.9372802,23,A boy blows a whistle that has a frequency of          Hz  The boy’s friend cannot hear the sound from the whistle  The friend has normal hearing   What could be a reason why he cannot hear the sound? A The amplitude is too large  B The amplitude is too small  C The frequency is too high  D The frequency is too low       © UCLES          /  /M/J/   [Turn over,0625_s14_qp_11,10,340,"AboyblowsawhistlethathasafrequencyofHz.Theboy’sfriendcannothearthesound
",0
0625_s14_qp_11_24,"24  A lighted candle is placed in front of a loudspeaker that is making a loud, steady note. The candle 
",49.60629,75.0785688,24,"A lighted candle is placed in front of a loudspeaker that is making a loud, steady note  The candle flame vibrates because of the sound wave    candle flameloudspeaker   Which type of waves are sound waves and in which direction does the flame vibrate?   type of wave direction of vibration  A longitudinal    B transverse    C longitudinal   D transverse   ",0625_s14_qp_11,11,340,"Alightedcandleisplacedinfrontofaloudspeakerthatismakingaloud,steadynote.Thecandle
",0
0625_s14_qp_11_25,"25  Two iron nails hang from a bar magnet. 
 
",49.60629,419.262057,25,Two iron nails hang from a bar magnet   Which diagram shows the magnetic poles induced in the nails?   ANNNSSSBNSNSNSCNNSSSNDNSSSNN barmagnet       © UCLES          /  /M/J/  ,0625_s14_qp_11,11,410,"Twoironnailshangfromabarmagnet.

",0
0625_s14_qp_11_26,"26  A steel magnet is placed inside a coil of wire. There is a large alternating current in the coil. The 
",49.60629,75.0785688,26,"A steel magnet is placed inside a coil of wire  There is a large alternating current in the coil  The magnet is slowly moved out of the coil to position P    steel magnet movedout of coil    V a c Pcoil of wire   How has the steel changed, if at all, when it reaches position P? A It has become a stronger magnet  B It has become demagnetised  C The poles have changed ends  D There has been no change  ",0625_s14_qp_11,12,450,"Asteelmagnetisplacedinsideacoilofwire.Thereisalargealternatingcurrentinthecoil.The
",0
0625_s14_qp_11_27,"27  A plastic rod and a dry cloth are uncharged. 
",49.60784736,360.2161661,27,A plastic rod and a dry cloth are uncharged  The rod is now rubbed with the cloth and t hey both become charged  The rod becomes negatively charged because some charged part icles move from the cloth to the rod  What is the charge on the cloth and which particles moved in the charging process?  charge on cloth particles that moved  A negative electrons  B negative neutrons  C positive electrons  D positive neutrons       © UCLES          /  /M/J/   [Turn over,0625_s14_qp_11,12,420,"Aplasticrodandadryclothareuncharged.
",0
0625_s14_qp_11_28,"28  The diagram shows an incomplete circuit. 
 
",49.60629,87.72133958,28,The diagram shows an incomplete circuit    AXY   Four wires of different length and thickness are connected in turn between point X and point Y  All four wires are made of the same metal   Which wire will cause the greatest reading on the ammeter? A long and thick B long and thin C short and thick D short and thin ,0625_s14_qp_11,13,420,"Thediagramshowsanincompletecircuit.

",0
0625_s14_qp_11_29,"29  The  diagram  shows  a  circuit  containing  a  battery,  a  lamp,  a  switch  and  another  component  X. 
",49.60669046,368.4938485,29,"The diagram shows a circuit containing a battery, a lamp, a switch and another component X  The switch is initially closed and the lamp is lit  The switch is now opened and the lamp remains lit for several seconds before slowly going out    component X  What is component X? A a capacitor B a light-dependent resistor C a thermistor D a variable resistor      © UCLES          /  /M/J/  ",0625_s14_qp_11,13,430,"Thediagramshowsacircuitcontainingabattery,alamp,aswitchandanothercomponentX.
",0
0625_s14_qp_11_30,"30  The diagram shows a circuit containing three lamps and three switches S1, S2 and S3. 
 
",49.60629,87.72133958,30,"The diagram shows a circuit containing three lamps and three switches S  , S   and S      lamp  lamp  lamp  S   S  S    Lamp   and lamp   are lit, but lamp   is not lit  Which switch or switches is/are closed? A S   only B S   and S   C S   and S   D S   and S   ",0625_s14_qp_11,14,430,"ThediagramshowsacircuitcontainingthreelampsandthreeswitchesS,SandS.

",0
0625_s14_qp_11_31,"31  The diagram shows part of an electric circuit. 
 
",49.60712022,393.8639378,31,The diagram shows part of an electric circuit        V    VV   The light falling on the light-dependent resistor (LDR) increases in brightness   What happens to the resistance of the LDR and what happens to the reading on the voltmeter?   resistance of LDR reading on voltmeter  A decreases decreases  B decreases increases  C increases decreases  D increases increases       © UCLES          /  /M/J/   [Turn over,0625_s14_qp_11,14,430,"Thediagramshowspartofanelectriccircuit.

",0
0625_s14_qp_11_32,"32  Which labelled component in the circuit shown controls the brightness of lamp X? 
 
",49.60629,87.72133958,32,Which labelled component in the circuit shown controls the brightness of lamp X?   V AB DCX  ,0625_s14_qp_11,15,430,"WhichlabelledcomponentinthecircuitshowncontrolsthebrightnessoflampX?

",0
0625_s14_qp_11_33,"33  An appliance is connected to a mains supply. Its circuit also contains a switch and a fuse. 
 
",49.60665192,328.2976802,33,An appliance is connected to a mains supply  Its circuit also contains a switch and a fuse   Which circuit shows the fuse in the correct position?   liveneutralapplianceliveneutralappliance liveneutral applianceliveneutralapplianceABCD       © UCLES          /  /M/J/  ,0625_s14_qp_11,15,440,"Anapplianceisconnectedtoamainssupply.Itscircuitalsocontainsaswitchandafuse.

",0
0625_s14_qp_11_34,"34  An electric current is passed through a coil of wire. 
 
",49.60629,87.72133958,34,An electric current is passed through a coil of wire    coil of wire  Which diagram shows the shape of the magnetic field produced in the middle of the coil?   A B CD       © UCLES          /  /M/J/   [Turn over,0625_s14_qp_11,16,450,"Anelectriccurrentispassedthroughacoilofwire.

",0
0625_s14_qp_11_35,"35  When a wire is moved upwards between the poles of a magnet, an electromotive force (e.m.f.) is 
",49.60629,75.0785688,35,"When a wire is moved upwards between the poles of a magnet, an electromotive force (e m f ) is induced across the ends of the wire    wire motionof wire N S    Which device uses a moving wire to induce an e m f ? A a cathode-ray tube B a generator C a transformer D an electromagnet ",0625_s14_qp_11,17,450,"Whenawireismovedupwardsbetweenthepolesofamagnet,anelectromotiveforce(e.m.f.)is
",0
0625_s14_qp_11_36,"36  An input voltage of 10 V is supplied to the primary coil of a transformer. An output voltage of 40 V 
",49.60675056,407.2143461,36,An input voltage of     V is supplied to the primary coil of a transformer  An output voltage of     V is produced across the secondary coil   The     V supply at the primary coil is now replaced with a     V supply   What is the new output voltage across the secondary coil? A     V B     V C     V D      V ,0625_s14_qp_11,17,450,"AninputvoltageofVissuppliedtotheprimarycoilofatransformer.AnoutputvoltageofV
",0
0625_s14_qp_11_37,"37  A  beam  of  cathode  rays  passes  between  two  parallel  metal  plates  connected  to  a  high-voltage 
",49.60698352,532.052667,37,A beam of cathode rays passes between two parallel metal plates connected to a high-voltage d c  power supply   Which path does the beam follow?   +++ cathode rays DCBA+++metal plate metal plate       © UCLES          /  /M/J/  ,0625_s14_qp_11,17,450,"Abeamofcathoderayspassesbetweentwoparallelmetalplatesconnectedtoahigh-voltage
",0
0625_s14_qp_11_38,"38  The table shows the results of an experiment to find the half-life of a radioactive substance. 
",49.60629,75.0785688,38,The table shows the results of an experiment to find the half-life of a radioactive substance  time  / s second/countssubstance from rate count                                   What is the half-life of the substance? A    seconds B     seconds C     seconds D     seconds ,0625_s14_qp_11,18,520,"Thetableshowstheresultsofanexperimenttofindthehalf-lifeofaradioactivesubstance.
",0
0625_s14_qp_11_39,"39  The diagram shows a box used for storing radioactive sources. 
 
",49.60599696,393.0704251,39,The diagram shows a box used for storing radioactive sources      Which material is best for lining the box to prevent the escape of most radioactive emissions? A aluminium B copper C lead D steel ,0625_s14_qp_11,18,520,"Thediagramshowsaboxusedforstoringradioactivesources.

",0
0625_s14_qp_11_40,"40  A lithium nucleus contains 3 protons and 4 neutrons. 
 
",49.60725224,719.5367309,40,"A lithium nucleus contains   protons and   neutrons   What is its nuclide notation? A  Li   B Li   C Li   D Li       © UCLES          /  /M/J/    BLANK PAGE      Permission to reproduce items where third -party owned material protected by copyright is included has been sought and cleared w here possible  Every reasonable effort has been made by the publisher (UCLES) to t race copyright holders, but if any items requiring clearance have unwittingly been included, the publisher will be pleased to make amends at the earliest possible opportunity   Cambridge International Examinations is part of the Cambridge Asse ssment Group  Cambridge Assessment is the brand name of Unive rsity of Cambridge Local Examinations Syndicate (UCLES), which is itself a department of the University of Cambridge    © UCLES          /  /M/J/    BLANK PAGE ",0625_s14_qp_11,18,510,"Alithiumnucleuscontainsprotonsandneutrons.

",0
0625_s14_qp_12_01,"1  The diagram shows part of a ruler. The ruler is used to find the length of a nail. 
 
",49.60629,87.72133958,1,The diagram shows part of a ruler  The ruler is used to find the length of a nail          cm  What is the length of the nail? A      cm B      cm C      cm D      cm ,0625_s14_qp_12,2,110,"Thediagramshowspartofaruler.Therulerisusedtofindthelengthofanail.

",0
0625_s14_qp_12_02,"2  Which distance / time graph represents the motion of an object moving at constant speed? 
 
",49.60692882,278.2663354,2,Which distance  / time graph represents the motion of an object moving at constant speed?   A   distancetimeB  distancetime C  distancetimeD  distancetime  ,0625_s14_qp_12,2,120,"Whichdistance/timegraphrepresentsthemotionofanobjectmovingatconstantspeed?

",1
0625_s14_qp_12_03,"3  A car takes 15 minutes to travel along a road that is 20 km long. 
",49.60673616,586.1935194,3,A car takes    minutes to travel along a road that is    km long  What is the average speed of the car? A       km  / h B      km  / h C     km  / h D      km  / h     © UCLES          /  /M/J/   [Turn over,0625_s14_qp_12,2,120,"Acartakesminutestotravelalongaroadthatiskmlong.
",0
0625_s14_qp_12_04,"4  A  customer  goes  to  a  market  and  buys  some  rice.  The  stallholder  pours  rice  into  a  dish  that 
",49.60629,75.0785688,4,"A customer goes to a market and buys some rice  The stallholder pours rice into a dish that hangs from a spring balance  He records the reading on the spring balance                  spring balance  rice  dish   The customer then buys some pasta and the stallholder notices that the reading on the spring balance, with just pasta in the dish, is the same as it was with just rice in the dish   The rice and the pasta must have the same A density  B temperature  C volume  D weight  ",0625_s14_qp_12,3,130,"Acustomergoestoamarketandbuyssomerice.Thestallholderpoursriceintoadishthat
",0
0625_s14_qp_12_05,"5  The table gives the volumes and masses of four objects. 
 
",49.60662616,472.8104249,5,The table gives the volumes and masses of four objects   Which object has the greatest density?   mass  / g volume  / cm A          B         C         D             © UCLES          /  /M/J/  ,0625_s14_qp_12,3,220,"Thetablegivesthevolumesandmassesoffourobjects.

",0
0625_s14_qp_12_06,"6  A wooden bar is pivoted at its centre so that it can rotate freely. Two equal forces F are applied to 
",49.60629,75.0785688,6,A wooden bar is pivoted at its centre so that it can rotate freely  Two equal forces F are applied to the bar   In which diagram is the turning effect greatest?   FFAFFBF F Cpivot DFFpivot      © UCLES          /  /M/J/   [Turn over,0625_s14_qp_12,4,152,"Awoodenbarispivotedatitscentresothatitcanrotatefreely.TwoequalforcesFareappliedto
",0
0625_s14_qp_12_07,"7  A student adds weights to an elastic cord. He measures the length of the cord for each weight. 
 
",49.60629,87.72133958,7,"A student adds weights to an elastic cord  He measures the length of the cord for each weight   He then plots a graph from the results, as shown      weight  What has he plotted on the vertical axis? A measured length B original length C (measured length + original length) D (measured length – original length) ",0625_s14_qp_12,5,151,"Astudentaddsweightstoanelasticcord.Hemeasuresthelengthofthecordforeachweight.

",1
0625_s14_qp_12_09,"9  A certain machine is very efficient. 
",49.60629,573.7500862,9,A certain machine is very efficient  What does this mean? A It produces a large amount of power  B It uses very little energy  C It wastes very little energy  D It works very quickly      © UCLES          /  /M/J/  ,0625_s14_qp_12,5,170,"Acertainmachineisveryefficient.
",0
0625_s14_qp_12_10,"10  The diagram shows a simple mercury barometer. 
 
",49.60629,87.72133958,10,The diagram shows a simple mercury barometer    P Q mercury   Atmospheric pressure decreases   What happens to the level of the mercury at P and what happens to the level of the mercury at Q?   P Q  A falls falls  B falls rises  C rises falls  D rises rises  ,0625_s14_qp_12,6,220,"Thediagramshowsasimplemercurybarometer.

",1
0625_s14_qp_12_11,"11  A student places four identical beakers on a bench. 
 
",49.60629,500.559757,11,A student places four identical beakers on a bench   Two beakers contain salt water of density      g / cm  and two beakers contain pure water of density      g / cm    Which beaker exerts the greatest pressure on the bench?   AB CD     cm  of saltwater     cm  of purewater     cm  of purewater     cm  of saltwater      © UCLES          /  /M/J/   [Turn over,0625_s14_qp_12,6,180,"Astudentplacesfouridenticalbeakersonabench.

",1
0625_s14_qp_12_12,"12  A student places his thumb firmly on the outlet of a bicycle pump, to stop the air coming out. 
 
",49.60629,87.72133958,12,"A student places his thumb firmly on the outlet of a bicycle pump, to stop the air coming out    direction of motion handle trapped air    What happens to the pressure and what happens to  the volume of the trapped air as the pump handle is pushed in?   pressure volume  A decreases decreases  B decreases remains the same  C increases decreases  D increases remains the same  ",0625_s14_qp_12,7,210,"Astudentplaceshisthumbfirmlyontheoutletofabicyclepump,tostoptheaircomingout.

",1
0625_s14_qp_12_13,"13  The diagram represents molecules of gas moving in a container. 
 
",49.60629,379.265267,13,The diagram represents molecules of gas moving in a container      What happens to the gas molecules when the temperature of the gas increases? A They move more quickly  B They move more slowly  C They vibrate more quickly  D They vibrate more slowly  ,0625_s14_qp_12,7,210,"Thediagramrepresentsmoleculesofgasmovinginacontainer.

",0
0625_s14_qp_12_14,"14  A liquid-in-glass thermometer is marked with a scale in °C. 
 
",49.60682342,681.5798273,14,A liquid-in-glass thermometer is marked with a scale in °C    –                                              °C  What is the temperature difference between the two fixed points for this thermometer? A    °C B   °C C    °C D    °C    © UCLES          /  /M/J/  ,0625_s14_qp_12,7,220,"Aliquid-in-glassthermometerismarkedwithascalein°C.

",0
0625_s14_qp_12_15,"15  Which statement gives the thermal capacity of a solid body? 
",49.60629,75.0785688,15,Which statement gives the thermal capacity of a solid body? A the energy needed to melt the body without a change in temperature B the energy per degree Celsius needed to  raise the temperature of the body C the increase in the volume of the body when its temperature is raised by one degree Celsius D the total amount of internal energy in the body ,0625_s14_qp_12,8,220,"Whichstatementgivesthethermalcapacityofasolidbody?
",0
0625_s14_qp_12_16,"16  In  an  experiment,  a  thermometer  is  placed  in  a  test-tube  of  hot  liquid.  The  temperature  of  the 
",49.60519016,201.6176904,16,"In an experiment, a thermometer is placed in a test-tube of hot liquid  The temperature of the liquid is recorded every half minute  The table shows the results   time  / minutes                                                                 temperature  / °C                                                 What is the melting point of the substance? A    °C B     °C C     °C D     °C ",0625_s14_qp_12,8,220,"Inanexperiment,athermometerisplacedinatest-tubeofhotliquid.Thetemperatureofthe
",1
0625_s14_qp_12_17,"17  The  diagram  shows  an  air-conditioning  unit  on  the  wall  of  a  room.  The  unit  draws  in  warm  air 
",49.60710278,358.1185547,17,The diagram shows an air-conditioning unit on the wall of a room  The unit draws in warm air from the room and releases cold air into the room    air-conditioningunit   What happens to the cold air and why?  cold air why?  A falls it is less dense than warm air  B falls it is more dense than warm air  C rises it is less dense than warm air  D rises it is more dense than warm air      © UCLES          /  /M/J/   [Turn over,0625_s14_qp_12,8,230,"Thediagramshowsanair-conditioningunitonthewallofaroom.Theunitdrawsinwarmair
",0
0625_s14_qp_12_18,"18  Which statement about thermal radiation is correct? 
",49.60629,75.0785688,18,Which statement about thermal radiation is correct? A It can only occur in a vacuum  B It involves movement of electrons through a material  C It involves movement of atoms  D It is infra-red radiation  ,0625_s14_qp_12,9,230,"Whichstatementaboutthermalradiationiscorrect?
",0
0625_s14_qp_12_19,"19  Scout P signals to scout Q on the other side of a valley by using a mirror to reflect the Sun’s rays. 
 
",49.60618002,214.2604612,19,Scout P signals to scout Q on the other side of a valley by using a mirror to reflect the Sun’s rays    mirror scout P Sun’s rays scout Q    Which mirror position would allow the Sun’s rays to be reflected to scout Q?   Sun’sraysSun’sraysSun’sraysSun’srays mirrorAB C D       © UCLES          /  /M/J/  ,0625_s14_qp_12,9,320,"ScoutPsignalstoscoutQontheothersideofavalleybyusingamirrortoreflecttheSun’srays.

",1
0625_s14_qp_12_20,"20  A small boat in a harbour is protected from waves on the sea by harbour walls. 
 
",49.60629,87.72133958,20,A small boat in a harbour is protected from waves on the sea by harbour walls    seasea land seasmallboat harbourharbourwallswaves   Some waves can curve round the harbour walls and reach the boat   What is the name of this effect? A diffraction B dispersion C reflection D refraction ,0625_s14_qp_12,10,310,"Asmallboatinaharbourisprotectedfromwavesontheseabyharbourwalls.

",1
0625_s14_qp_12_21,"21  Which statement about ultraviolet waves is correct? 
",49.60768168,423.8552775,21,Which statement about ultraviolet waves is correct? A They are used in television remote controllers  B They can be detected by the human eye  C They travel as longitudinal waves  D They have the same speed in a vacuum as radio waves       © UCLES          /  /M/J/   [Turn over,0625_s14_qp_12,10,330,"Whichstatementaboutultravioletwavesiscorrect?
",0
0625_s14_qp_12_22,"22  A boy wears a shirt with a letter F on the front. He stands in front of a plane mirror. 
 
",49.60629,87.72133958,22,A boy wears a shirt with a letter F on the front  He stands in front of a plane mirror    mirro r   What does he see in the mirror?   ABCD  ,0625_s14_qp_12,11,320,"AboywearsashirtwithaletterFonthefront.Hestandsinfrontofaplanemirror.

",0
0625_s14_qp_12_23,"23  Rays of light enter and leave a box. 
 
",49.60683336,393.267866,23,Rays of light enter and leave a box    ray  ray   ray  ray     What could be inside the box to make the rays behave as shown? A a converging lens B a parallel-sided glass block C a plane mirror D a triangular prism      © UCLES          /  /M/J/  ,0625_s14_qp_12,11,320,"Raysoflightenterandleaveabox.

",1
0625_s14_qp_12_24,"24  The  diagrams  show  the  wave  patterns  of  four  sounds  shown  on  a  cathode-ray  oscilloscope 
",49.60629,75.0785688,24,The diagrams show the wave patterns of four sounds shown on a cathode-ray oscilloscope (c r o )  The oscilloscope controls are set the same for each sound   Which sound has the highest pitch?   AB CD  ,0625_s14_qp_12,12,340,"Thediagramsshowthewavepatternsoffoursoundsshownonacathode-rayoscilloscope
",0
0625_s14_qp_12_25,"25  A lighted candle is placed in front of a loudspeaker that is making a loud, steady note. The candle 
",49.60694336,455.6014094,25,"A lighted candle is placed in front of a loudspeaker that is making a loud, steady note  The candle flame vibrates because of the sound wave    candle flameloudspeaker   Which type of waves are sound waves and in which direction does the flame vibrate?   type of wave direction of vibration  A longitudinal    B transverse    C longitudinal   D transverse        © UCLES          /  /M/J/   [Turn over",0625_s14_qp_12,12,340,"Alightedcandleisplacedinfrontofaloudspeakerthatismakingaloud,steadynote.Thecandle
",1
0625_s14_qp_12_26,"26  Which row correctly shows whether copper and steel are ferrous or non-ferrous? 
 
",49.60629,87.72133958,26,Which row correctly shows whether copper and steel are ferrous or non-ferrous?   copper steel  A ferrous ferrous  B ferrous non-ferrous  C non-ferrous ferrous  D non-ferrous non-ferrous  ,0625_s14_qp_12,13,410,"Whichrowcorrectlyshowswhethercopperandsteelareferrousornon-ferrous?

",0
0625_s14_qp_12_27,"27  A steel magnet is placed inside a coil of wire. There is a large alternating current in the coil. The 
",49.60629,231.0129104,27,"A steel magnet is placed inside a coil of wire  There is a large alternating current in the coil  The magnet is slowly moved out of the coil to position P    steel magnet movedout of coil    V a c Pcoil of wire   How has the steel changed, if at all, when it reaches position P? A It has become a stronger magnet  B It has become demagnetised  C The poles have changed ends  D There has been no change       © UCLES          /  /M/J/  ",0625_s14_qp_12,13,450,"Asteelmagnetisplacedinsideacoilofwire.Thereisalargealternatingcurrentinthecoil.The
",1
0625_s14_qp_12_28,"28  Two  balloons,  X  and  Y,  are  suspended  by  insulating  threads.  They  are  each  held  near  a 
",49.60629,75.0785688,28,"Two balloons, X and Y, are suspended by insu lating threads  They are each held near a negatively charged balloon  The balloons hang as shown    –– ––––––––––insulatingthreads X––––––––––––insulatingthreads Y   What is the charge on balloon X and what is the charge on balloon Y?   balloon X balloon Y  A negative negative  B negative positive  C positive negative  D positive positive  ",0625_s14_qp_12,14,420,"Twoballoons,XandY,aresuspendedbyinsulatingthreads.Theyareeachheldneara
",0
0625_s14_qp_12_29,"29  Which quantities is a voltmeter used to measure? 
",49.60629,378.6129862,29,"Which quantities is a voltmeter used to measure? A current and e m f  only B current and p d  only C e m f  and p d  only D e m f , current and p d ",0625_s14_qp_12,14,430,"Whichquantitiesisavoltmeterusedtomeasure?
",0
0625_s14_qp_12_30,"30  The diagram shows a lamp and a resistor connected in a circuit. The lamp is too bright. 
 
",49.60629,517.7958685,30,The diagram shows a lamp and a resistor connected in a circuit  The lamp is too bright      Which change to the circuit will decrease the current in the lamp and make it less bright? A connecting another resistor in parallel with the one in the circuit B connecting another resistor in series with the one in the circuit C exchanging the positions of the lamp and the resistor in the circuit D increasing the e m f  of the battery in the circuit      © UCLES          /  /M/J/   [Turn over,0625_s14_qp_12,14,430,"Thediagramshowsalampandaresistorconnectedinacircuit.Thelampistoobright.

",0
0625_s14_qp_12_31,"31  Which statement is not correct for lamps connected in parallel? 
",49.60629,75.0785688,31,Which statement is not correct for lamps connected in parallel? A They can be switched on and off separately  B They will remain bright if another lamp is connected in parallel  C They share the supply voltage equally between them  D They still operate if one lamp is removed  ,0625_s14_qp_12,15,430,"Whichstatementisnotcorrectforlampsconnectedinparallel?
",0
0625_s14_qp_12_32,"32  A  student  connects  a  circuit  using  an  uncharged  capacitor  C,  with  a  large  capacitance,  and  a 
",49.60607003,201.6176904,32,"A student connects a circuit using an uncharged capacitor C, with a large capacitance, and a resistor R, with a high resistance    The switch is closed  The reading on the voltmeter P rises immediately to a maximum value, then starts to fall gradually   VVRPQC   What happens to the reading on the voltmeter Q and what happens to the energy stored in the capacitor?   reading on voltmeter Q energy stored in capacitor  A falls decreases  B falls increases  C rises decreases  D rises increases       © UCLES          /  /M/J/  ",0625_s14_qp_12,15,430,"AstudentconnectsacircuitusinganunchargedcapacitorC,withalargecapacitance,anda
",0
0625_s14_qp_12_33,"33  Which labelled component in the circuit shown controls the brightness of lamp X? 
 
",49.60629,87.72133958,33,Which labelled component in the circuit shown controls the brightness of lamp X?   V AB DCX  ,0625_s14_qp_12,16,430,"WhichlabelledcomponentinthecircuitshowncontrolsthebrightnessoflampX?

",1
0625_s14_qp_12_34,"34  In  the  circuit  shown,  the  current  from  the  battery  divides  equally  between  the  two  lamps.  Each 
",49.60727358,315.6549094,34,"In the circuit shown, the current from the battery divides equally between the two lamps  Each ammeter reads      A    A A   What is a suitable rating for the fuse in this circuit? A      A B      A C       A D       A      © UCLES          /  /M/J/   [Turn over",0625_s14_qp_12,16,430,"Inthecircuitshown,thecurrentfromthebatterydividesequallybetweenthetwolamps.Each
",0
0625_s14_qp_12_35,"35  A metal wire is placed between the poles of a magnet. 
 
",49.60629,87.72133958,35,"A metal wire is placed between the poles of a magnet   The wire can be moved in each of three directions OP, QR and ST    RTQS S pole N pole OP metal wire   In which direction or directions must the wire be moved to induce an e m f  across the ends of the wire?  A OP only B OP or ST C QR D ST only ",0625_s14_qp_12,17,450,"Ametalwireisplacedbetweenthepolesofamagnet.

",0
0625_s14_qp_12_36,"36  A  transformer  has  100  turns  on  its  primary  coil  and  25  turns  on  its  secondary  coil.  The  primary 
",49.60452512,377.196755,36,A transformer has     turns on its primary coil and    turns on its secondary coil  The primary coil is connected to a     V a c  supply       turnsprimary coil    Vsecondary coil  turns   What is the voltage induced across the secondary coil? A      V B      V C     V D      V      © UCLES          /  /M/J/  ,0625_s14_qp_12,17,450,"Atransformerhasturnsonitsprimarycoilandturnsonitssecondarycoil.Theprimary
",0
0625_s14_qp_12_37,"37  A  beam  of  cathode  rays  passes  between  two  parallel  metal  plates  connected  to  a  high-voltage 
",49.60629,75.0785688,37,A beam of cathode rays passes between two parallel metal plates connected to a high-voltage d c  power supply   Which path does the beam follow?   +++ cathode rays DCBA+++metal plate metal plate  ,0625_s14_qp_12,18,450,"Abeamofcathoderayspassesbetweentwoparallelmetalplatesconnectedtoahigh-voltage
",1
0625_s14_qp_12_38,"38  Compared with β-particles and γ-rays, α-particles 
",49.60775456,329.3461022,38,"Compared with β-particles and γ-rays, α-particles A are the only type of radiation to carry a charge  B have the greatest ionising effect  C have the greatest penetrating effect  D have the smallest mass  ",0625_s14_qp_12,18,520,"Comparedwithβ-particlesandγ-rays,α-particles
",0
0625_s14_qp_12_39,"39  The diagram shows a box used for storing radioactive sources. 
 
",49.60874442,468.6411682,39,The diagram shows a box used for storing radioactive sources      Which material is best for lining the box to prevent the escape of most radioactive emissions? A aluminium B copper C lead D steel      © UCLES          /  /M/J/  ,0625_s14_qp_12,18,520,"Thediagramshowsaboxusedforstoringradioactivesources.

",1
0625_s14_qp_12_40,"40  A particular nuclide of chlorine can be represented by the symbol shown. 
 
",49.60629,87.72133958,40,"A particular nuclide of chlorine can be represented by the symbol shown    lC      How many electrons are there in a neutral atom of this nuclide? A    B    C    D           Permission to reproduce items where thir d-party owned material protected by copyright is included has been sought and cleared w here possible  Every reasonable effort has been made by the publisher (UCLES) to trace copyright holder s, but if any items requiring clearance have unwittingly been included, the publisher will be pleased to make amends at the earliest possible opportunity   Cambridge International Examinations is part of the Cambridge Asse ssment Group  Cambridge Assessment is the brand name of Unive rsity of Cambridge Local Examinations Syndicate (UCLES), which is itself a department of the University of Cambridge    © UCLES          /  /M/J/    BLANK PAGE ",0625_s14_qp_12,19,510,"Aparticularnuclideofchlorinecanberepresentedbythesymbolshown.

",0
0625_s14_qp_13_01,"1  Which instrument is used to compare the masses of objects? 
",49.60629,75.0785688,1,Which instrument is used to compare the masses of objects? A a balance B a barometer C a manometer D a measuring cylinder ,0625_s14_qp_13,2,110,"Whichinstrumentisusedtocomparethemassesofobjects?
",1
0625_s14_qp_13_02,"2  The graph shows how the speed of a car changes with time. 
 
",49.60629,214.2604612,2,The graph shows how the speed of a car changes with time           time  / sspeedm  / s   Which calculation gives the distance travelled by the car in    seconds? A  m     B  m     C   m          ×  D  )(      × m     © UCLES          /  /M/J/   [Turn over,0625_s14_qp_13,2,120,"Thegraphshowshowthespeedofacarchangeswithtime.

",1
0625_s14_qp_13_03,"3  Which distance / time graph represents the motion of an object moving at constant speed? 
 
",49.60629,87.72133958,3,Which distance  / time graph represents the motion of an object moving at constant speed?   A   distancetimeB  distancetime C  distancetimeD  distancetime  ,0625_s14_qp_13,3,120,"Whichdistance/timegraphrepresentsthemotionofanobjectmovingatconstantspeed?

",1
0625_s14_qp_13_04,"4  A student wishes to measure accurately the volume of approximately 40 cm3 of water. She has 
two  measuring  cylinders,  a  larger  one  that  can  hold  100 cm3,  and  a  smaller  one  that  can  hold 
50 cm3. The water forms a meniscus where it touches the glass. 
",49.60673616,420.9622396,4,"A student wishes to measure accurately the volume of approximately    cm   of water  She has two measuring cylinders, a larger one that can hold      cm , and a smaller one that can hold     cm   The water forms a meniscus where it touches the glass    top ofmeniscusbottom ofmeniscus   Which cylinder should the student use and which water level should she use to ensure an accurate result?   cylinder water level  A larger one bottom of meniscus  B larger one top of meniscus  C smaller one bottom of meniscus  D smaller one top of meniscus      © UCLES          /  /M/J/  ",0625_s14_qp_13,3,110,"Astudentwishestomeasureaccuratelythevolumeofapproximatelycmofwater.Shehas
twomeasuringcylinders,alargeronethatcanholdcm,andasmalleronethatcanhold
cm.Thewaterformsameniscuswhereittouchestheglass.
",1
0625_s14_qp_13_05,"5  A student adds weights to an elastic cord. He measures the length of the cord for each weight. 
 
",49.60629,87.72133958,5,"A student adds weights to an elastic cord  He measures the length of the cord for each weight   He then plots a graph from the results, as shown      weight  What has he plotted on the vertical axis? A measured length B original length C (measured length + original length) D (measured length – original length) ",0625_s14_qp_13,4,151,"Astudentaddsweightstoanelasticcord.Hemeasuresthelengthofthecordforeachweight.

",1
0625_s14_qp_13_06,"6  A liquid has a volume of 100 cm3 and a mass of 85 g. 
 
 
 
",49.60655984,417.7874396,6,A liquid has a volume of      cm  and a mass of     g    The density of water is      g / cm    How does the density of the liquid compare with the density of water? A Its density is higher than that of water  B Its density is lower than that of water  C Its density is the same as that of water  D It is impossible to say with only this data  ,0625_s14_qp_13,4,220,"Aliquidhasavolumeofcmandamassofg.



",1
0625_s14_qp_13_07,"7  Which situation is an example of a force acting over a large area to produce a small pressure? 
",49.60703459,556.9978179,7,Which situation is an example of a force acting over a large area to produce a small pressure? A a builder hammering a nail into a piece of wood B a cook using a sharp knife to cut vegetables C a nurse pushing a needle into a patient’s arm D a soldier marching in flat-soled boots     © UCLES          /  /M/J/   [Turn over,0625_s14_qp_13,4,180,"Whichsituationisanexampleofaforceactingoveralargeareatoproduceasmallpressure?
",1
0625_s14_qp_13_08,"8  A student places four identical beakers on a bench. 
 
",49.60629,87.72133958,8,A student places four identical beakers on a bench   Two beakers contain salt water of density      g / cm  and two beakers contain pure water of density      g / cm    Which beaker exerts the greatest pressure on the bench?   AB CD     cm  of saltwater     cm  of purewater     cm  of purewater     cm  of saltwater  ,0625_s14_qp_13,5,180,"Astudentplacesfouridenticalbeakersonabench.

",1
0625_s14_qp_13_09,"9  A plane lamina with centre of mass X touches the ground at point P. 
 
",49.60738352,294.565566,9,A plane lamina with centre of mass X touches the ground at point P   Which diagram shows the lamina in equilibrium?   PA PB P CP D   °  °  °  ° X XX X      © UCLES          /  /M/J/  ,0625_s14_qp_13,5,152,"AplanelaminawithcentreofmassXtouchesthegroundatpointP.

",1
0625_s14_qp_13_10,"10  Four cars are driven along a road. 
 
",49.60629,87.72133958,10,Four cars are driven along a road   The table shows the work done by the engine in  each car and the time taken by each car   Which engine produces the most power?   work done by engine  / J time taken / s  A          B             C           D              ,0625_s14_qp_13,6,170,"Fourcarsaredrivenalongaroad.

",1
0625_s14_qp_13_11,"11  Which energy transfer takes place when a matchstick burns? 
",49.60629,287.0538004,11,Which energy transfer takes place when a matchstick burns? A chemical to thermal B chemical to nuclear C nuclear to chemical D thermal to chemical ,0625_s14_qp_13,6,170,"Whichenergytransfertakesplacewhenamatchstickburns?
",1
0625_s14_qp_13_12,"12  The  diagram  shows  a  heater  above  a  thermometer.  The  thermometer  bulb  is  in  the  position 
",49.60629,413.5939119,12,The diagram shows a heater above a thermometer  The thermometer bulb is in the position shown    thermometer thermometer bulbairheater   Which row shows how the heat energy from the heater reaches the thermometer bulb?   conduction convection radiation  A yes yes no  B yes no yes  C no yes no  D no no yes      © UCLES          /  /M/J/   [Turn over,0625_s14_qp_13,6,230,"Thediagramshowsaheateraboveathermometer.Thethermometerbulbisintheposition
",1
0625_s14_qp_13_13,"13  Which statement about the transfer of thermal energy is correct? 
",49.60629,75.0785688,13,Which statement about the transfer of thermal energy is correct? A All metals conduct thermal energy equally well  B Convection can only occur in solids or liquids  C Convection occurs in liquids because hot liquid is more dense than cold liquid  D The radiation that transfers thermal energy is a type of electromagnetic radiation  ,0625_s14_qp_13,7,230,"Whichstatementaboutthetransferofthermalenergyiscorrect?
",1
0625_s14_qp_13_14,"14  In  an  experiment,  a  thermometer  is  placed  in  a  test-tube  of  hot  liquid.  The  temperature  of  the 
",49.60629,201.6176904,14,"In an experiment, a thermometer is placed in a test-tube of hot liquid  The temperature of the liquid is recorded every half minute  The table shows the results   time  / minutes                                                                 temperature  / °C                                                 What is the melting point of the substance? A    °C B     °C C     °C D     °C ",0625_s14_qp_13,7,220,"Inanexperiment,athermometerisplacedinatest-tubeofhotliquid.Thetemperatureofthe
",1
0625_s14_qp_13_15,"15  A telephone engineer connects a wire between two poles when the weather is very cold. 
",49.60710278,358.1185547,15,A telephone engineer connects a wire between two poles when the weather is very cold  He makes the wire very loose  The wire passes over a road    pole polevery loose wire   The weather changes and it becomes very hot   What could happen to the wire and why?   what could happen why  A it breaks it contracts  B it breaks it expands  C it sags and touches cars on the road it contracts  D it sags and touches cars on the road it expands      © UCLES          /  /M/J/  ,0625_s14_qp_13,7,220,"Atelephoneengineerconnectsawirebetweentwopoleswhentheweatherisverycold.
",1
0625_s14_qp_13_16,"16  During evaporation, molecules escape rapidly from the surface of a liquid. 
 
",49.60629,87.72133958,16,"During evaporation, molecules escape rapidly from the surface of a liquid   What happens to the average energy of the molecules of the remaining liquid and what happens to the temperature of the remaining liquid?   average energy of remaining molecules temperature of remaining liquid  A decreases decreases  B decreases increases  C stays the same decreases  D stays the same increases  ",0625_s14_qp_13,8,220,"Duringevaporation,moleculesescaperapidlyfromthesurfaceofaliquid.

",1
0625_s14_qp_13_17,"17  A student places his thumb firmly on the outlet of a bicycle pump, to stop the air coming out. 
 
",49.60629,295.756567,17,"A student places his thumb firmly on the outlet of a bicycle pump, to stop the air coming out    direction of motion handle trapped air    What happens to the pressure and what happens to  the volume of the trapped air as the pump handle is pushed in?   pressure volume  A decreases decreases  B decreases remains the same  C increases decreases  D increases remains the same  ",0625_s14_qp_13,8,210,"Astudentplaceshisthumbfirmlyontheoutletofabicyclepump,tostoptheaircomingout.

",1
0625_s14_qp_13_18,"18  A boy blows a whistle that has a frequency of 10 000 Hz. The boy’s friend cannot hear the sound 
",49.60629,574.6571062,18,A boy blows a whistle that has a frequency of          Hz  The boy’s friend cannot hear the sound from the whistle  The friend has normal hearing   What could be a reason why he cannot hear the sound? A The amplitude is too large  B The amplitude is too small  C The frequency is too high  D The frequency is too low      © UCLES          /  /M/J/   [Turn over,0625_s14_qp_13,8,340,"AboyblowsawhistlethathasafrequencyofHz.Theboy’sfriendcannothearthesound
",1
0625_s14_qp_13_19,"19  A lighted candle is placed in front of a loudspeaker that is making a loud, steady note. The candle 
",49.60629,75.0785688,19,"A lighted candle is placed in front of a loudspeaker that is making a loud, steady note  The candle flame vibrates because of the sound wave    candle flameloudspeaker   Which type of waves are sound waves and in which direction does the flame vibrate?   type of wave direction of vibration  A longitudinal    B transverse    C longitudinal   D transverse   ",0625_s14_qp_13,9,340,"Alightedcandleisplacedinfrontofaloudspeakerthatismakingaloud,steadynote.Thecandle
",1
0625_s14_qp_13_20,"20  Which list shows electromagnetic waves in order of increasing frequency? 
",49.60629,406.6192862,20,"Which list shows electromagnetic waves in order of increasing frequency? A visible light, X-rays, γ-rays B visible light, γ-rays, X-rays C X-rays, γ-rays, visible light D γ-rays, X-rays, visible light     © UCLES          /  /M/J/  ",0625_s14_qp_13,9,330,"Whichlistshowselectromagneticwavesinorderofincreasingfrequency?
",1
0625_s14_qp_13_21,"21  A small boat in a harbour is protected from waves on the sea by harbour walls. 
 
",49.60629,87.72133958,21,A small boat in a harbour is protected from waves on the sea by harbour walls    seasea land seasmallboat harbourharbourwallswaves   Some waves can curve round the harbour walls and reach the boat   What is the name of this effect? A diffraction B dispersion C reflection D refraction ,0625_s14_qp_13,10,310,"Asmallboatinaharbourisprotectedfromwavesontheseabyharbourwalls.

",1
0625_s14_qp_13_22,"22  Scout P signals to scout Q on the other side of a valley by using a mirror to reflect the Sun’s rays. 
 
",49.60707352,436.4980483,22,Scout P signals to scout Q on the other side of a valley by using a mirror to reflect the Sun’s rays    mirror scout P Sun’s rays scout Q    Which mirror position would allow the Sun’s rays to be reflected to scout Q?   Sun’sraysSun’sraysSun’sraysSun’srays mirrorAB C D        © UCLES          /  /M/J/   [Turn over,0625_s14_qp_13,10,320,"ScoutPsignalstoscoutQontheothersideofavalleybyusingamirrortoreflecttheSun’srays.

",1
0625_s14_qp_13_23,"23  Which statement about a converging lens is not correct? 
",49.60629,75.0785688,23,Which statement about a converging lens is not correct? A A ray parallel to the principal axis of the lens is refracted through the principal focus  B All rays of light refracted by the lens pass through the principal focus  C The distance between the centre of the lens and the principal focus is the focal length  D The principal focus of the lens is a point on the principal axis  ,0625_s14_qp_13,11,320,"Whichstatementaboutaconverginglensisnotcorrect?
",1
0625_s14_qp_13_24,"24  Rays of light enter and leave a box. 
 
",49.60596005,214.2604612,24,Rays of light enter and leave a box    ray  ray   ray  ray     What could be inside the box to make the rays behave as shown? A a converging lens B a parallel-sided glass block C a plane mirror D a triangular prism ,0625_s14_qp_13,11,320,"Raysoflightenterandleaveabox.

",1
0625_s14_qp_13_25,"25  A plastic rod and a dry cloth are uncharged. 
",49.6067148,449.1116559,25,A plastic rod and a dry cloth are uncharged  The rod is now rubbed with the cloth and t hey both become charged  The rod becomes negatively charged because some charged part icles move from the cloth to the rod  What is the charge on the cloth and which particles moved in the charging process?  charge on cloth particles that moved  A negative electrons  B negative neutrons  C positive electrons  D positive neutrons       © UCLES          /  /M/J/  ,0625_s14_qp_13,11,420,"Aplasticrodandadryclothareuncharged.
",1
0625_s14_qp_13_26,"26  The diagram shows a circuit containing three lamps and three switches S1, S2 and S3. 
 
",49.60629,87.72133958,26,"The diagram shows a circuit containing three lamps and three switches S  , S   and S      lamp  lamp  lamp  S   S  S    Lamp   and lamp   are lit, but lamp   is not lit  Which switch or switches is/are closed? A S   only B S   and S   C S   and S   D S   and S   ",0625_s14_qp_13,12,430,"ThediagramshowsacircuitcontainingthreelampsandthreeswitchesS,SandS.

",1
0625_s14_qp_13_27,"27  Which labelled component in the circuit shown controls the brightness of lamp X? 
 
",49.60712022,393.8639378,27,Which labelled component in the circuit shown controls the brightness of lamp X?   V AB DCX       © UCLES          /  /M/J/   [Turn over,0625_s14_qp_13,12,430,"WhichlabelledcomponentinthecircuitshowncontrolsthebrightnessoflampX?

",1
0625_s14_qp_13_28,"28  The diagram shows part of an electric circuit. 
 
",49.60629,87.72133958,28,The diagram shows part of an electric circuit        V    VV   The light falling on the light-dependent resistor (LDR) increases in brightness   What happens to the resistance of the LDR and what happens to the reading on the voltmeter?   resistance of LDR reading on voltmeter  A decreases decreases  B decreases increases  C increases decreases  D increases increases  ,0625_s14_qp_13,13,430,"Thediagramshowspartofanelectriccircuit.

",1
0625_s14_qp_13_29,"29  The diagram shows an incomplete circuit. 
 
",49.60629,474.055867,29,The diagram shows an incomplete circuit    AXY   Four wires of different length and thickness are connected in turn between point X and point Y  All four wires are made of the same metal   Which wire will cause the greatest reading on the ammeter? A long and thick B long and thin C short and thick D short and thin      © UCLES          /  /M/J/  ,0625_s14_qp_13,13,420,"Thediagramshowsanincompletecircuit.

",1
0625_s14_qp_13_30,"30  The  diagram  shows  a  circuit  containing  a  battery,  a  lamp,  a  switch  and  another  component  X. 
",49.60629,75.0785688,30,"The diagram shows a circuit containing a battery, a lamp, a switch and another component X  The switch is initially closed and the lamp is lit  The switch is now opened and the lamp remains lit for several seconds before slowly going out    component X  What is component X? A a capacitor B a light-dependent resistor C a thermistor D a variable resistor ",0625_s14_qp_13,14,430,"Thediagramshowsacircuitcontainingabattery,alamp,aswitchandanothercomponentX.
",1
0625_s14_qp_13_31,"31  An appliance is connected to a mains supply. Its circuit also contains a switch and a fuse. 
 
",49.60633754,403.5022068,31,An appliance is connected to a mains supply  Its circuit also contains a switch and a fuse   Which circuit shows the fuse in the correct position?   liveneutralapplianceliveneutralappliance liveneutral applianceliveneutralapplianceABCD       © UCLES          /  /M/J/   [Turn over,0625_s14_qp_13,14,440,"Anapplianceisconnectedtoamainssupply.Itscircuitalsocontainsaswitchandafuse.

",1
0625_s14_qp_13_32,"32  Two iron nails hang from a bar magnet. 
 
",49.60629,87.72133958,32,Two iron nails hang from a bar magnet   Which diagram shows the magnetic poles induced in the nails?   ANNNSSSBNSNSNSCNNSSSNDNSSSNN barmagnet  ,0625_s14_qp_13,15,410,"Twoironnailshangfromabarmagnet.

",1
0625_s14_qp_13_33,"33  A steel magnet is placed inside a coil of wire. There is a large alternating current in the coil. The 
",49.60720208,347.9700053,33,"A steel magnet is placed inside a coil of wire  There is a large alternating current in the coil  The magnet is slowly moved out of the coil to position P    steel magnet movedout of coil    V a c Pcoil of wire   How has the steel changed, if at all, when it reaches position P? A It has become a stronger magnet  B It has become demagnetised  C The poles have changed ends  D There has been no change       © UCLES          /  /M/J/  ",0625_s14_qp_13,15,450,"Asteelmagnetisplacedinsideacoilofwire.Thereisalargealternatingcurrentinthecoil.The
",1
0625_s14_qp_13_34,"34  When a wire is moved upwards between the poles of a magnet, an electromotive force (e.m.f.) is 
",49.60629,75.0785688,34,"When a wire is moved upwards between the poles of a magnet, an electromotive force (e m f ) is induced across the ends of the wire    wire motionof wire N S    Which device uses a moving wire to induce an e m f ? A a cathode-ray tube B a generator C a transformer D an electromagnet      © UCLES          /  /M/J/   [Turn over",0625_s14_qp_13,16,450,"Whenawireismovedupwardsbetweenthepolesofamagnet,anelectromotiveforce(e.m.f.)is
",1
0625_s14_qp_13_35,"35  An electric current is passed through a coil of wire. 
 
",49.60629,87.72133958,35,An electric current is passed through a coil of wire    coil of wire  Which diagram shows the shape of the magnetic field produced in the middle of the coil?   A B CD  ,0625_s14_qp_13,17,450,"Anelectriccurrentispassedthroughacoilofwire.

",1
0625_s14_qp_13_36,"36  An input voltage of 10 V is supplied to the primary coil of a transformer. An output voltage of 40 V 
",49.60689046,543.6172953,36,An input voltage of     V is supplied to the primary coil of a transformer  An output voltage of     V is produced across the secondary coil   The     V supply at the primary coil is now replaced with a     V supply   What is the new output voltage across the secondary coil? A     V B     V C     V D      V ,0625_s14_qp_13,17,450,"AninputvoltageofVissuppliedtotheprimarycoilofatransformer.AnoutputvoltageofV
",1
0625_s14_qp_13_37,"37  A lithium nucleus contains 3 protons and 4 neutrons. 
 
",49.60698352,681.0985478,37,A lithium nucleus contains   protons and   neutrons   What is its nuclide notation? A  Li   B Li   C Li   D Li        © UCLES          /  /M/J/  ,0625_s14_qp_13,17,510,"Alithiumnucleuscontainsprotonsandneutrons.

",1
0625_s14_qp_13_38,"38  The diagram shows a box used for storing radioactive sources. 
 
",49.60629,87.72133958,38,The diagram shows a box used for storing radioactive sources      Which material is best for lining the box to prevent the escape of most radioactive emissions? A aluminium B copper C lead D steel ,0625_s14_qp_13,18,520,"Thediagramshowsaboxusedforstoringradioactivesources.

",1
0625_s14_qp_13_39,"39  The table shows the results of an experiment to find the half-life of a radioactive substance. 
",49.60674056,401.5451802,39,The table shows the results of an experiment to find the half-life of a radioactive substance  time  / s second/countssubstance from rate count                                   What is the half-life of the substance? A    seconds B     seconds C     seconds D     seconds      © UCLES          /  /M/J/  ,0625_s14_qp_13,18,520,"Thetableshowstheresultsofanexperimenttofindthehalf-lifeofaradioactivesubstance.
",1
0625_s14_qp_13_40,"40  A  beam  of  cathode  rays  passes  between  two  parallel  metal  plates  connected  to  a  high-voltage 
",49.60629,75.0785688,40,"A beam of cathode rays passes between two parallel metal plates connected to a high-voltage d c  power supply   Which path does the beam follow?   +++ cathode rays DCBA+++metal plate metal plate         Permission to reproduce items where thir d-party owned material protected by copyright is included has been sought and cleared w here possible  Every reasonable effort has been made by the publisher (UCLES) to trace copyright holder s, but if any items requiring clearance have unwittingly been included, the publisher will be pleased to make amends at the earliest possible opportunity   Cambridge International Examinations is part of the Cambridge Asse ssment Group  Cambridge Assessment is the brand name of Unive rsity of Cambridge Local Examinations Syndicate (UCLES), which is itself a department of the University of Cambridge    © UCLES          /  /M/J/    BLANK PAGE ",0625_s14_qp_13,19,450,"Abeamofcathoderayspassesbetweentwoparallelmetalplatesconnectedtoahigh-voltage
",1
0625_s15_qp_11_01,"1  A geologist compares the volumes of three rocks, X, Y and Z. Three measuring cylinders contain 
",49.60629,75.2325464,1,"A geologist compares the volumes of three rocks, X, Y and Z  Three measuring cylinders contain different volumes of water  He places each rock into one of the measuring cylinders   The diagrams show the measuring cylinders before and after the rocks are put in                                              to find thevolume of X before after cm cm                                            to find thevolume of Y before after cm cm                                            to find thevolume of Z before after cm cm  XY Z   Which row shows the volumes of X, Y and Z in order, from largest to smallest?   largest volume   smallest volume  A X Z Y  B Y X Z  C Y Z X  D Z Y X      © UCLES          /  /M/J/   [Turn over",0625_s15_qp_11,2,110,"Ageologistcomparesthevolumesofthreerocks,X,YandZ.Threemeasuringcylinderscontain
",0
0625_s15_qp_11_02,"2  A car moves with constant speed and then constant acceleration. 
",49.60629,75.2325464,2,A car moves with constant speed and then constant acceleration   Which graph is the speed-time graph for the car?   speedtimeA  speedtimeB  speedtimeC  speedtimeD    ,0625_s15_qp_11,3,120,"Acarmoveswithconstantspeedandthenconstantacceleration.
",0
0625_s15_qp_11_03,"3  A car travels 100 km. The journey takes two hours. The highest speed of the car is 80 km / h, and 
",49.60797312,261.7807828,3,"A car travels      km  The journey takes two hours  The highest speed of the car is     km  / h, and the lowest speed is     km  / h   What is the average speed for the journey? A     km  / h B     km  / h C     km  / h D      km  / h ",0625_s15_qp_11,3,120,"Acartravelskm.Thejourneytakestwohours.Thehighestspeedofthecariskm/h,and
",0
0625_s15_qp_11_04,"4  Diagram 1 shows a piece of foam rubber that contains many pockets of air. Diagram 2 shows the 
",49.60700208,361.3342346,4,Diagram   shows a piece of foam rubber that contains many pockets of air  Diagram   shows the same piece of foam rubber after it has been compressed so that its volume decreases    diagram  (before compression) diagram  (after compression)    What happens to the mass and to the weight of the foam rubber when it is compressed?   mass weight  A increases increases  B increases no change  C no change increases  D no change no change      © UCLES          /  /M/J/  ,0625_s15_qp_11,3,130,"Diagramshowsapieceoffoamrubberthatcontainsmanypocketsofair.Diagramshowsthe
",0
0625_s15_qp_11_05,"5  A metal block has the dimensions shown. Its mass is 1000 g. 
 
",49.60629,87.87531718,5,A metal block has the dimensions shown  Its mass is       g      cm   cm  cm   What is the density of the metal? A  ××            g / cm  B  ××      ,0625_s15_qp_11,4,151,"Ametalblockhasthedimensionsshown.Itsmassisg.

",0
0625_s15_qp_11_06,"6  Four objects are each acted on by only two forces, as shown. 
 
",49.60612688,431.7749024,6,"Four objects are each acted on by only two forces, as shown   Which object is in equilibrium?   A B     N     N     N     N     N     N     N     NC D      © UCLES          /  /M/J/   [Turn over",0625_s15_qp_11,4,151,"Fourobjectsareeachactedonbyonlytwoforces,asshown.

",0
0625_s15_qp_11_07,"7  A student measures the length of a spring. She then hangs different weights from the spring. She 
",49.60629,75.2325464,7,A student measures the length of a spring  She then hangs different weights from the spring  She measures the length of the spring for each different weight   The table shows her results   weight  / N length  / mm                                            What is the extension of the spring when the weight hung from it is      N? A    mm B    mm C     mm D     mm ,0625_s15_qp_11,5,151,"Astudentmeasuresthelengthofaspring.Shethenhangsdifferentweightsfromthespring.She
",0
0625_s15_qp_11_08,"8  Which energy resource is used to generate electricity without using any moving parts? 
",49.6069928,360.0586446,8,Which energy resource is used to generate electricity without using any moving parts? A geothermal B hydroelectric C nuclear D solar ,0625_s15_qp_11,5,170,"Whichenergyresourceisusedtogenerateelectricitywithoutusinganymovingparts?
",0
0625_s15_qp_11_09,"9  A cyclist travels down a hill from rest at point X, without pedalling. 
 
",49.6069928,499.240537,9,"A cyclist travels down a hill from rest at point X, without pedalling   The cyclist applies his brakes and the cycle stops at point Y    XY hill   Which energy changes have taken place between X and Y? A gravitational potential → kinetic → thermal (heat) B gravitational potential → thermal (heat) → kinetic C kinetic → gravitational potential → thermal (heat) D kinetic → thermal (heat) → gravitational potential     © UCLES          /  /M/J/  ",0625_s15_qp_11,5,170,"AcyclisttravelsdownahillfromrestatpointX,withoutpedalling.

",0
0625_s15_qp_11_10,"10  The diagram shows a simple mercury barometer. 
 
",49.60629,87.87531718,10,The diagram shows a simple mercury barometer   Which height is used as a measurement of atmospheric pressure?   DCBA mercury  ,0625_s15_qp_11,6,180,"Thediagramshowsasimplemercurybarometer.

",1
0625_s15_qp_11_11,"11  A block with flat, rectangular sides rests on a table. 
 
",49.60666192,342.7667536,11,"A block with flat, rectangular sides rests on a table    block table   The block is now turned so that it rests with its largest side on the table      How has this change affected the force and the pre ssure exerted by the block on the table?   force pressure  A decreased decreased  B decreased unchanged  C unchanged decreased  D unchanged unchanged      © UCLES          /  /M/J/   [Turn over",0625_s15_qp_11,6,180,"Ablockwithflat,rectangularsidesrestsonatable.

",0
0625_s15_qp_11_12,"12  Two states of matter are described as follows. 
",49.60629,75.2325464,12,"Two states of matter are described as follows  In state  , the molecules are very far apart  They move about very quickly at random in straight lines until they hit something  In state  , the molecules are quite closely packed together  They move about at random  They do not have fixed positions   What is state   and what is state  ?  state   state  A gas liquid  B gas solid  C liquid gas  D solid liquid  ",0625_s15_qp_11,7,210,"Twostatesofmatteraredescribedasfollows.
",0
0625_s15_qp_11_13,"13  The pressure of a fixed mass of gas in a cylinder is measured. The temperature of the gas in the 
",49.60629,325.758988,13,The pressure of a fixed mass of gas in a cylinder is measured  The temperature of the gas in the cylinder is then slowly increased  The volume of the cylinder does not change   Which graph shows the pressure of the gas during this process?   pressuretimeA   pressuretimeB pressuretimeC pressuretimeD              © UCLES          /  /M/J/  ,0625_s15_qp_11,7,210,"Thepressureofafixedmassofgasinacylinderismeasured.Thetemperatureofthegasinthe
",0
0625_s15_qp_11_14,"14  The thermometer in the diagram has no scale. 
 
",49.60629,87.87531718,14,The thermometer in the diagram has no scale    bulb stem   Where must the bulb be placed so that    °C can be marked on the stem? A in a freezer B in pure boiling water C in pure cold water D in pure melting ice ,0625_s15_qp_11,8,220,"Thethermometerinthediagramhasnoscale.

",0
0625_s15_qp_11_15,"15  A solid is heated from room temperature. 
 
",49.60635542,448.1875223,15,A solid is heated from room temperature   The graph shows how its temperature changes with time as it is heated constantly   At which time has it just become completely liquid?     AB C Droom temperaturetemperature time      © UCLES          /  /M/J/   [Turn over,0625_s15_qp_11,8,220,"Asolidisheatedfromroomtemperature.

",0
0625_s15_qp_11_16,"16  Thermal energy travels through space from the Sun to the Earth. Space is a vacuum. 
 
",49.60629,87.87531718,16,Thermal energy travels through space from the Sun to the Earth  Space is a vacuum   How is thermal energy transferred from the Sun to the Earth? A by conduction only B by convection only C by radiation only D by convection and radiation ,0625_s15_qp_11,9,230,"ThermalenergytravelsthroughspacefromtheSuntotheEarth.Spaceisavacuum.

",0
0625_s15_qp_11_17,"17  A cupboard is placed in front of a heater. Air can move through a gap under the cupboard. 
 
",49.60618002,239.7009702,17,"A cupboard is placed in front of a heater  Air can move through a gap under the cupboard    wall floor heater cupboardair moves through gap   Which row describes the temperature, and the direction of movement, of the air in the gap?   air temperature air direction  A cool away from the heater  B cool towards the heater  C warm away from the heater  D warm towards the heater  ",0625_s15_qp_11,9,230,"Acupboardisplacedinfrontofaheater.Aircanmovethroughagapunderthecupboard.

",0
0625_s15_qp_11_18,"18  What is the number of wavefronts per second that pass a fixed point? 
",49.60629,591.9606738,18,What is the number of wavefronts per second that pass a fixed point? A the amplitude of the wave B the frequency of the wave C the speed of the wave D the wavelength of the wave     © UCLES          /  /M/J/  ,0625_s15_qp_11,9,310,"Whatisthenumberofwavefrontspersecondthatpassafixedpoint?
",0
0625_s15_qp_11_19,"19  The diagrams represent water waves in a tank. 
 
",49.60629,87.87531718,19,The diagrams represent water waves in a tank   Which diagram represents a wave that changes speed?   DdeeperwatershallowerwaterA barrierB barrierC barrier  ,0625_s15_qp_11,10,310,"Thediagramsrepresentwaterwavesinatank.

",0
0625_s15_qp_11_20,"20  The diagram shows the electromagnetic spectrum, in order of increasing wavelength. 
 
",49.60795456,281.7651436,20,"The diagram shows the electromagnetic spectrum, in order of increasing wavelength   Three types of radiation, P, Q and R, are missing from the spectrum diagram   γ-rays X-rays P visible light Q microwaves R   Which types of electromagnetic radiation are represented by P, by Q and by R?   P Q R  A infra-red radio waves ultraviolet  B infra-red ultraviolet radio waves  C ultraviolet infra-red radio waves  D ultraviolet radio waves infra-red  ",0625_s15_qp_11,10,330,"Thediagramshowstheelectromagneticspectrum,inorderofincreasingwavelength.

",0
0625_s15_qp_11_21,"21  Radiation from the Sun is dispersed by a prism. The prism does not absorb any of the radiation. 
",49.60629,525.544788,21,"Radiation from the Sun is dispersed by a prism  The prism does not absorb any of the radiation  Four identical thermometers are placed, one at each of the labelled positions   In which position does the thermometer show the greatest rise in temperature?   A BCDred light violet light radiation from the Sun prism       © UCLES          /  /M/J/   [Turn over",0625_s15_qp_11,10,320,"RadiationfromtheSunisdispersedbyaprism.Theprismdoesnotabsorbanyoftheradiation.
",0
0625_s15_qp_11_22,"22  A scientist tries to direct a ray of light in a glass block so that no light escapes from the top of the 
",49.60629,75.2325464,22,"A scientist tries to direct a ray of light in a glass block so that no light escapes from the top of the block    However, some light does escape    X glass block ray of light top of block light escapingfrom top of block   The scientist changes angle X and stops the light escaping from the top    Which row in the table describes the change to  angle X and the name of the effect produced?   change to angle X name of effect produced  A decrease total internal reflection  B decrease total internal refraction  C increase total internal reflection  D increase total internal refraction  ",0625_s15_qp_11,11,320,"Ascientisttriestodirectarayoflightinaglassblocksothatnolightescapesfromthetopofthe
",0
0625_s15_qp_11_23,"23  Which row states two properties of sound waves? 
 
",49.60629,488.0145546,23,Which row states two properties of sound waves?   can travel through type of wave  A a vacuum longitudinal  B a vacuum transverse  C water longitudinal   D water transverse       © UCLES          /  /M/J/  ,0625_s15_qp_11,11,340,"Whichrowstatestwopropertiesofsoundwaves?

",0
0625_s15_qp_11_24,"24  A man holding a starting pistol stands 640 m away from a spectator. 
 
",49.60629,87.87531718,24,"A man holding a starting pistol stands      m away from a spectator         m spectator    The spectator hears the sound of the starting pistol      s after seeing the flash from the pistol   Using this information, what is the speed of sound in air? A      m  / s B      m  / s C      m  / s D       m  / s ",0625_s15_qp_11,12,340,"Amanholdingastartingpistolstandsmawayfromaspectator.

",0
0625_s15_qp_11_25,"25  A  magnet  is  placed  on  a  balance.  The  balance  reading  changes  when  an  iron  bar  or  another 
",49.6071028,301.0696546,25,A magnet is placed on a balance  The balance reading changes when an iron bar or another magnet is held close to the first magnet   The arrangements are shown in the diagrams    g   diagram  SN gdiagram  SN gdiagram  SNSNiron bar   Which row gives the balance reading in diagram   and in diagram  ?   balance reading in diagram   / g balance reading in diagram    / g  A less than     less than      B less than     more than      C more than     less than      D more than     more than           © UCLES          /  /M/J/   [Turn over,0625_s15_qp_11,12,450,"Amagnetisplacedonabalance.Thebalancereadingchangeswhenanironbaroranother
",0
0625_s15_qp_11_26,"26  An electromagnet with a soft-iron core is connected to a battery and an open switch. The soft-iron 
",49.60629,75.2325464,26,"An electromagnet with a soft-iron core is connected to a battery and an open switch  The soft-iron core is just above some small soft-iron nails    electromagnetsoft-iron core soft-iron nails   The switch is now closed, left closed for a few seconds, and then opened   What do the soft-iron nails do as the switch is clos ed, and what do they do when the switch is then opened?   as switch is closed as switch is opened  A nails jump up nails fall down  B nails jump up nails stay up  C nails stay down nails jump up  D nails stay down nails stay down  ",0625_s15_qp_11,13,410,"Anelectromagnetwithasoft-ironcoreisconnectedtoabatteryandanopenswitch.Thesoft-iron
",0
0625_s15_qp_11_27,"27  The diagram shows a piece of metal resistance wire. 
 
",49.60629,464.8554446,27,"The diagram shows a piece of metal resistance wire       Which wire, made of the same metal, has a smaller resistance? A a wire of the same length with a larger diameter  B a wire of the same length with a smaller diameter  C a wire of greater length with the same diameter D a wire of greater length with a smaller diameter ",0625_s15_qp_11,13,420,"Thediagramshowsapieceofmetalresistancewire.

",0
0625_s15_qp_11_28,"28  What is the unit of electromotive force (e.m.f.)? 
",49.60663338,629.3505136,28,What is the unit of electromotive force (e m f )? A ampere B joule C volt D watt      © UCLES          /  /M/J/  ,0625_s15_qp_11,13,420,"Whatistheunitofelectromotiveforce(e.m.f.)?
",0
0625_s15_qp_11_29,"29  The circuit diagram shows a 4.0 
 
",49.60629,88.69688488,29,The circuit diagram shows a      Ω resistor and an      Ω resistor connected to a      V battery         Ω     Ω    V   What is the current in the battery? A       A B       A C      A D      A ,0625_s15_qp_11,14,430,"Thecircuitdiagramshowsa.

",0
0625_s15_qp_11_30,"30  The diagram shows a circuit which includes an uncharged capacitor and a switch. 
 
",49.60753808,287.2368154,30,"The diagram shows a circuit which includes an uncharged capacitor and a switch    XYswitch capacitor    The switch can be moved between position X and position Y   What happens to the capacitor when the switch is moved to position X, and what happens when the switch is then moved to position Y?   switch at X switch at Y  A capacitor charges capacitor charges  B capacitor charges capacitor discharges C capacitor discharges capacitor charges  D capacitor discharges capacitor discharges      © UCLES          /  /M/J/   [Turn over",0625_s15_qp_11,14,430,"Thediagramshowsacircuitwhichincludesanunchargedcapacitorandaswitch.

",0
0625_s15_qp_11_31,"31  The diagram shows a 3.0 
 
",49.60615237,88.69688488,31,The diagram shows a      Ω resistor and a      Ω resistor connected in parallel         Ω     Ω  What is the total resistance of this arrangement? A less than      Ω B      Ω C      Ω D more than      Ω ,0625_s15_qp_11,15,430,"Thediagramshowsa.

",0
0625_s15_qp_11_32,"32  The diagram shows a 10 
 
",49.60618165,352.3188949,32,The diagram shows a     Ω resistor and a     Ω resistor connected in a potential divider circuit    V    Ω    Ω     V   What is the reading on the voltmeter? A      V B      V C      V D       V      © UCLES          /  /M/J/  ,0625_s15_qp_11,15,430,"Thediagramshowsa

",0
0625_s15_qp_11_33,"33  In the circuit shown, only one of the fuses has blown, but none of the lamps is lit. 
 
",49.60629,87.87531718,33,"In the circuit shown, only one of the fuses has blown, but none of the lamps is lit   Which fuse has blown?   ABCDpowersupply  ",0625_s15_qp_11,16,440,"Inthecircuitshown,onlyoneofthefuseshasblown,butnoneofthelampsislit.

",0
0625_s15_qp_11_34,"34  Which diagram shows the pattern of the magnetic field produced by a current-carrying solenoid? 
 
",49.6066176,381.7714536,34,Which diagram shows the pattern of the magnetic field produced by a current-carrying solenoid?   ABCDsolenoid solenoid solenoid solenoid  ,0625_s15_qp_11,16,450,"Whichdiagramshowsthepatternofthemagneticfieldproducedbyacurrent-carryingsolenoid?

",0
0625_s15_qp_11_35,"35  What is an advantage of transmitting electricity at a high voltage? 
",49.6069747,536.7129729,35,What is an advantage of transmitting electricity at a high voltage? A It is faster  B It is safer  C Less energy is wasted  D Less equipment is needed       © UCLES          /  /M/J/   [Turn over,0625_s15_qp_11,16,450,"Whatisanadvantageoftransmittingelectricityatahighvoltage?
",0
0625_s15_qp_11_36,"36  A transformer has 1200 turns on its primary coil and 400 turns on its secondary coil. An output 
",49.60629,75.2325464,36,A transformer has      turns on its primary coil and     turns on its secondary coil  An output voltage of     V is induced across the secondary coil    primary coil     turns secondary coil    turns outputvoltage    V   What is the input voltage of the transformer? A     V B     V C      V D       V ,0625_s15_qp_11,17,450,"Atransformerhasturnsonitsprimarycoilandturnsonitssecondarycoil.Anoutput
",0
0625_s15_qp_11_37,"37  The diagram shows a design for a cathode-ray tube. A tube with this design does not work. 
 
",49.60738006,316.0652154,37,The diagram shows a design for a cathode-ray tube  A tube with this design does not work    powersupply coldcathode heatedanode vacuum   Which change should be made so that the t ube works properly to produce cathode rays? A Heat the cathode instead of the anode  B Reverse the connections of the power supply  C Use air in the tube instead of a vacuum  D Use an a c  power supply instead of a d c  power supply  ,0625_s15_qp_11,17,170,"Thediagramshowsadesignforacathode-raytube.Atubewiththisdesigndoesnotwork.

",0
0625_s15_qp_11_38,"38  Which row gives the properties of the radiation from radioactive materials? 
",49.60676192,625.8912678,38,Which row gives the properties of the radiation from radioactive materials?  most penetrating radiation most highly ionising radiation  A α β  B β γ  C γ α  D γ γ       © UCLES          /  /M/J/  ,0625_s15_qp_11,17,520,"Whichrowgivesthepropertiesoftheradiationfromradioactivematerials?
",0
0625_s15_qp_11_39,"39  In  a  laboratory,  a  detector  of  ionising  radiation  records  an  average  background  count  rate  of 
",49.60629,75.2325464,39,"In a laboratory, a detector of ionising radiation records an average background count rate of   counts per second    detector counts  / s  A radioactive source is now placed close to the det ector  The count rate on the detector rises to     counts per second    radioactivesourcedetectorcounts  / s   What is the count rate due to radiation from the radioactive source? A    counts  / s B     counts  / s C     counts  / s D     counts  / s ",0625_s15_qp_11,18,520,"Inalaboratory,adetectorofionisingradiationrecordsanaveragebackgroundcountrateof
",0
0625_s15_qp_12_10,"10  The  diagram  shows  a  stone  suspended  under  the  surface  of  a  liquid  from  a  string.  The  stone 
",49.60370371,350.3060355,10,The diagram shows a stone suspended under the surface of a liquid from a string  The stone experiences a pressure caused by the liquid    liquidstring stone   What would increase the pressure on the stone? A decreasing the surface area of the stone  B increasing the mass of the stone C lowering the stone deeper into the liquid D using a liquid with a lower density     © UCLES          /  /M/J/  ,0625_s15_qp_12,5,180,"Thediagramshowsastonesuspendedunderthesurfaceofaliquidfromastring.Thestone
",0
0625_s15_qp_12_11,"11  The diagram shows a simple mercury barometer, used to measure atmospheric pressure. 
 
",49.60629,87.87531718,11,"The diagram shows a simple mercury barometer, used to measure atmospheric pressure    mercuryP L   Atmospheric pressure decreases   Which row states what happens to the pressure at point P and what happens to the level L?   pressure at P level L  A decreases falls  B decreases rises  C stays the same falls  D stays the same rises  ",0625_s15_qp_12,6,180,"Thediagramshowsasimplemercurybarometer,usedtomeasureatmosphericpressure.

",0
0625_s15_qp_12_12,"12  Puddles of rain water remain after a storm. The water in the puddles gradually evaporates. 
 
",49.60629,468.0585446,12,"Puddles of rain water remain after a storm  The water in the puddles gradually evaporates   How does the evaporation affect the temperature of the water remaining in the puddle, and how does it affect the average speed of the remaining water molecules in the puddle?   temperature of water in puddle average speed of water molecules in puddle  A decreases decreases  B decreases increases  C increases decreases  D increases increases      © UCLES          /  /M/J/   [Turn over",0625_s15_qp_12,6,220,"Puddlesofrainwaterremainafterastorm.Thewaterinthepuddlesgraduallyevaporates.

",0
0625_s15_qp_12_13,"13  The diagram represents moving gas molecules in a sealed container of fixed volume. 
 
",49.60629,87.87531718,13,"The diagram represents moving gas molecules in a sealed container of fixed volume    container gasmolecule   The temperature of the gas is now increased   What happens to the pressure of the gas, and w hat happens to the speed of the gas molecules?   pressure of gas speed of molecules  A increases increases  B increases unchanged  C unchanged increases  D unchanged unchanged  ",0625_s15_qp_12,7,210,"Thediagramrepresentsmovinggasmoleculesinasealedcontaineroffixedvolume.

",0
0625_s15_qp_12_14,"14  The thermometer in the diagram has no scale. 
 
",49.60629,432.2001588,14,The thermometer in the diagram has no scale    bulb stem   Where must the bulb be placed so that    °C can be marked on the stem? A in a freezer B in pure boiling water C in pure cold water D in pure melting ice     © UCLES          /  /M/J/  ,0625_s15_qp_12,7,220,"Thethermometerinthediagramhasnoscale.

",1
0625_s15_qp_12_15,"15  Two metal blocks X and Y are at room temperature. Each block is heated so that its temperature 
",49.60629,75.2325464,15,Two metal blocks X and Y are at room temperature  Each block is heated so that its temperature rises by     °C   The blocks are now allowed to cool back to room temperature   Block Y has a greater thermal capacity than block X   Which block needs more thermal (heat) energy to heat it up by     °C and which block loses more thermal (heat) energy as it cools back to room temperature?   more energy  heating cooling  A X X  B X Y  C Y X  D Y Y  ,0625_s15_qp_12,8,220,"TwometalblocksXandYareatroomtemperature.Eachblockisheatedsothatitstemperature
",0
0625_s15_qp_12_16,"16  The diagram shows a vacuum flask used to keep liquid hot. 
 
",49.60629,367.0033488,16,The diagram shows a vacuum flask used to keep liquid hot    vacuumhot liquid   How does thermal energy pass through the vacuum? A conduction only B convection only C radiation D conduction and convection     © UCLES          /  /M/J/   [Turn over,0625_s15_qp_12,8,230,"Thediagramshowsavacuumflaskusedtokeepliquidhot.

",0
0625_s15_qp_12_17,"17  A cupboard is placed in front of a heater. Air can move through a gap under the cupboard. 
 
",49.60618002,87.87531718,17,"A cupboard is placed in front of a heater  Air can move through a gap under the cupboard    wall floor heater cupboardair moves through gap   Which row describes the temperature, and the direction of movement, of the air in the gap?   air temperature air direction  A cool away from the heater  B cool towards the heater  C warm away from the heater  D warm towards the heater      © UCLES          /  /M/J/  ",0625_s15_qp_12,9,230,"Acupboardisplacedinfrontofaheater.Aircanmovethroughagapunderthecupboard.

",1
0625_s15_qp_12_18,"18  The  diagrams  show  two  water  waves  P  and  Q  that  are  travelling  at  the  same  speed  on  the 
",49.60629,75.2325464,18,The diagrams show two water waves P and Q that are travelling at the same speed on the surface of a pond  The diagrams are to the same scale    P Q   Which wave has the greater amplitude and which wave has the greater frequency?   greater amplitude greater frequency  A P P  B P Q  C Q P  D Q Q  ,0625_s15_qp_12,10,340,"ThediagramsshowtwowaterwavesPandQthataretravellingatthesamespeedonthe
",0
0625_s15_qp_12_19,"19  The diagrams represent water waves in a tank. 
 
",49.60629,459.4129446,19,The diagrams represent water waves in a tank   Which diagram represents a wave that changes speed?   DdeeperwatershallowerwaterA barrierB barrierC barrier       © UCLES          /  /M/J/   [Turn over,0625_s15_qp_12,10,310,"Thediagramsrepresentwaterwavesinatank.

",1
0625_s15_qp_12_20,"20  An object is placed in front of a thin converging lens. 
 
",49.60629,87.87531718,20,An object is placed in front of a thin converging lens   The diagram shows the paths of two rays from the top of the object    objectconverging lens   An image of the object is formed on a screen to the right of the lens   How does this image compare with the object? A It is larger and inverted  B It is larger and the same way up  C It is smaller and inverted  D It is smaller and the same way up  ,0625_s15_qp_12,11,320,"Anobjectisplacedinfrontofathinconverginglens.

",0
0625_s15_qp_12_21,"21  Radiation from the Sun is dispersed by a prism. The prism does not absorb any of the radiation. 
",49.60661482,440.3084451,21,"Radiation from the Sun is dispersed by a prism  The prism does not absorb any of the radiation  Four identical thermometers are placed, one at each of the labelled positions   In which position does the thermometer show the greatest rise in temperature?   A BCDred light violet light radiation from the Sun prism       © UCLES          /  /M/J/  ",0625_s15_qp_12,11,320,"RadiationfromtheSunisdispersedbyaprism.Theprismdoesnotabsorbanyoftheradiation.
",1
0625_s15_qp_12_22,"22  A scientist tries to direct a ray of light in a glass block so that no light escapes from the top of the 
",49.60629,75.2325464,22,"A scientist tries to direct a ray of light in a glass block so that no light escapes from the top of the block    However, some light does escape    X glass block ray of light top of block light escapingfrom top of block   The scientist changes angle X and stops the light escaping from the top    Which row in the table describes the change to  angle X and the name of the effect produced?   change to angle X name of effect produced  A decrease total internal reflection  B decrease total internal refraction  C increase total internal reflection  D increase total internal refraction  ",0625_s15_qp_12,12,320,"Ascientisttriestodirectarayoflightinaglassblocksothatnolightescapesfromthetopofthe
",1
0625_s15_qp_12_23,"23  A quiet sound is produced by a loudspeaker. The loudness of the sound is increased. 
",49.60629,475.3717838,23,A quiet sound is produced by a loudspeaker  The loudness of the sound is increased   Which property of the sound wave is increased? A amplitude B frequency C speed D wavelength      © UCLES          /  /M/J/   [Turn over,0625_s15_qp_12,12,340,"Aquietsoundisproducedbyaloudspeaker.Theloudnessofthesoundisincreased.
",0
0625_s15_qp_12_24,"24  A man holding a starting pistol stands 640 m away from a spectator. 
 
",49.60629,87.87531718,24,"A man holding a starting pistol stands      m away from a spectator         m spectator    The spectator hears the sound of the starting pistol      s after seeing the flash from the pistol   Using this information, what is the speed of sound in air? A      m  / s B      m  / s C      m  / s D       m  / s ",0625_s15_qp_12,13,340,"Amanholdingastartingpistolstandsmawayfromaspectator.

",1
0625_s15_qp_12_25,"25  Which group contains only non-ferrous metals? 
",49.6071028,301.0696546,25,"Which group contains only non-ferrous metals? A aluminium, brass, iron B brass, copper, lead C copper, iron, steel D copper, lead, steel ",0625_s15_qp_12,13,410,"Whichgroupcontainsonlynon-ferrousmetals?
",0
0625_s15_qp_12_26,"26  An electromagnet with a soft-iron core is connected to a battery and an open switch. The soft-iron 
",49.60699282,427.6087762,26,"An electromagnet with a soft-iron core is connected to a battery and an open switch  The soft-iron core is just above some small soft-iron nails    electromagnetsoft-iron core soft-iron nails   The switch is now closed, left closed for a few seconds, and then opened   What do the soft-iron nails do as the switch is clos ed, and what do they do when the switch is then opened?   as switch is closed as switch is opened  A nails jump up nails fall down  B nails jump up nails stay up  C nails stay down nails jump up  D nails stay down nails stay down      © UCLES          /  /M/J/  ",0625_s15_qp_12,13,410,"Anelectromagnetwithasoft-ironcoreisconnectedtoabatteryandanopenswitch.Thesoft-iron
",1
0625_s15_qp_12_27,"27  A  student  has  wires  of  different  lengths  and  different  diameters.  The  wires  are  all  made  of  the 
",49.60629,75.2325464,27,A student has wires of different lengths and different diameters  The wires are all made of the same metal   The student measures the resistance of one wire   Which wire has a greater resistance than the wire he has measured? A a shorter wire with a larger diameter B a shorter wire with the same diameter C a wire of the same length with a larger diameter D a wire of the same length with a smaller diameter ,0625_s15_qp_12,14,420,"Astudenthaswiresofdifferentlengthsanddifferentdiameters.Thewiresareallmadeofthe
",0
0625_s15_qp_12_28,"28  The circuit diagram shows a 4.0 
 
",49.60629,278.4764049,28,The circuit diagram shows a      Ω resistor and an      Ω resistor connected to a      V battery         Ω    Ω    V   What is the potential difference (p d ) across the      Ω resistor? A      V B      V C      V D      V      © UCLES          /  /M/J/   [Turn over,0625_s15_qp_12,14,430,"Thecircuitdiagramshowsa.

",1
0625_s15_qp_12_29,"29  Diagram 1 shows two thin, uncharged strips of plastic. 
 
",49.60629,87.87531718,29,"Diagram   shows two thin, uncharged strips of plastic   Diagram   shows the same strips after they have been rubbed with a dry cloth    diagram   diagram  stripsof plastic   Which row describes the charge on the strips after rubbing, and the force between the strips after rubbing?   charge on strips force between strips  A opposite attraction  B opposite repulsion  C the same attraction  D the same repulsion       © UCLES          /  /M/J/  ",0625_s15_qp_12,15,420,"Diagramshowstwothin,unchargedstripsofplastic.

",0
0625_s15_qp_12_30,"30  The diagram shows a circuit which includes an uncharged capacitor and a switch. 
 
",49.60629,87.87531718,30,"The diagram shows a circuit which includes an uncharged capacitor and a switch    XYswitch capacitor    The switch can be moved between position X and position Y   What happens to the capacitor when the switch is moved to position X, and what happens when the switch is then moved to position Y?   switch at X switch at Y  A capacitor charges capacitor charges  B capacitor charges capacitor discharges C capacitor discharges capacitor charges  D capacitor discharges capacitor discharges ",0625_s15_qp_12,16,430,"Thediagramshowsacircuitwhichincludesanunchargedcapacitorandaswitch.

",1
0625_s15_qp_12_31,"31  Two 5.0 
 
",49.6058104,447.5346849,31,Two      Ω resistors are connected as shown in the diagram         Ω     Ω  What is the total resistance of this combination? A less than      Ω B      Ω C more than      Ω but less than       Ω D       Ω      © UCLES          /  /M/J/   [Turn over,0625_s15_qp_12,16,430,"Two.

",0
0625_s15_qp_12_32,"32  The diagram shows a 10 
 
",49.60618165,88.69688488,32,The diagram shows a     Ω resistor and a     Ω resistor connected in a potential divider circuit    V    Ω    Ω     V   What is the reading on the voltmeter? A      V B      V C      V D       V ,0625_s15_qp_12,17,430,"Thediagramshowsa

",1
0625_s15_qp_12_33,"33  In the circuit shown, only one of the fuses has blown, but none of the lamps is lit. 
 
",49.6067248,314.2510054,33,"In the circuit shown, only one of the fuses has blown, but none of the lamps is lit   Which fuse has blown?   ABCDpowersupply       © UCLES          /  /M/J/  ",0625_s15_qp_12,17,440,"Inthecircuitshown,onlyoneofthefuseshasblown,butnoneofthelampsislit.

",1
0625_s15_qp_12_34,"34  An e.m.f. is induced across a wire when it moves through the magnetic field between the poles of 
",49.60629,75.2325464,34,An e m f  is induced across a wire when it moves through the magnetic field between the poles of a magnet   Which electrical device operates because of this effect? A a battery B a cathode-ray tube C a generator D a motor ,0625_s15_qp_12,18,450,"Ane.m.f.isinducedacrossawirewhenitmovesthroughthemagneticfieldbetweenthepolesof
",0
0625_s15_qp_12_35,"35  The diagram shows a flat, rectangular coil placed between the poles of a magnet. 
 
",49.60629,252.371457,35,"The diagram shows a flat, rectangular coil placed between the poles of a magnet   There is a current in the coil that makes it turn in the direction shown in the diagram    NScoildirectionof turning current   Which change would make the coil turn in the opposite direction? A decreasing the current in the coil B increasing the number of turns on the coil  C reversing both the direction of the current in the coil and the poles of the magnet D reversing only the direction of the current in the coil ",0625_s15_qp_12,18,450,"Thediagramshowsaflat,rectangularcoilplacedbetweenthepolesofamagnet.

",0
0625_s15_qp_12_36,"36  A transformer has 1000 turns on its primary coil. An input voltage of 12 V is applied to the primary 
",49.60668906,569.5103437,36,"A transformer has      turns on its primary coil  An input voltage of     V is applied to the primary coil, and an output voltage of      V is induced across the secondary coil     primary coil     turns secondary coil input voltage    Voutput voltage     V   How many turns are on the secondary coil of the transformer? A     B     C      D              © UCLES          /  /M/J/  ",0625_s15_qp_12,18,450,"Atransformerhasturnsonitsprimarycoil.AninputvoltageofVisappliedtotheprimary
",0
0625_s15_qp_12_37,"37  The diagram shows a cathode-ray tube. 
 
",49.60629,87.87531718,37,The diagram shows a cathode-ray tube    heatedcathodecoldanodepowersupply vacuum   The tube is not working properly   Which change should be made so that the tube works properly to produce a continuous beam of cathode rays? A Heat the anode instead of the cathode  B Reverse the connections of the power supply  C Use an a c  power supply instead of a d c  power supply  D Use air in the tube instead of a vacuum  ,0625_s15_qp_12,19,450,"Thediagramshowsacathode-raytube.

",0
0625_s15_qp_12_38,"38  Which statement about α-radiation is correct? 
",49.60673616,448.3863289,38,Which statement about α-radiation is correct? A It is a stream of fast-moving electrons  B It is a form of electromagnetic radiation  C It is more highly ionising than γ-radiation  D It is more penetrating than β-radiation  ,0625_s15_qp_12,19,520,"Whichstatementaboutα-radiationiscorrect?
",0
0625_s15_qp_12_39,"39  A radioactive source produces a count rate on a detector of 1600 counts / s. 
",49.60629622,576.6831048,39,A radioactive source produces a count rate on a detector of      counts  / s   After    hours the count rate has fallen to     counts  / s   Both count rates have been corrected for background radiation   What is the half-life of the source? A     hours B     hours C     hours D    hours ,0625_s15_qp_12,19,520,"Aradioactivesourceproducesacountrateonadetectorofcounts/s.
",0
0625_s15_qp_12_40,"40  A nuclide has the symbol  Ne
 
",49.60628834,727.2298095,40,"A nuclide has the symbol  Ne       What is the proton number of a nucleus of this nuclide? A    B    C    D         Permission to reproduce items where third-par ty owned material protected by copyright is  included has been sought and cleared w here possible  Every reasonable effort has been made by the publisher (UCLES) to trace copyright holder s, but if any items requiring clearance have unwittingly been included, the publisher will be pleased to make amends at the earliest possible opportunity   To avoid the issue of disclosure of answer-related information to candidates, all copyright acknowledgements are reproduced onl ine in the Cambridge International Examinations Copyright Acknowledgements Booklet  This is produced for each series of examinations and is freely a vailable to download at www cie org uk after the live examination series   Cambridge International Examinations is part of the Cambridge Asse ssment Group  Cambridge Assessment is the brand name of Unive rsity of Cambridge Local Examinations Syndicate (UCLES), which is itself a department of the University of Cambridge    © UCLES          /  /M/J/    BLANK PAGE  ",0625_s15_qp_12,19,510,"AnuclidehasthesymbolNe

",0
0625_s15_qp_13_01,"1  A  cook  wants  to  prepare  some  food  to  be  cooked  by  1.15 p.m.  He  uses  an  oven  with  an 
automatic  timer  that  can  be  set  to  switch  on  and  off  at  certain  times.  The  oven  needs  to  be 
switched on for 2 hours 10 minutes. 
",49.60629,100.518088,1,A cook wants to prepare some food to be cooked by       p m  He uses an oven with an automatic timer that can be set to switch on and off at certain times  The oven needs to be switched on for   hours    minutes   At which time does the oven need to switch on? A        a m  B        a m  C       p m  D       p m  ,0625_s15_qp_13,2,110,"Acookwantstopreparesomefoodtobecookedby.p.m.Heusesanovenwithan
automatictimerthatcanbesettoswitchonandoffatcertaintimes.Theovenneedstobe
switchedonforhoursminutes.
",0
0625_s15_qp_13_02,"2  The speed-time graph shows the motion of a car. 
 
",49.6067248,200.0715254,2,The speed-time graph shows the motion of a car      speed time PQR   Which row describes the motion?   between P and Q between Q and R  A accelerating moving at constant speed  B accelerating not moving  C moving at constant speed decelerating  D moving at constant speed not moving  ,0625_s15_qp_13,2,120,"Thespeed-timegraphshowsthemotionofacar.

",0
0625_s15_qp_13_03,"3  A car travels 100 km. The journey takes two hours. The highest speed of the car is 80 km / h, and 
",49.60629,521.292898,3,"A car travels      km  The journey takes two hours  The highest speed of the car is     km  / h, and the lowest speed is     km  / h   What is the average speed for the journey? A     km  / h B     km  / h C     km  / h D      km  / h ",0625_s15_qp_13,2,120,"Acartravelskm.Thejourneytakestwohours.Thehighestspeedofthecariskm/h,and
",1
0625_s15_qp_13_04,"4  Weight is an example of which quantity? 
",49.60700208,620.8460446,4,Weight is an example of which quantity? A acceleration B force C mass D pressure     © UCLES          /  /M/J/   [Turn over,0625_s15_qp_13,2,130,"Weightisanexampleofwhichquantity?
",0
0625_s15_qp_13_05,"5  A metal block has the dimensions shown. Its mass is 1000 g. 
 
",49.60629,87.87531718,5,A metal block has the dimensions shown  Its mass is       g      cm   cm  cm   What is the density of the metal? A  ××            g / cm  B  ××      ,0625_s15_qp_13,3,151,"Ametalblockhasthedimensionsshown.Itsmassisg.

",1
0625_s15_qp_13_06,"6  A car travels along a horizontal road at a constant speed. Three horizontal forces act on the car. 
",49.60612688,419.1036457,6,A car travels along a horizontal road at a constant speed  Three horizontal forces act on the car  The diagram shows two of these three forces    air resistance     N force from engine      Ndirection ofmotion forwards   What is the size and the direction of the third horizontal force acting on the car? A       N backwards B       N forwards C       N backwards D       N forwards     © UCLES          /  /M/J/  ,0625_s15_qp_13,3,151,"Acartravelsalongahorizontalroadataconstantspeed.Threehorizontalforcesactonthecar.
",0
0625_s15_qp_13_07,"7  The extension-load graph for a spring is shown. The unstretched length of the spring is 17.0 cm. 
 
",49.60629,87.87531718,7,"The extension-load graph for a spring is shown  The unstretched length of the spring is       cm              load  / Nextension / cm   When an object is hung from the spring, the length of the spring is       cm   What is the weight of the object? A      N B      N C      N D      N ",0625_s15_qp_13,4,151,"Theextension-loadgraphforaspringisshown.Theunstretchedlengthofthespringis.cm.

",0
0625_s15_qp_13_08,"8  To calculate the power produced by a force, the size of the force must be known. 
 
  What else needs to be known to calculate the power? 
 
",49.60753808,477.0170528,8,"To calculate the power produced by a force, the size of the force must be known    What else needs to be known to calculate the power?   the distance the force  moves the object the time for which the  force acts on the object   A /a   /a   key  B /a   /a   /a  = needed  C /a   /a   /a  = not needed  D /a   /a         © UCLES          /  /M/J/   [Turn over",0625_s15_qp_13,4,170,"Tocalculatethepowerproducedbyaforce,thesizeoftheforcemustbeknown.

Whatelseneedstobeknowntocalculatethepower?

",0
0625_s15_qp_13_09,"9  A cyclist travels down a hill from rest at point X, without pedalling. 
 
",49.60629,87.87531718,9,"A cyclist travels down a hill from rest at point X, without pedalling   The cyclist applies his brakes and the cycle stops at point Y    XY hill   Which energy changes have taken place between X and Y? A gravitational potential → kinetic → thermal (heat) B gravitational potential → thermal (heat) → kinetic C kinetic → gravitational potential → thermal (heat) D kinetic → thermal (heat) → gravitational potential ",0625_s15_qp_13,5,170,"AcyclisttravelsdownahillfromrestatpointX,withoutpedalling.

",1
0625_s15_qp_13_10,"10  The diagram shows a manometer with one side connected to a gas cylinder and the other side 
",49.60370371,350.3060355,10,The diagram shows a manometer with one side connected to a gas cylinder and the other side open to the atmosphere    gas cylinderliquid   Which conclusion can be made using only the information from liquid levels in the manometer? A The density of the gas is less than the density of air  B The density of the gas is greater than the density of air  C The pressure of the gas is less than atmospheric pressure  D The pressure of the gas is greater than atmospheric pressure      © UCLES          /  /M/J/  ,0625_s15_qp_13,5,180,"Thediagramshowsamanometerwithonesideconnectedtoagascylinderandtheotherside
",0
0625_s15_qp_13_11,"11  The diagram shows a solid block resting on a bench. The dimensions of the block are shown. 
 
",49.60629,87.87531718,11,"The diagram shows a solid block resting on a bench  The dimensions of the block are shown    bench    cm   cm   cmP RQ   On which labelled surface should the block rest to produce the smallest pressure on the bench? A P B Q C R D any of P, Q or R ",0625_s15_qp_13,6,220,"Thediagramshowsasolidblockrestingonabench.Thedimensionsoftheblockareshown.

",0
0625_s15_qp_13_12,"12  Small smoke particles suspended in air are viewed through a microscope. 
 
",49.60655194,406.3489985,12,Small smoke particles suspended in air are viewed through a microscope   The smoke particles move randomly   What does this show? A The air consists of fast-moving molecules  B The pressure of the air is increasing  C There are convection currents in the air  D The temperature of the air is increasing  ,0625_s15_qp_13,6,210,"Smallsmokeparticlessuspendedinairareviewedthroughamicroscope.

",0
0625_s15_qp_13_13,"13  Molecules  escape  from  a  liquid  during  evaporation.  The  temperature  of  the  remaining  liquid 
",49.60644195,570.8449183,13,Molecules escape from a liquid during evaporation  The temperature of the remaining liquid changes  Which molecules escape and how does the temperature change?  molecules escaping temperature of remaining liquid  A least energetic decreases  B least energetic increases  C most energetic decreases  D most energetic increases      © UCLES          /  /M/J/   [Turn over,0625_s15_qp_13,6,220,"Moleculesescapefromaliquidduringevaporation.Thetemperatureoftheremainingliquid
",0
0625_s15_qp_13_14,"14  The thermometer in the diagram has no scale. 
 
",49.60629,87.87531718,14,The thermometer in the diagram has no scale    bulb stem   Where must the bulb be placed so that    °C can be marked on the stem? A in a freezer B in pure boiling water C in pure cold water D in pure melting ice ,0625_s15_qp_13,7,220,"Thethermometerinthediagramhasnoscale.

",1
0625_s15_qp_13_15,"15  A  solid  is  heated  from  room  temperature.  The  graph  shows  how  its  temperature  changes  with 
",49.60635542,435.5447516,15,A solid is heated from room temperature  The graph shows how its temperature changes with time as it is heated constantly    timetemperature   room temperaturePQRST   Between which labelled points on the graph is the substance partly solid and partly liquid? A between P and Q B between Q and R C between R and S D between S and T     © UCLES          /  /M/J/  ,0625_s15_qp_13,7,220,"Asolidisheatedfromroomtemperature.Thegraphshowshowitstemperaturechangeswith
",0
0625_s15_qp_13_16,"16  One method of heat transfer involves the energy travelling at a much greater speed than in other 
",49.60629,75.2325464,16,One method of heat transfer involves the energy travelling at a much greater speed than in other methods   What is the name of this method? A conduction B convection C evaporation D radiation ,0625_s15_qp_13,8,230,"Onemethodofheattransferinvolvestheenergytravellingatamuchgreaterspeedthaninother
",0
0625_s15_qp_13_17,"17  A cupboard is placed in front of a heater. Air can move through a gap under the cupboard. 
 
",49.60607003,250.6983804,17,"A cupboard is placed in front of a heater  Air can move through a gap under the cupboard    wall floor heater cupboardair moves through gap   Which row describes the temperature, and the direction of movement, of the air in the gap?   air temperature air direction  A cool away from the heater  B cool towards the heater  C warm away from the heater  D warm towards the heater  ",0625_s15_qp_13,8,230,"Acupboardisplacedinfrontofaheater.Aircanmovethroughagapunderthecupboard.

",1
0625_s15_qp_13_18,"18  What is the frequency of a wave? 
",49.60629,602.9591638,18,What is the frequency of a wave? A the distance that a wavefront travels every second B the distance from one wavefront to the next C the number of wavefronts produced per second D the time taken for a wavefront to pass a certain point     © UCLES          /  /M/J/   [Turn over,0625_s15_qp_13,8,310,"Whatisthefrequencyofawave?
",0
0625_s15_qp_13_19,"19  The diagrams represent water waves in a tank. 
 
",49.60629,87.87531718,19,The diagrams represent water waves in a tank   Which diagram represents a wave that changes speed?   DdeeperwatershallowerwaterA barrierB barrierC barrier  ,0625_s15_qp_13,9,310,"Thediagramsrepresentwaterwavesinatank.

",1
0625_s15_qp_13_20,"20  Which diagram shows how the light from a candle is reflected by a mirror, and shows the position 
",49.60723642,269.1223729,20,"Which diagram shows how the light from a candle is reflected by a mirror, and shows the position of the image formed?   eye candleimage ofcandleA  eyecandleeye candleimage ofcandleB  image ofcandleC D  eyecandleimage ofcandlemirror  mirror mirror  mirror       © UCLES          /  /M/J/  ",0625_s15_qp_13,9,320,"Whichdiagramshowshowthelightfromacandleisreflectedbyamirror,andshowstheposition
",0
0625_s15_qp_13_21,"21  Radiation from the Sun is dispersed by a prism. The prism does not absorb any of the radiation. 
",49.60629,75.2325464,21,"Radiation from the Sun is dispersed by a prism  The prism does not absorb any of the radiation  Four identical thermometers are placed, one at each of the labelled positions   In which position does the thermometer show the greatest rise in temperature?   A BCDred light violet light radiation from the Sun prism  ",0625_s15_qp_13,10,320,"RadiationfromtheSunisdispersedbyaprism.Theprismdoesnotabsorbanyoftheradiation.
",1
0625_s15_qp_13_22,"22  A scientist tries to direct a ray of light in a glass block so that no light escapes from the top of the 
",49.60777312,333.752187,22,"A scientist tries to direct a ray of light in a glass block so that no light escapes from the top of the block    However, some light does escape    X glass block ray of light top of block light escapingfrom top of block   The scientist changes angle X and stops the light escaping from the top    Which row in the table describes the change to  angle X and the name of the effect produced?   change to angle X name of effect produced  A decrease total internal reflection  B decrease total internal refraction  C increase total internal reflection  D increase total internal refraction       © UCLES          /  /M/J/   [Turn over",0625_s15_qp_13,10,320,"Ascientisttriestodirectarayoflightinaglassblocksothatnolightescapesfromthetopofthe
",1
0625_s15_qp_13_23,"23  The frequency of a musical note is increased. 
 
",49.60629,87.87531718,23,The frequency of a musical note is increased   A student hearing the sound detects an increase in which property? A loudness of the sound B pitch of the sound C speed of the sound wave D wavelength of the sound wave ,0625_s15_qp_13,11,340,"Thefrequencyofamusicalnoteisincreased.

",0
0625_s15_qp_13_24,"24  A man holding a starting pistol stands 640 m away from a spectator. 
 
",49.60629,239.6989172,24,"A man holding a starting pistol stands      m away from a spectator         m spectator    The spectator hears the sound of the starting pistol      s after seeing the flash from the pistol   Using this information, what is the speed of sound in air? A      m  / s B      m  / s C      m  / s D       m  / s ",0625_s15_qp_13,11,340,"Amanholdingastartingpistolstandsmawayfromaspectator.

",1
0625_s15_qp_13_25,"25  Which action will demagnetise a magnetised piece of steel? 
",49.6071028,452.8930588,25,Which action will demagnetise a magnetised piece of steel? A Cool it in a freezer for several hours  B Hit it repeatedly with a hammer  C Put it in a coil carrying a direct current (d c )  D Put it near an unmagnetised piece of iron       © UCLES          /  /M/J/  ,0625_s15_qp_13,11,410,"Whichactionwilldemagnetiseamagnetisedpieceofsteel?
",0
0625_s15_qp_13_26,"26  An electromagnet with a soft-iron core is connected to a battery and an open switch. The soft-iron 
",49.60629,75.2325464,26,"An electromagnet with a soft-iron core is connected to a battery and an open switch  The soft-iron core is just above some small soft-iron nails    electromagnetsoft-iron core soft-iron nails   The switch is now closed, left closed for a few seconds, and then opened   What do the soft-iron nails do as the switch is clos ed, and what do they do when the switch is then opened?   as switch is closed as switch is opened  A nails jump up nails fall down  B nails jump up nails stay up  C nails stay down nails jump up  D nails stay down nails stay down  ",0625_s15_qp_13,12,410,"Anelectromagnetwithasoft-ironcoreisconnectedtoabatteryandanopenswitch.Thesoft-iron
",1
0625_s15_qp_13_27,"27  What is the unit of electromotive force (e.m.f.)? 
",49.60629,452.2126738,27,What is the unit of electromotive force (e m f )? A ampere B newton C ohm D volt ,0625_s15_qp_13,12,420,"Whatistheunitofelectromotiveforce(e.m.f.)?
",1
0625_s15_qp_13_28,"28  Which sample of copper wire has the greatest electrical resistance? 
",49.60618002,578.7527853,28,Which sample of copper wire has the greatest electrical resistance?  length of wire  / m diameter of wire  / mm  A          B          C         D              © UCLES          /  /M/J/   [Turn over,0625_s15_qp_13,12,420,"Whichsampleofcopperwirehasthegreatestelectricalresistance?
",0
0625_s15_qp_13_29,"29  The circuit diagram shows a 4.0 
 
",49.60629,88.69688488,29,The circuit diagram shows a      Ω resistor and an      Ω resistor connected to a      V battery         Ω    Ω    V   What is the current in the      Ω resistor? A    A B       A C       A D      A ,0625_s15_qp_13,13,430,"Thecircuitdiagramshowsa.

",1
0625_s15_qp_13_30,"30  The diagram shows a circuit which includes an uncharged capacitor and a switch. 
 
",49.60753808,316.0652154,30,"The diagram shows a circuit which includes an uncharged capacitor and a switch    XYswitch capacitor    The switch can be moved between position X and position Y   What happens to the capacitor when the switch is moved to position X, and what happens when the switch is then moved to position Y?   switch at X switch at Y  A capacitor charges capacitor charges  B capacitor charges capacitor discharges C capacitor discharges capacitor charges  D capacitor discharges capacitor discharges      © UCLES          /  /M/J/  ",0625_s15_qp_13,13,430,"Thediagramshowsacircuitwhichincludesanunchargedcapacitorandaswitch.

",1
0625_s15_qp_13_31,"31  Which component is represented by this circuit symbol? 
 
",49.60629,87.87531718,31,Which component is represented by this circuit symbol?     A a bell B a fuse C a relay D a transformer ,0625_s15_qp_13,14,430,"Whichcomponentisrepresentedbythiscircuitsymbol?

",0
0625_s15_qp_13_32,"32  The diagram shows a 10 
 
",49.60618165,313.5413007,32,The diagram shows a     Ω resistor and a     Ω resistor connected in a potential divider circuit    V    Ω    Ω     V   What is the reading on the voltmeter? A      V B      V C      V D       V      © UCLES          /  /M/J/   [Turn over,0625_s15_qp_13,14,430,"Thediagramshowsa

",1
0625_s15_qp_13_33,"33  In the circuit shown, only one of the fuses has blown, but none of the lamps is lit. 
 
",49.60629,87.87531718,33,"In the circuit shown, only one of the fuses has blown, but none of the lamps is lit   Which fuse has blown?   ABCDpowersupply  ",0625_s15_qp_13,15,440,"Inthecircuitshown,onlyoneofthefuseshasblown,butnoneofthelampsislit.

",1
0625_s15_qp_13_34,"34  A student investigates the force on a bar magnet placed near a current-carrying coil. She carries 
",49.6066176,369.100197,34,"A student investigates the force on a bar magnet placed near a current-carrying coil  She carries out three different experiments    NSmagnetattractedto coilexperiment  NSexperiment  NSexperiment     In experiment  , the magnet is attracted to the coil   Which row shows what happens in the other two experiments?   experiment   experiment  A magnet attracted magnet attracted  B magnet attracted magnet repelled  C magnet repelled magnet attracted  D magnet repelled magnet repelled       © UCLES          /  /M/J/  ",0625_s15_qp_13,15,410,"Astudentinvestigatestheforceonabarmagnetplacednearacurrent-carryingcoil.Shecarries
",0
0625_s15_qp_13_35,"35  Which diagram represents the voltage output of a simple a.c. generator? 
 
",49.60629,87.87531718,35,Which diagram represents the voltage output of a simple a c  generator?    voltagetimeA voltagetimeB  voltagetimeC voltagetimeD  ,0625_s15_qp_13,16,450,"Whichdiagramrepresentsthevoltageoutputofasimplea.c.generator?

",0
0625_s15_qp_13_36,"36  A  transformer  has  400  turns  on  its  secondary  coil.  An  input  voltage  of  12 V  is  applied  to  the 
",49.6069176,400.8200729,36,"A transformer has     turns on its secondary coil  An input voltage of     V is applied to the primary coil, and an output voltage of      V is induced across the secondary coil    primary coil secondary coil    turns input voltage    Voutput voltage     V   How many turns are on the primary coil of the transformer? A    B    C     D           © UCLES          /  /M/J/   [Turn over",0625_s15_qp_13,16,450,"Atransformerhasturnsonitssecondarycoil.AninputvoltageofVisappliedtothe
",0
0625_s15_qp_13_37,"37  The diagram shows a cathode-ray tube. 
 
",49.60629,87.87531718,37,"The diagram shows a cathode-ray tube    anode cathodecathode-rays   Which electrode should be heated, and which electrode should be positive?   heated electrode positive electrode  A anode anode  B anode cathode  C cathode anode  D cathode cathode  ",0625_s15_qp_13,17,520,"Thediagramshowsacathode-raytube.

",1
0625_s15_qp_13_38,"38  α, β and γ-radiations are emitted by radioactive substances. 
 
",49.60618002,434.5808151,38,"α, β and γ-radiations are emitted by radioactive substances   Which statement is correct? A α-radiation consists of charged particles and is the most highly ionising radiation  B β-radiation consists of charged particles and is the most penetrating radiation  C β-radiation consists of uncharged particles and is the least highly ionising radiation  D γ-radiation consists of uncharged particles and is the least penetrating radiation  ",0625_s15_qp_13,17,520,"α,βandγ-radiationsareemittedbyradioactivesubstances.

",0
0625_s15_qp_13_39,"39  The nucleus of an americium atom contains 146 neutrons and 95 protons. It decays by emitting 
",49.60596005,577.0782852,39,The nucleus of an americium atom contains     neutrons and    protons  It decays by emitting an α-particle    How many neutrons and how many protons remain in the nucleus when this form of americium decays?  number of neutrons remaining number of protons remaining  A       B       C       D           © UCLES          /  /M/J/  ,0625_s15_qp_13,17,510,"Thenucleusofanamericiumatomcontainsneutronsandprotons.Itdecaysbyemitting
",0
0625_s15_qp_13_40,"40  Which statement is correct for the nucleus of any atom? 
",49.60629,75.2325464,40,"Which statement is correct for the nucleus of any atom? A The nucleus contains electrons, neutrons and protons  B The nucleus contains the same number of protons as neutrons  C The nucleus has a total charge of zero  D The nucleus is very small compared with the size of the atom       © UCLES          /  /M/J/    BLANK PAGE     Permission to reproduce items where third-par ty owned material protected by copyright is  included has been sought and cleared w here possible  Every reasonable effort has been made by the publisher (UCLES) to trace copyright holder s, but if any items requiring clearance have unwittingly been included, the publisher will be pleased to make amends at the earliest possible opportunity   To avoid the issue of disclosure of answer-related information to candidates, all copyright acknowledgements are reproduced onl ine in the Cambridge International Examinations Copyright Acknowledgements Booklet  This is produced for each series of examinations and is freely a vailable to download at www cie org uk after the live examination series   Cambridge International Examinations is part of the Cambridge Asse ssment Group  Cambridge Assessment is the brand name of Unive rsity of Cambridge Local Examinations Syndicate (UCLES), which is itself a department of the University of Cambridge    © UCLES          /  /M/J/    BLANK PAGE ",0625_s15_qp_13,18,510,"Whichstatementiscorrectforthenucleusofanyatom?
",0
0625_s15_qp_14_01,"1  The diagram shows a measuring instrument. 
 
",49.60629,87.87531718,1,The diagram shows a measuring instrument      Which quantity is this instrument used to measure? A area B density C mass D volume ,0625_s15_qp_14,2,110,"Thediagramshowsameasuringinstrument.

",0
0625_s15_qp_14_02,"2  The diagram shows the distance-time graph of an object. 
 
",49.60669488,410.3733945,2,The diagram shows the distance-time graph of an object      distancetime  Which statement describes the object? A It is accelerating  B It is moving at a constant speed  C It is slowing down  D It is stationary      © UCLES          /  /M/J/   [Turn over,0625_s15_qp_14,2,120,"Thediagramshowsthedistance-timegraphofanobject.

",0
0625_s15_qp_14_03,"3  A tennis player hits a ball hard and 0.40 s later hears the echo from a wall. 
 
",49.60622688,87.87531718,3,A tennis player hits a ball hard and       s later hears the echo from a wall      The speed of sound in air is      m  / s   How far away is the player from the wall? A     m B      m C      m D      m ,0625_s15_qp_14,3,340,"Atennisplayerhitsaballhardand.slaterhearstheechofromawall.

",0
0625_s15_qp_14_04,"4  Weight is an example of which quantity? 
",49.60715938,378.0585446,4,Weight is an example of which quantity? A acceleration B force C mass D pressure ,0625_s15_qp_14,3,130,"Weightisanexampleofwhichquantity?
",1
0625_s15_qp_14_05,"5  Which substance in the table has the lowest density? 
 
",49.60715938,517.240437,5,Which substance in the table has the lowest density?   substance mass  / g volume  / cm A nylon          B cotton          C olive oil          D water              © UCLES          /  /M/J/  ,0625_s15_qp_14,3,220,"Whichsubstanceinthetablehasthelowestdensity?

",0
0625_s15_qp_14_06,"6  A car travels along a horizontal road at a constant speed. Three horizontal forces act on the car. 
",49.60629,75.2325464,6,A car travels along a horizontal road at a constant speed  Three horizontal forces act on the car  The diagram shows two of these three forces    air resistance     N force from engine      Ndirection ofmotion forwards   What is the size and the direction of the third horizontal force acting on the car? A       N backwards B       N forwards C       N backwards D       N forwards ,0625_s15_qp_14,4,151,"Acartravelsalongahorizontalroadataconstantspeed.Threehorizontalforcesactonthecar.
",1
0625_s15_qp_14_07,"7  The extension-load graph for a spring is shown. The unstretched length of the spring is 17.0 cm. 
 
",49.60607118,354.020303,7,"The extension-load graph for a spring is shown  The unstretched length of the spring is       cm              load  / Nextension / cm   When an object is hung from the spring, the length of the spring is       cm   What is the weight of the object? A      N B      N C      N D      N     © UCLES          /  /M/J/   [Turn over",0625_s15_qp_14,4,151,"Theextension-loadgraphforaspringisshown.Theunstretchedlengthofthespringis.cm.

",1
0625_s15_qp_14_08,"8  Which form of energy is used to generate electrical energy in a tidal power station? 
",49.60629,75.2325464,8,Which form of energy is used to generate electrical energy in a tidal power station? A chemical energy B gravitational energy C internal energy (thermal energy) D nuclear energy ,0625_s15_qp_14,5,170,"Whichformofenergyisusedtogenerateelectricalenergyinatidalpowerstation?
",0
0625_s15_qp_14_09,"9  Four different model steam engines each lift a 1.0 kg object from the same laboratory floor to the 
",49.60629,201.771668,9,Four different model steam engines each lift a      kg object from the same laboratory floor to the same laboratory bench  Each engine takes a different time to lift the object   How does the most powerful engine compare with the other engines?   speed of lifting object onto bench useful work done  A faster more than other engines  B faster same as other engines  C slower less than other engines  D slower same as other engines  ,0625_s15_qp_14,5,170,"Fourdifferentmodelsteamengineseachlifta.kgobjectfromthesamelaboratoryfloortothe
",0
0625_s15_qp_14_10,"10  Which statement is explained by reference to pressure? 
",49.60629,406.999988,10,Which statement is explained by reference to pressure? A Objects with greater mass have greater weight  B One kilogram of water occupies more volume than one kilogram of lead  C Spikes on running-shoes sink into the ground  D Water cooled to a low enough temperature turns to ice  ,0625_s15_qp_14,5,220,"Whichstatementisexplainedbyreferencetopressure?
",0
0625_s15_qp_14_11,"11  Small smoke particles suspended in air are viewed through a microscope. 
 
",49.60629,546.2103662,11,Small smoke particles suspended in air are viewed through a microscope   The smoke particles move randomly   What does this show? A The air consists of fast-moving molecules  B The pressure of the air is increasing  C There are convection currents in the air  D The temperature of the air is increasing      © UCLES          /  /M/J/  ,0625_s15_qp_14,5,210,"Smallsmokeparticlessuspendedinairareviewedthroughamicroscope.

",1
0625_s15_qp_14_12,"12  The gas in a container is heated but is kept at constant volume. 
 
",49.60629,87.87531718,12,The gas in a container is heated but is kept at constant volume   Why does the gas pressure increase? A The molecules expand  B The molecules increase in mass  C The molecules move further apart  D The molecules move more rapidly  ,0625_s15_qp_14,6,210,"Thegasinacontainerisheatedbutiskeptatconstantvolume.

",0
0625_s15_qp_14_13,"13  Which row is correct for the evaporation of a liquid? 
 
",49.60629,239.7009702,13,Which row is correct for the evaporation of a liquid?   the particles escaping from the liquid are on average the average kinetic energy of particles remaining in the liquid  A the least energetic decreases  B the least energetic increases  C the most energetic decreases  D the most energetic increases  ,0625_s15_qp_14,6,220,"Whichrowiscorrectfortheevaporationofaliquid?

",0
0625_s15_qp_14_14,"14  A long thin bar of copper is heated evenly along its length. 
 
",49.60629,424.0082446,14,A long thin bar of copper is heated evenly along its length    copper ba r heat  What happens to the bar? A It becomes less heavy  B It becomes longer  C It becomes shorter  D It bends at the ends      © UCLES          /  /M/J/   [Turn over,0625_s15_qp_14,6,220,"Alongthinbarofcopperisheatedevenlyalongitslength.

",0
0625_s15_qp_14_15,"15  A  solid  is  heated  from  room  temperature.  The  graph  shows  how  its  temperature  changes  with 
",49.60629,75.2325464,15,A solid is heated from room temperature  The graph shows how its temperature changes with time as it is heated constantly    timetemperature   room temperaturePQRST   Between which labelled points on the graph is the substance partly solid and partly liquid? A between P and Q B between Q and R C between R and S D between S and T ,0625_s15_qp_14,7,220,"Asolidisheatedfromroomtemperature.Thegraphshowshowitstemperaturechangeswith
",1
0625_s15_qp_14_16,"16  One method of heat transfer involves the energy travelling at a much greater speed than in other 
",49.60649763,411.3652237,16,One method of heat transfer involves the energy travelling at a much greater speed than in other methods   What is the name of this method? A conduction B convection C evaporation D radiation     © UCLES          /  /M/J/  ,0625_s15_qp_14,7,230,"Onemethodofheattransferinvolvestheenergytravellingatamuchgreaterspeedthaninother
",1
0625_s15_qp_14_17,"17  The diagram shows four markings on a liquid-in-glass thermometer. 
 
",49.60629,87.87531718,17,The diagram shows four markings on a liquid-in-glass thermometer    –    °C  °C    °C    °C   Which temperatures are the upper and lower fixed points?   upper fixed point  / °C lower fixed point  / °C  A        B     – C        D     – ,0625_s15_qp_14,8,220,"Thediagramshowsfourmarkingsonaliquid-in-glassthermometer.

",0
0625_s15_qp_14_18,"18  The diagram shows a block of ice placed in a warm room. 
 
",49.60629,472.9057588,18,The diagram shows a block of ice placed in a warm room   At which point is the temperature the lowest?   tableclampiceBCDA      © UCLES          /  /M/J/   [Turn over,0625_s15_qp_14,8,220,"Thediagramshowsablockoficeplacedinawarmroom.

",0
0625_s15_qp_14_19,"19  The thermal capacity of solid Y is greater than that of solid Z. 
 
",49.60629,87.87531718,19,The thermal capacity of solid Y is greater than that of solid Z   What is a consequence of this? A Solid Y needs less thermal energy to melt it than solid Z  B Solid Y needs less thermal energy to raise its temperature by    °C than solid Z  C Solid Y needs more thermal energy to melt it than solid Z  D Solid Y needs more thermal energy to raise its temperature by    °C than solid Z  ,0625_s15_qp_14,9,220,"ThethermalcapacityofsolidYisgreaterthanthatofsolidZ.

",0
0625_s15_qp_14_20,"20  The diagram shows a water wave in a ripple tank. 
 
",49.6068791,241.3717931,20,The diagram shows a water wave in a ripple tank   Which line represents a wavefront?   CDAB      © UCLES          /  /M/J/  ,0625_s15_qp_14,9,310,"Thediagramshowsawaterwaveinarippletank.

",0
0625_s15_qp_14_21,"21  Which diagram shows how the light from a candle is reflected by a mirror, and shows the position 
",49.60629,75.2325464,21,"Which diagram shows how the light from a candle is reflected by a mirror, and shows the position of the image formed?   eye candleimage ofcandleA  eyecandleeye candleimage ofcandleB  image ofcandleC D  eyecandleimage ofcandlemirror  mirror mirror  mirror        © UCLES          /  /M/J/   [Turn over",0625_s15_qp_14,10,320,"Whichdiagramshowshowthelightfromacandleisreflectedbyamirror,andshowstheposition
",1
0625_s15_qp_14_22,"22  The diagram shows a ray of white light incident on a triangular glass prism. 
 
",49.60629,87.87531718,22,"The diagram shows a ray of white light incident on a triangular glass prism    ray ofwhite lightglass prism   The ray enters the prism   Which row correctly states if the light is refracted, and if the light is dispersed?   refracted dispersed  A no no  B no yes  C yes no  D yes yes  ",0625_s15_qp_14,11,320,"Thediagramshowsarayofwhitelightincidentonatriangularglassprism.

",0
0625_s15_qp_14_23,"23  A parallel beam of light falls on a converging lens. 
 
",49.60629,423.2145446,23,A parallel beam of light falls on a converging lens   Which diagram shows what happens to the beam of light?   A B C D       © UCLES          /  /M/J/  ,0625_s15_qp_14,11,320,"Aparallelbeamoflightfallsonaconverginglens.

",0
0625_s15_qp_14_24,"24  In the experiment shown, the bell is heard ringing. The air is gradually pumped out of the jar. No 
",49.60629,75.2325464,24,"In the experiment shown, the bell is heard ringing   The air is gradually pumped out of the jar  No change is made to the ringing bell    air pumprubber bandsbellglass jar   After a few minutes the bell can no longer be heard   Why is this? A The amplitude of vibration of the bell decreases  B The frequency of vibration of the bell increases  C The sound waves from the bell become transverse  D The sound waves need a medium to travel through  ",0625_s15_qp_14,12,340,"Intheexperimentshown,thebellisheardringing.Theairisgraduallypumpedoutofthejar.No
",0
0625_s15_qp_14_25,"25  What can be heard by the human ear? 
",49.60669048,442.6612651,25,What can be heard by the human ear? A a whistle emitting a wave of frequency     kHz B a bat emitting a wave of frequency     kHz C an insect emitting a wave of frequency      Hz D a vibrating spring emitting a wave of frequency    Hz ,0625_s15_qp_14,12,340,"Whatcanbeheardbythehumanear?
",0
0625_s15_qp_14_26,"26  Which action will demagnetise a magnetised piece of steel? 
",49.60652408,569.1987346,26,Which action will demagnetise a magnetised piece of steel? A Cool it in a freezer for several hours  B Hit it repeatedly with a hammer  C Put it in a coil carrying a direct current (d c )  D Put it near an unmagnetised piece of iron       © UCLES          /  /M/J/   [Turn over,0625_s15_qp_14,12,410,"Whichactionwilldemagnetiseamagnetisedpieceofsteel?
",1
0625_s15_qp_14_27,"27  Which  row  gives  the  unit  for  electromotive  force  (e.m.f.)  and  the  unit  for  potential  difference 
",49.60629,75.2325464,27,Which row gives the unit for electromotive force (e m f ) and the unit for potential difference (p d )?   electromotive force potential difference  A newton joule  B newton volt  C volt joule  D volt volt  ,0625_s15_qp_14,13,420,"Whichrowgivestheunitforelectromotiveforce(e.m.f.)andtheunitforpotentialdifference
",0
0625_s15_qp_14_28,"28  A student investigates the force on a bar magnet placed near a current-carrying coil. She carries 
",49.60629,257.954288,28,"A student investigates the force on a bar magnet placed near a current-carrying coil  She carries out three different experiments    NSmagnetattractedto coilexperiment  NSexperiment  NSexperiment     In experiment  , the magnet is attracted to the coil   Which row shows what happens in the other two experiments?   experiment   experiment  A magnet attracted magnet attracted  B magnet attracted magnet repelled  C magnet repelled magnet attracted  D magnet repelled magnet repelled  ",0625_s15_qp_14,13,410,"Astudentinvestigatestheforceonabarmagnetplacednearacurrent-carryingcoil.Shecarries
",1
0625_s15_qp_14_29,"29  Which sample of copper wire has the greatest electrical resistance? 
",49.60629,580.792088,29,Which sample of copper wire has the greatest electrical resistance?  length of wire  / m diameter of wire  / mm  A          B          C         D              © UCLES          /  /M/J/  ,0625_s15_qp_14,13,420,"Whichsampleofcopperwirehasthegreatestelectricalresistance?
",1
0625_s15_qp_14_30,"30  A student uses the circuit shown to determine the resistance of the two identical resistors. 
 
",49.60629,87.87531718,30,A student uses the circuit shown to determine the resistance of the two identical resistors    A V  The voltmeter reading is      V and the ammeter reading is       A   What is the resistance of each resistor? A        Ω B       Ω C      Ω D      Ω ,0625_s15_qp_14,14,430,"Astudentusesthecircuitshowntodeterminetheresistanceofthetwoidenticalresistors.

",0
0625_s15_qp_14_31,"31  Which component is represented by this circuit symbol? 
 
",49.6074281,329.5294131,31,Which component is represented by this circuit symbol?     A a bell B a fuse C a relay D a transformer ,0625_s15_qp_14,14,430,"Whichcomponentisrepresentedbythiscircuitsymbol?

",1
0625_s15_qp_14_32,"32  A student sets up this circuit. 
 
",49.60681342,554.3740277,32,A student sets up this circuit      What is the purpose of the circuit? A to allow a lamp to be made dimmer or brighter as required B to amplify the sound of a voice C to light a lamp in the dark D to sound a bell when the temperature rises     © UCLES          /  /M/J/   [Turn over,0625_s15_qp_14,14,430,"Astudentsetsupthiscircuit.

",0
0625_s15_qp_14_33,"33  Three cores of different metals, P, Q and R, are placed inside identical coils of wire. 
 
",49.60629,87.87531718,33,"Three cores of different metals, P, Q and R, are placed inside identical coils of wire   At least one of the metals is non-ferrous   The cores are held above some iron nails   The three diagrams below show what happens when there is a current in the coils     Pcoil core ironnailsQ R+–+–+–    The three diagrams below show what happens when the current is then switched off     P Q R+–+–+–    Which row identifies whether the core metals are ferrous or non-ferrous?   ferrous non-ferrous  A P Q and R  B P and Q R  C Q and R P  D R P and Q       © UCLES          /  /M/J/  ",0625_s15_qp_14,15,410,"Threecoresofdifferentmetals,P,QandR,areplacedinsideidenticalcoilsofwire.

",0
0625_s15_qp_14_34,"34  Which diagram represents the voltage output of a simple a.c. generator? 
 
",49.60629,87.87531718,34,Which diagram represents the voltage output of a simple a c  generator?    voltagetimeA voltagetimeB  voltagetimeC voltagetimeD  ,0625_s15_qp_14,16,450,"Whichdiagramrepresentsthevoltageoutputofasimplea.c.generator?

",1
0625_s15_qp_14_35,"35  In an electrical circuit, what is the purpose of a fuse? 
",49.6069176,400.8200729,35,"In an electrical circuit, what is the purpose of a fuse? A to connect the metal case of an appliance to the earth B to cut off the electrical supply if the current is too large C to keep an electrical appliance dry in damp conditions D to maintain a steady voltage as the current varies      © UCLES          /  /M/J/   [Turn over",0625_s15_qp_14,16,440,"Inanelectricalcircuit,whatisthepurposeofafuse?
",0
0625_s15_qp_14_36,"36  The diagram shows a cathode-ray tube. 
 
",49.60629,87.87531718,36,"The diagram shows a cathode-ray tube    anode cathodecathode-rays   Which electrode should be heated, and which electrode should be positive?   heated electrode positive electrode  A anode anode  B anode cathode  C cathode anode  D cathode cathode  ",0625_s15_qp_14,17,520,"Thediagramshowsacathode-raytube.

",1
0625_s15_qp_14_37,"37  Which particles are emitted during thermionic emission? 
",49.60629,421.1165738,37,Which particles are emitted during thermionic emission? A atoms B electrons C neutrons D protons ,0625_s15_qp_14,17,510,"Whichparticlesareemittedduringthermionicemission?
",0
0625_s15_qp_14_38,"38  A uranium  U238
 
",49.60618002,565.6550095,38,A uranium  U      nucleus emits an α-particle   What are the new nucleon and proton numbers?   nucleon number proton number  A       B         C       D              © UCLES          /  /M/J/  ,0625_s15_qp_14,17,510,"AuraniumU

",0
0625_s15_qp_14_39,"39  Which row shows the nature and the penetrating ability of β-particles? 
 
",49.60629,88.69688488,39,Which row shows the nature and the penetrating ability of β-particles?   nature most are stopped by  A electron a few mm of aluminium  B electron a thin sheet of paper  C helium nucleus a few mm of aluminium  D helium nucleus a thin sheet of paper  ,0625_s15_qp_14,18,520,"Whichrowshowsthenatureandthepenetratingabilityofβ-particles?

",0
0625_s15_qp_14_40,"40  A  radioactive  isotope  is  placed  near  a  detector.  The  readings  on  the  detector  are  corrected  for 
",49.60629,231.988898,40,"A radioactive isotope is placed near a detector  The readings on the detector are corrected for background radiation and recorded every hour   The table shows the corrected readings   time  / hours                    count rate  / counts per second                       What is the half-life of the isotope? A between   and   hour B between   hour and   hours C between   hours and   hours D between   hours and   hours      © UCLES          /  /M/J/    BLANK PAGE     Permission to reproduce items where third-par ty owned material protected by copyright is  included has been sought and cleared w here possible  Every reasonable effort has been made by the publisher (UCLES) to trace copyright holder s, but if any items requiring clearance have unwittingly been included, the publisher will be pleased to make amends at the earliest possible opportunity   To avoid the issue of disclosure of answer-related information to candidates, all copyright acknowledgements are reproduced onl ine in the Cambridge International Examinations Copyright Acknowledgements Booklet  This is produced for each series of examinations and is freely a vailable to download at www cie org uk after the live examination series   Cambridge International Examinations is part of the Cambridge Asse ssment Group  Cambridge Assessment is the brand name of Unive rsity of Cambridge Local Examinations Syndicate (UCLES), which is itself a department of the University of Cambridge    © UCLES          /  /M/J/    BLANK PAGE ",0625_s15_qp_14,18,520,"Aradioactiveisotopeisplacednearadetector.Thereadingsonthedetectorarecorrectedfor
",0
0625_s16_qp_21_01,"1  The diagram shows an enlarged drawing of the end of a metre rule. It is being used to measure 
",49.60629,75.2325464,1,The diagram shows an enlarged drawing of the end of a metre rule  It is being used to measure the length of a small feather     mmcm              What is the length of the feather? A     mm B     mm C     cm D     cm ,0625_s16_qp_21,2,110,"Thediagramshowsanenlargeddrawingoftheendofametrerule.Itisbeingusedtomeasure
",0
0625_s16_qp_21_02,"2  The speed-time graph shown is for a car moving in a straight line. 
 
",49.6069928,350.0525054,2,The speed-time graph shown is for a car moving in a straight line                         time  / sspeedm / s   What is the acceleration of the car when the time is     s? A    m  / s  B      −m  / s  C     m  / s  D (   –  )  m  / s      © UCLES          /  /M/J/   [Turn over,0625_s16_qp_21,2,120,"Thespeed-timegraphshownisforacarmovinginastraightline.

",0
0625_s16_qp_21_03,"3  Two runners take part in a race. 
 
",49.60629,87.87531718,3,Two runners take part in a race   The graph shows how the speed of each runner changes with time      speed timerunner  runner  t  What does the graph show about the runners at time t  ? A Both runners are moving at the same speed  B Runner   has zero acceleration  C Runner   is overtaking runner    D Runner   is slowing down  ,0625_s16_qp_21,3,120,"Tworunnerstakepartinarace.

",0
0625_s16_qp_21_04,"4  A satellite orbits the Earth above the atmosphere at a constant speed. 
 
",49.60666634,414.6538488,4,A satellite orbits the Earth above the atmosphere at a constant speed   The diagram shows the satellite at one point in its circular orbit around the Earth   Which labelled arrow shows the direction of the resultant force on the satellite at the position shown?   Earthdirection of rotationof satelliteABCD satellite      © UCLES          /  /M/J/  ,0625_s16_qp_21,3,120,"AsatelliteorbitstheEarthabovetheatmosphereataconstantspeed.

",0
0625_s16_qp_21_05,"5  A cup contains hot liquid. 
 
",49.60629,87.87531718,5,A cup contains hot liquid   Some of the liquid evaporates   What happens to the mass and what happens to the weight of the liquid in the cup?   mass weight  A decreases decreases  B decreases stays the same  C stays the same decreases  D stays the same stays the same  ,0625_s16_qp_21,4,220,"Acupcontainshotliquid.

",0
0625_s16_qp_21_06,"6  The diagrams show three uniform beams P, Q and R, each pivoted at its centre. 
 
",49.60629,293.8978488,6,"The diagrams show three uniform beams P, Q and R, each pivoted at its centre   The two forces acting on each beam are also shown         N    m      m     NP      N    m      m     NQ      N    m      m     NR  Which beams rotate clockwise? A P and Q only B P and R only C Q and R only D P, Q and R     © UCLES          /  /M/J/   [Turn over",0625_s16_qp_21,4,152,"ThediagramsshowthreeuniformbeamsP,QandR,eachpivotedatitscentre.

",0
0625_s16_qp_21_07,"7  An object of mass 50 kg accelerates from a velocity of 2.0 m / s to a velocity of 10 m / s in the same 
",49.60629,75.2325464,7,An object of mass     kg accelerates from a velocity of      m  / s to a velocity of     m  / s in the same direction   What is the impulse provided to cause this acceleration? A      N  s B      N  s C      N  s D       N  s ,0625_s16_qp_21,5,130,"Anobjectofmasskgacceleratesfromavelocityof.m/stoavelocityofm/sinthesame
",0
0625_s16_qp_21_08,"8  A scalar quantity has 
",49.60753736,174.7576588,8,A scalar quantity has A magnitude and direction  B no magnitude and no direction  C magnitude but no direction  D direction but no magnitude  ,0625_s16_qp_21,5,450,"Ascalarquantityhas
",0
0625_s16_qp_21_09,"9  Energy is released in some nuclear reactions. 
 
",49.60775733,313.9690269,9,"Energy is released in some nuclear reactions   Which nuclear reaction takes place in a nuclear power station, and which nuclear reaction takes place in the Sun?   nuclear power station the Sun  A fission fission  B fission fusion  C fusion fission  D fusion fusion  ",0625_s16_qp_21,5,170,"Energyisreleasedinsomenuclearreactions.

",0
0625_s16_qp_21_10,"10  A lorry of mass 4000 kg is travelling at a speed of 4.0 m / s. 
 
",49.60629,522.0013172,10,A lorry of mass       kg is travelling at a speed of      m  / s   A car has a mass of       kg  The kinetic energy of the car is equal to the kinetic energy of the lorry   What is the speed of the car? A      m  / s B      m  / s C      m  / s D       m  / s     © UCLES          /  /M/J/  ,0625_s16_qp_21,5,170,"Alorryofmasskgistravellingataspeedof.m/s.

",0
0625_s16_qp_21_11,"11  A force acts on an object and causes the object to move a certain distance, in the same direction 
",49.60629,75.2325464,11,"A force acts on an object and causes the object to move a certain distance, in the same direction as the force   Which row represents a situation in which the largest amount of work is done on the object by the force?   force  / N distance moved  / m  A           B           C           D            ",0625_s16_qp_21,6,170,"Aforceactsonanobjectandcausestheobjecttomoveacertaindistance,inthesamedirection
",0
0625_s16_qp_21_12,"12  A diver under water uses breathing apparatus at a depth where the pressure is 1.25 × 105
 
",49.60629,295.2291949,12,"A diver under water uses breathing apparatus at a depth where the pressure is      ×       Pa      A bubble of gas breathed out by the diver has a volume of     cm  when it is released  The bubble moves upwards to the surface of the water   At the surface of the water, the atmospheric pressure is      ×       Pa   The temperature of the water is the same at all depths   What is the volume of this bubble when it reaches the surface? A     cm  B     cm  C     cm  D     cm      © UCLES          /  /M/J/   [Turn over",0625_s16_qp_21,6,180,"Adiverunderwaterusesbreathingapparatusatadepthwherethepressureis.×

",0
0625_s16_qp_21_13,"13  The diagram shows a simple mercury barometer. 
 
",49.60629,87.87531718,13,The diagram shows a simple mercury barometer    VW XYZmercury   The atmospheric pressure increases   Which distance increases? A VW B WY C XY D XZ ,0625_s16_qp_21,7,180,"Thediagramshowsasimplemercurybarometer.

",1
0625_s16_qp_21_14,"14  Which statement about evaporation is correct? 
",49.60651203,394.0750126,14,"Which statement about evaporation is correct? A Evaporation causes the temperature of the remaining liquid to decrease  B Evaporation does not occur from a cold liquid near its freezing point  C Evaporation does not occur from a dense liquid, such as mercury  D Evaporation occurs from all parts of a liquid  ",0625_s16_qp_21,7,220,"Whichstatementaboutevaporationiscorrect?
",0
0625_s16_qp_21_15,"15  A  beaker  contains  0.500 kg  of  water  at  a  temperature  of  3.0 °C.  The  beaker  is  heated,  and  the 
",49.60640205,520.6141343,15,"A beaker contains        kg of water at a temperature of      °C  The beaker is heated, and the internal energy of the water increases by       kJ   The specific heat capacity of water is       J / (kg  °C)   What is the temperature of the water after it has been heated? A      °C B       °C C       °C D       °C     © UCLES          /  /M/J/  ",0625_s16_qp_21,7,220,"Abeakercontains.kgofwateratatemperatureof.°C.Thebeakerisheated,andthe
",0
0625_s16_qp_21_16,"16  A substance loses thermal energy (heat) to the surroundings at a steady rate. 
 
",49.60629,87.87531718,16,A substance loses thermal energy (heat) to the surroundings at a steady rate   The graph shows how the temperature of the substance changes with time      timetemperaturePQ   What could the portion PQ of the graph represent? A gas condensing B gas cooling  C liquid cooling D liquid solidifying ,0625_s16_qp_21,8,220,"Asubstancelosesthermalenergy(heat)tothesurroundingsatasteadyrate.

",0
0625_s16_qp_21_17,"17  A student wishes to check the upper and the lower fixed points on a Celsius scale thermometer. 
 
",49.60754458,424.6599845,17,"A student wishes to check the upper and the lo wer fixed points on a Celsius scale thermometer       °C                      –     She has four beakers P, Q, R and S   Beaker P contains a mixture of ice and salt  Beaker Q contains a mixture of ice and water  Beaker R contains boiling salt solution  Beaker S contains boiling water   Which two beakers should she use to check the fixed points? A P and R B P and S C Q and R D Q and S     © UCLES          /  /M/J/   [Turn over",0625_s16_qp_21,8,220,"AstudentwishestochecktheupperandthelowerfixedpointsonaCelsiusscalethermometer.

",0
0625_s16_qp_21_18,"18  Two otherwise identical cars, one black and one white, are at the same initial temperature. The 
cars  are  left  in  bright  sunshine  and  their  temperatures  increase.  During  the  night  their 
temperatures decrease. 
",49.60629,100.518088,18,"Two otherwise identical cars, one black and one white, are at the same initial temperature  The cars are left in bright sunshine and their temperatures increase  During the night their temperatures decrease   Which car shows the greater rate of temperature increase and which car shows the greater rate of temperature decrease?   greater rate of temperature increase greater rate of temperature decrease  A black black  B black white  C white black  D white white  ",0625_s16_qp_21,9,230,"Twootherwiseidenticalcars,oneblackandonewhite,areatthesameinitialtemperature.The
carsareleftinbrightsunshineandtheirtemperaturesincrease.Duringthenighttheir
temperaturesdecrease.
",0
0625_s16_qp_21_19,"19  A liquid is heated in a beaker. 
 
",49.60629,335.3970588,19,A liquid is heated in a beaker    heatingliquid   The density of the liquid changes as its temperature increases  This causes energy to be transferred throughout the liquid   How does the density change and what is this energy transfer process?   density energy transfer process  A decreases conduction  B decreases convection  C increases conduction  D increases convection  ,0625_s16_qp_21,9,230,"Aliquidisheatedinabeaker.

",0
0625_s16_qp_21_20,"20  Sound waves of frequency 2.0 kHz travel through a substance at a speed of 800 m / s. 
",49.60629,674.7606838,20,Sound waves of frequency      kHz travel through a substance at a speed of      m  / s  What is the wavelength of the waves? A       m B      m C      m D       m     © UCLES          /  /M/J/  ,0625_s16_qp_21,9,340,"Soundwavesoffrequency.kHztravelthroughasubstanceataspeedofm/s.
",0
0625_s16_qp_21_21,"21  Which row shows the natures of light waves, sound waves and X-rays? 
 
",49.60629,87.87531718,21,"Which row shows the natures of light waves, sound waves and X-rays?   light waves sound waves X-rays  A longitudinal longitudinal transverse  B longitudinal transverse longitudinal  C transverse longitudinal transverse  D transverse transverse longitudinal  ",0625_s16_qp_21,10,330,"Whichrowshowsthenaturesoflightwaves,soundwavesandX-rays?

",0
0625_s16_qp_21_22,"22  The diagram shows light travelling from air into glass. 
 
",49.60629,243.8096588,22,"The diagram shows light travelling from air into glass   Four angles v, w, x and y are shown    vwyxnormalairglasslight   Which formula is used to calculate the refractive index n of the glass? A n =  yv sin sin B n = xv sin sin C n =  yw sin sin D n = xw sin sin ",0625_s16_qp_21,10,320,"Thediagramshowslighttravellingfromairintoglass.

",0
0625_s16_qp_21_23,"23  The diagram shows a converging lens forming an image of an object. 
 
",49.60706496,542.0140065,23,The diagram shows a converging lens forming an image of an object    imageobjectX Y   Which statement about the image is correct? A It is real and can be seen by an eye at X  B It is real and can be seen by an eye at Y  C It is virtual and can be seen by an eye at X  D It is virtual and can be seen by an eye at Y     © UCLES          /  /M/J/   [Turn over,0625_s16_qp_21,10,320,"Thediagramshowsaconverginglensforminganimageofanobject.

",0
0625_s16_qp_21_24,"24  A sound wave travels through air as a series of compressions and rarefactions. 
 
",49.60629,87.87531718,24,A sound wave travels through air as a series of compressions and rarefactions   Which row correctly compares the air pressure in a compression and the air pressure in a rarefaction to the air pressure nearby where there is no sound wave?   air pressure in a compression air pressure in a rarefaction  A higher higher  B higher lower  C lower higher  D lower lower  ,0625_s16_qp_21,11,340,"Asoundwavetravelsthroughairasaseriesofcompressionsandrarefactions.

",0
0625_s16_qp_21_25,"25  A sound wave has a certain amplitude and a certain frequency. 
 
",49.60629,295.9105446,25,A sound wave has a certain amplitude and a certain frequency   A second sound wave is quieter and lower in pitch than the first sound wave   The second wave has A a larger amplitude and a greater frequency  B a larger amplitude and a smaller frequency  C a smaller amplitude and a greater frequency  D a smaller amplitude and a smaller frequency  ,0625_s16_qp_21,11,340,"Asoundwavehasacertainamplitudeandacertainfrequency.

",0
0625_s16_qp_21_26,"26  What is an electric field? 
",49.60618002,460.4064644,26,What is an electric field? A a region around a wire carrying an electric current in which a compass needle experiences a force B a region in which an electric charge experiences a force C a region in which an electric charge is attracted by the Earth’s gravity D a region through which electromagnetic radiation is passing      © UCLES          /  /M/J/  ,0625_s16_qp_21,11,450,"Whatisanelectricfield?
",0
0625_s16_qp_21_27,"27  A negatively charged rod is held close to one side of a metal sphere. The other side of the sphere 
",49.60629,75.2325464,27,A negatively charged rod is held close to one side of a metal sphere  The other side of the sphere is earthed   Which diagram shows the distribution of charge on the metal sphere?   A–––––––– ++––B–––– ++++C–––– ++++D––––  ,0625_s16_qp_21,12,420,"Anegativelychargedrodisheldclosetoonesideofametalsphere.Theothersideofthesphere
",0
0625_s16_qp_21_28,"28  A cell is connected to a lamp, as shown. 
 
",49.6069248,411.4218436,28,"A cell is connected to a lamp, as shown    +–   A charge of      C flows through the lamp in      s   What is the direction of the electron flow in the lamp and what is the current in the lamp?   direction of electron flow in lamp current  / A  A from left to right      B from left to right      C from right to left      D from right to left           © UCLES          /  /M/J/   [Turn over",0625_s16_qp_21,12,430,"Acellisconnectedtoalamp,asshown.

",0
0625_s16_qp_21_29,"29  The diagrams show four current-voltage graphs. 
 
",49.60629,87.87531718,29,The diagrams show four current-voltage graphs   Which two graphs show the characteristics of an ohmic resistor and of a filament lamp?   currentvoltageW currentvoltageX currentvoltageY currentvoltageZ             ohmic resistor filament lamp  A W Y  B X Y  C W Z  D X Z  ,0625_s16_qp_21,13,420,"Thediagramsshowfourcurrent-voltagegraphs.

",0
0625_s16_qp_21_30,"30  The four circuits shown all include an a.c. power supply, two diodes and a lamp. 
 
",49.60629,399.9137546,30,"The four circuits shown all include an a c  power supply, two diodes and a lamp   In which circuit is there a rectified current in the lamp?   A C DB       © UCLES          /  /M/J/  ",0625_s16_qp_21,13,430,"Thefourcircuitsshownallincludeana.c.powersupply,twodiodesandalamp.

",0
0625_s16_qp_21_31,"31  The diagram shows a combination of logic gates. 
 
",49.60629,87.87531718,31,The diagram shows a combination of logic gates    input P(=  ) output Xoutput Y input Q(=  )   Input P is at a logic state   (low) and input Q is at a logic state   (high)   What are the logic states at output X and at output Y?   output X output Y  A      B    C      D    ,0625_s16_qp_21,14,450,"Thediagramshowsacombinationoflogicgates.

",0
0625_s16_qp_21_32,"32  The diagram shows part of a circuit used to switch street lamps on and off automatically. 
 
",49.60629,401.0474688,32,The diagram shows part of a circuit used to switch street lamps on and off automatically    + –LDR   In the evening it gets dark   Which row shows the effect on the resistance of the light-dependent resistor (LDR) and on the potential difference (p d ) across it?   resistance of LDR p d  across LDR  A decreases decreases  B decreases increases  C increases decreases  D increases increases       © UCLES          /  /M/J/   [Turn over,0625_s16_qp_21,14,430,"Thediagramshowspartofacircuitusedtoswitchstreetlampsonandoffautomatically.

",0
0625_s16_qp_21_33,"33  A domestic circuit includes a 30 A fuse. This protects the wiring if there is too much current in the 
",49.60629,75.2325464,33,"A domestic circuit includes a     A fuse  This protects the wiring if there is too much current in the circuit   In which wire is the     A fuse positioned, and what does it do when it operates?   position operation  A live wire disconnects the circuit  B live wire reduces the current to     A  C neutral wire disconnects the circuit  D neutral wire reduces the current to     A  ",0625_s16_qp_21,15,440,"AdomesticcircuitincludesaAfuse.Thisprotectsthewiringifthereistoomuchcurrentinthe
",0
0625_s16_qp_21_34,"34  A strong electromagnet is used to attract pins. 
 
",49.60629,281.2553488,34,"A strong electromagnet is used to attract pins    core pinscoilcurrent   What happens when the current in the coil is halved? A No pins are attracted  B Some pins are attracted, but not as many  C The same number of pins is attracted  D More pins are attracted       © UCLES          /  /M/J/  ",0625_s16_qp_21,15,450,"Astrongelectromagnetisusedtoattractpins.

",0
0625_s16_qp_21_35,"35  The diagram shows a transformer. 
 
",49.60629,87.87531718,35,The diagram shows a transformer    primary coil    turnssecondary coil   turnsinputvoltage output voltage      The input voltage is      V   What is the output voltage? A      V B     V C     V D     V ,0625_s16_qp_21,16,450,"Thediagramshowsatransformer.

",0
0625_s16_qp_21_36,"36  The diagram shows a shaded area where the direction of a magnetic field is into the page. 
 
",49.6069928,365.6998154,36,The diagram shows a shaded area where the direction of a magnetic field is into the page   A beam of β-particles enters the field as shown    magnetic fieldinto the pagebeam ofβ-particles   In which direction is the beam of β-particles deflected as they enter the magnetic field? A into the page B out of the page C down the page D up the page      © UCLES          /  /M/J/   [Turn over,0625_s16_qp_21,16,450,"Thediagramshowsashadedareawherethedirectionofamagneticfieldisintothepage.

",0
0625_s16_qp_21_37,"37  The arrangement shown is used to check whether the flour inside a cardboard packet is above a 
certain  level.  If  it  is  above  this  level,  the  flour  absorbs  the  radiation  from  the  source  so  that  it 
doesn’t reach the detector. 
",49.60629,100.518088,37,"The arrangement shown is used to check whether the flour inside a cardboard packet is above a certain level  If it is above this level, the flour absorbs the radiation from the source so that it doesn’t reach the detector    radioactivesourcecardboardpacketdetector flour   Which type of radiation is suitable to use? A α-particles only B β-particles only C either α-particles or β-particles D γ-rays only ",0625_s16_qp_21,17,520,"Thearrangementshownisusedtocheckwhethertheflourinsideacardboardpacketisabovea
certainlevel.Ifitisabovethislevel,theflourabsorbstheradiationfromthesourcesothatit
doesn’treachthedetector.
",0
0625_s16_qp_21_38,"38  A nucleus of americium 
 
",49.60447802,420.3218712,38,A nucleus of americium  Am      emits an α-particle to form a nucleus of neptunium (Np)   Which equation represents this decay? A  Am       →  Np       +  α   B  Am       →  Np       +  α  - C  Am       →  Np       +  α  - D  Am       →  Np       +  α   ,0625_s16_qp_21,17,510,"Anucleusofamericium

",0
0625_s16_qp_21_39,"39  A certain element has several isotopes. 
",49.60607978,584.9019128,39,A certain element has several isotopes  Which statement about these isotopes is correct? A They must have different numbers of electrons orbiting their nuclei  B They must have the same number of neutrons in their nuclei  C They must have the same number of nucleons in their nuclei  D They must have the same number of protons in their nuclei       © UCLES          /  /M/J/  ,0625_s16_qp_21,17,510,"Acertainelementhasseveralisotopes.
",0
0625_s16_qp_21_40,"40  A  reading  is  taken  every  10  minutes  of  the  number  of  emissions  per  second  from  a  radioactive 
",49.60629,75.2325464,40,"A reading is taken every    minutes of the number of emissions per second from a radioactive source  The table shows the readings   time  / min number of emissions per second                                                          What is the half-life of the source? A     min B     min C     min D     min      © UCLES          /  /M/J/    BLANK PAGE        Permission to reproduce items where third-par ty owned material protected by copyright is  included has been sought and cleared w here possible  Every reasonable effort has been made by the publisher (UCLES) to trace copyright holder s, but if any items requiring clearance have unwittingly been included, the publisher will be pleased to make amends at the earliest possible opportunity   To avoid the issue of disclosure of answer-related information to candidates, all copyright acknowledgements are reproduced onl ine in the Cambridge International Examinations Copyright Acknowledgements Booklet  This is produced for each series of examinations and is freely a vailable to download at www cie org uk after the live examination series   Cambridge International Examinations is part of the Cambridge Asse ssment Group  Cambridge Assessment is the brand name of Unive rsity of Cambridge Local Examinations Syndicate (UCLES), which is itself a department of the University of Cambridge    © UCLES          /  /M/J/    BLANK PAGE    ",0625_s16_qp_21,18,520,"Areadingistakeneveryminutesofthenumberofemissionspersecondfromaradioactive
",0
0625_s16_qp_22_01,"1  The diagram shows an enlarged drawing of the end of a metre rule. It is being used to measure 
",49.60629,75.2325464,1,The diagram shows an enlarged drawing of the end of a metre rule  It is being used to measure the length of a small feather     mmcm              What is the length of the feather? A     mm B     mm C     cm D     cm ,0625_s16_qp_22,2,110,"Thediagramshowsanenlargeddrawingoftheendofametrerule.Itisbeingusedtomeasure
",1
0625_s16_qp_22_02,"2  A car travels along a straight road. 
 
",49.6069928,350.0525054,2,A car travels along a straight road   The speed-time graph for this journey is shown   During which labelled part of the journey is the resultant force on the car zero?   timespeed   ABCD  ,0625_s16_qp_22,2,120,"Acartravelsalongastraightroad.

",0
0625_s16_qp_22_03,"3  A large stone is dropped from a bridge into a river. Air resistance can be ignored. 
 
",49.60684336,601.2580336,3,A large stone is dropped from a bridge into a river  Air resistance can be ignored   Which row describes the acceleration and the speed of the stone as it falls?   acceleration  of the stone speed of  the stone  A constant constant  B constant increasing  C increasing constant  D increasing increasing      © UCLES          /  /M/J/   [Turn over,0625_s16_qp_22,2,120,"Alargestoneisdroppedfromabridgeintoariver.Airresistancecanbeignored.

",0
0625_s16_qp_22_04,"4  A cup contains hot liquid. 
 
",49.60629,87.87531718,4,A cup contains hot liquid   Some of the liquid evaporates   What happens to the mass and what happens to the weight of the liquid in the cup?   mass weight  A decreases decreases  B decreases stays the same  C stays the same decreases  D stays the same stays the same  ,0625_s16_qp_22,3,210,"Acupcontainshotliquid.

",1
0625_s16_qp_22_05,"5  Below are four statements about acceleration. 
",49.60629,281.255078,5,Below are four statements about acceleration  Which statement is not correct? A Acceleration always involves changing speed  B Changing direction always involves acceleration  C Changing speed always involves acceleration  D Circular motion always involves acceleration  ,0625_s16_qp_22,3,120,"Belowarefourstatementsaboutacceleration.
",0
0625_s16_qp_22_06,"6  The diagram shows a non-uniform beam of weight 120 N, pivoted at one end. The beam is kept in 
",49.60618002,431.4648461,6,"The diagram shows a non-uniform beam of weight      N, pivoted at one end  The beam is kept in equilibrium by force F        cm     cm weight     N Fpivotcentre ofmass of beam   What is the value of force F? A     N B     N C      N D      N     © UCLES          /  /M/J/  ",0625_s16_qp_22,3,152,"Thediagramshowsanon-uniformbeamofweightN,pivotedatoneend.Thebeamiskeptin
",0
0625_s16_qp_22_07,"7  An object is acted upon by a 3 N force and by a 4 N force. 
 
",49.60629,87.87531718,7,An object is acted upon by a    N force and by a    N force   Each diagram shows the two forces   Which diagram also shows the resultant X of these two forces?   A   N   NXB  N   NXC  N   NXD   N   NX  ,0625_s16_qp_22,4,152,"AnobjectisacteduponbyaNforceandbyaNforce.

",0
0625_s16_qp_22_08,"8  The engine of a car produces a driving force of 5000 N on the car. Resistive forces R also act on 
",49.60784736,340.4137729,8,"The engine of a car produces a driving force of       N on the car  Resistive forces R also act on the car, as shown    R       N   The car has a mass of      kg and an acceleration of      m  / s    What is the value of R? A      N B       N C       N D       N ",0625_s16_qp_22,4,120,"TheengineofacarproducesadrivingforceofNonthecar.ResistiveforcesRalsoacton
",0
0625_s16_qp_22_09,"9  A stone of mass m is held at rest in water. The stone is released and falls vertically a distance h. 
",49.60738006,550.9153346,9,"A stone of mass m is held at rest in water  The stone is released and falls vertically a distance h  The stone reaches a speed v   Some of the original energy of the stone is transferred to the water  As it falls, resistive forces cause the temperature of the water and stone to increase   Which expression gives the work done against the resistive forces? A    mv    B mgh  –     mv    C mgh D mgh  +     mv        © UCLES          /  /M/J/   [Turn over",0625_s16_qp_22,4,170,"Astoneofmassmisheldatrestinwater.Thestoneisreleasedandfallsverticallyadistanceh.
",0
0625_s16_qp_22_10,"10  Which energy resource does not derive its energy from the Sun? 
",49.60629,75.2325464,10,Which energy resource does not derive its energy from the Sun? A geothermal B hydroelectric C oil D waves ,0625_s16_qp_22,5,170,"WhichenergyresourcedoesnotderiveitsenergyfromtheSun?
",0
0625_s16_qp_22_11,"11  Some processes are more efficient than others. 
 
",49.60497019,214.4144388,11,Some processes are more efficient than others   Which expression gives the efficiency of a process? A  inputenergy  totaloutputenergy  total ×    % B  inputenergy  totaloutputenergy  useful ×    % C  inputenergy  totaloutputenergy  wasted ×    % D  outputenergy  usefuloutputenergy  wasted ×    % ,0625_s16_qp_22,5,170,"Someprocessesaremoreefficientthanothers.

",0
0625_s16_qp_22_12,"12  A diver under water uses breathing apparatus at a depth where the pressure is 1.25 × 105
 
",49.60648538,448.4700949,12,"A diver under water uses breathing apparatus at a depth where the pressure is      ×       Pa      A bubble of gas breathed out by the diver has a volume of     cm  when it is released  The bubble moves upwards to the surface of the water   At the surface of the water, the atmospheric pressure is      ×       Pa   The temperature of the water is the same at all depths   What is the volume of this bubble when it reaches the surface? A     cm  B     cm  C     cm  D     cm      © UCLES          /  /M/J/  ",0625_s16_qp_22,5,180,"Adiverunderwaterusesbreathingapparatusatadepthwherethepressureis.×

",1
0625_s16_qp_22_13,"13  The diagram shows a simple mercury barometer. 
 
",49.60629,87.87531718,13,The diagram shows a simple mercury barometer    VW XYZmercury   The atmospheric pressure increases   Which distance increases? A VW B WY C XY D XZ ,0625_s16_qp_22,6,180,"Thediagramshowsasimplemercurybarometer.

",1
0625_s16_qp_22_14,"14  Which statement describes what happens as ice at 0 
",49.60651203,394.8119054,14,Which statement describes what happens as ice at    °C starts to melt to become water? A Energy is absorbed and the temperature remains constant  B Energy is absorbed and the temperature rises  C Energy is released and the temperature remains constant  D Energy is released and the temperature rises  ,0625_s16_qp_22,6,220,"Whichstatementdescribeswhathappensasiceat
",0
0625_s16_qp_22_15,"15  Smoke particles, illuminated by a bright light, are seen through a microscope. They move about 
",49.60656634,521.4342657,15,"Smoke particles, illuminated by a bright light, are seen through a microscope  They move about randomly   What causes this motion? A attraction between the smoke particles and the molecules of the air B collisions between the smoke particles and the molecules of the air C evaporation of the faster-moving smoke particles D warming of the smoke particles by the lamp     © UCLES          /  /M/J/   [Turn over",0625_s16_qp_22,6,210,"Smokeparticles,illuminatedbyabrightlight,areseenthroughamicroscope.Theymoveabout
",0
0625_s16_qp_22_16,"16  A liquid is at a temperature below its boiling point. 
 
",49.60629,87.87531718,16,A liquid is at a temperature below its boiling point   The liquid is then heated so that it becomes a gas at a temperature above its boiling point   Which row correctly compares the liquid with the gas?   average distance between the particles average speed of the particles  A greater in the liquid greater in the liquid  B greater in the liquid smaller in the liquid  C smaller in the liquid greater in the liquid  D smaller in the liquid smaller in the liquid  ,0625_s16_qp_22,7,220,"Aliquidisatatemperaturebelowitsboilingpoint.

",0
0625_s16_qp_22_17,"17  A beaker of liquid is left on a laboratory bench. There is an electric fan in the laboratory causing a 
",49.60629,295.399888,17,A beaker of liquid is left on a laboratory bench  There is an electric fan in the laboratory causing a draught over the liquid   The liquid evaporates   Which row shows two changes that will both cause the liquid to evaporate more quickly?   change to surface area of the liquid change to speed of fan  A decrease decrease  B decrease increase  C increase decrease  D increase increase  ,0625_s16_qp_22,7,230,"Abeakerofliquidisleftonalaboratorybench.Thereisanelectricfaninthelaboratorycausinga
",0
0625_s16_qp_22_18,"18  Which processes occur in a metal to cause thermal conduction? 
 
",49.60629,555.5923588,18,Which processes occur in a metal to cause thermal conduction?   electron transfer proton transfer lattice vibration   A /a   /a   /a   key  B /a   /a   /a   /a  = process occurs  C /a   /a   /a   /a  = process does not occur  D /a   /a   /a         © UCLES          /  /M/J/  ,0625_s16_qp_22,7,230,"Whichprocessesoccurinametaltocausethermalconduction?

",0
0625_s16_qp_22_19,"19  A wooden beam is painted part black and part white. The beam absorbs infra-red radiation from 
",49.60629,75.2325464,19,"A wooden beam is painted part black and part white  The beam absorbs infra-red radiation from the Sun during the day, and loses infra-red radiation to the surroundings at night    wooden beam   Which part of the beam heats up more quickly during the day, and which part cools down more quickly at night?   part heating up more quickly part cooling down more quickly  A black black  B black white  C white black  D white white  ",0625_s16_qp_22,8,230,"Awoodenbeamispaintedpartblackandpartwhite.Thebeamabsorbsinfra-redradiationfrom
",0
0625_s16_qp_22_20,"20  5.0 g of water at 25 
",49.60629,366.2942808,20,     g of water at     °C is dropped onto a large block of ice at    °C  The water cools to    °C and some of the ice melts   Assume that all the energy lost by the water is gained by the ice   What is the mass of ice that melts?  The specific heat capacity of water is      J / (g  °C)   The specific latent heat of fusion of ice is      J / g  A        g B        g C      g D     g ,0625_s16_qp_22,8,220,".gofwaterat
",0
0625_s16_qp_22_21,"21  The frequency of a wave is doubled. The speed of the wave does not change. 
",49.6069928,542.6380588,21,The frequency of a wave is doubled  The speed of the wave does not change  What happens to the wavelength of the wave? A It becomes four times as large  B It does not change  C It doubles  D It halves      © UCLES          /  /M/J/   [Turn over,0625_s16_qp_22,8,310,"Thefrequencyofawaveisdoubled.Thespeedofthewavedoesnotchange.
",0
0625_s16_qp_22_22,"22  Which row shows the natures of light waves, sound waves and X-rays? 
 
",49.60629,87.87531718,22,"Which row shows the natures of light waves, sound waves and X-rays?   light waves sound waves X-rays  A longitudinal longitudinal transverse  B longitudinal transverse longitudinal  C transverse longitudinal transverse  D transverse transverse longitudinal  ",0625_s16_qp_22,9,330,"Whichrowshowsthenaturesoflightwaves,soundwavesandX-rays?

",1
0625_s16_qp_22_23,"23  The diagram shows light passing from air into glass. 
 
",49.60629,243.8096588,23,The diagram shows light passing from air into glass      °  °air glassnormalNOT TOSCALE   The glass has a refractive index of       What is the angle of refraction in the glass? A   ° B   ° C   ° D   ° ,0625_s16_qp_22,9,320,"Thediagramshowslightpassingfromairintoglass.

",0
0625_s16_qp_22_24,"24  Visible light has a frequency of approximately 5.0 × 1014
 
",49.60659118,472.3094949,24,Visible light has a frequency of approximately     ×        Hz   M and N are two other types of electromagnetic radiation   The frequency of M is     ×       Hz   The frequency of N is     ×        Hz   Which types of radiation are M and N?   M N  A radio waves infra-red  B radio waves ultraviolet  C ultraviolet X-rays  D X-rays infra-red      © UCLES          /  /M/J/  ,0625_s16_qp_22,9,330,"Visiblelighthasafrequencyofapproximately.×

",0
0625_s16_qp_22_25,"25  The diagram shows a converging lens forming an image of an object. 
 
",49.60629,87.87531718,25,The diagram shows a converging lens forming an image of an object    imageobjectX Y   Which statement about the image is correct? A It is real and can be seen by an eye at X  B It is real and can be seen by an eye at Y  C It is virtual and can be seen by an eye at X  D It is virtual and can be seen by an eye at Y  ,0625_s16_qp_22,10,320,"Thediagramshowsaconverginglensforminganimageofanobject.

",1
0625_s16_qp_22_26,"26  A  small  potential  difference  V  is  applied  across  a  filament  lamp.  The  current  I  in  the  lamp  is 
",49.60781024,363.4598365,26,A small potential difference V is applied across a filament lamp  The current I in the lamp is measured  V is increased in stages and I is measured at each stage   Which graph shows the results obtained?     VIA  VIB  VIC  VID  ,0625_s16_qp_22,10,430,"AsmallpotentialdifferenceVisappliedacrossafilamentlamp.ThecurrentIinthelampis
",0
0625_s16_qp_22_27,"27  A resistor of resistance R is connected to a battery of e.m.f. V. 
 
",49.60570778,579.3744678,27,"A resistor of resistance R is connected to a battery of e m f  V   There is a current I in the resistor   Power P is dissipated by the resistor, and in time t the energy transferred is E   Which expression is correct? A E = IVt B E = PIt C P = VIR D  RVP=      © UCLES          /  /M/J/   [Turn over",0625_s16_qp_22,10,420,"AresistorofresistanceRisconnectedtoabatteryofe.m.f.V.

",0
0625_s16_qp_22_28,"28  A wire has a certain electrical resistance. 
 
",49.60629,87.87531718,28,A wire has a certain electrical resistance   The diameter and length of the wire may be changed   Which pair of changes must cause the resistance of the wire to increase?   change of diameter change of length  A decrease decrease  B decrease increase  C increase decrease  D increase increase  ,0625_s16_qp_22,11,420,"Awirehasacertainelectricalresistance.

",0
0625_s16_qp_22_29,"29  The four circuits shown all include an a.c. power supply, two diodes and a lamp. 
 
",49.60629,308.5529588,29,"The four circuits shown all include an a c  power supply, two diodes and a lamp   In which circuit is there a rectified current in the lamp?   A C DB       © UCLES          /  /M/J/  ",0625_s16_qp_22,11,430,"Thefourcircuitsshownallincludeana.c.powersupply,twodiodesandalamp.

",1
0625_s16_qp_22_30,"30  P and Q are the circuit symbols for two electrical components. 
 
",49.60629,87.87531718,30,P and Q are the circuit symbols for two electrical components    PQ  Which components are represented by P and by Q?   P Q  A thermistor fuse  B thermistor relay  C variable resistor fuse  D variable resistor relay  ,0625_s16_qp_22,12,430,"PandQarethecircuitsymbolsfortwoelectricalcomponents.

",0
0625_s16_qp_22_31,"31  The diagram shows a combination of logic gates. 
 
",49.60629,327.7719546,31,The diagram shows a combination of logic gates    input P(=  ) output Xoutput Y input Q(=  )   Input P is at a logic state   (low) and input Q is at a logic state   (high)   What are the logic states at output X and at output Y?   output X output Y  A      B    C      D         © UCLES          /  /M/J/   [Turn over,0625_s16_qp_22,12,450,"Thediagramshowsacombinationoflogicgates.

",1
0625_s16_qp_22_32,"32  The diagram shows part of a circuit used to switch street lamps on and off automatically. 
 
",49.60629,87.87531718,32,The diagram shows part of a circuit used to switch street lamps on and off automatically    + –LDR   In the evening it gets dark   Which row shows the effect on the resistance of the light-dependent resistor (LDR) and on the potential difference (p d ) across it?   resistance of LDR p d  across LDR  A decreases decreases  B decreases increases  C increases decreases  D increases increases  ,0625_s16_qp_22,13,430,"Thediagramshowspartofacircuitusedtoswitchstreetlampsonandoffautomatically.

",1
0625_s16_qp_22_33,"33  A domestic circuit includes a 30 A fuse. This protects the wiring if there is too much current in the 
",49.60629,470.0709638,33,"A domestic circuit includes a     A fuse  This protects the wiring if there is too much current in the circuit   In which wire is the     A fuse positioned, and what does it do when it operates?   position operation  A live wire disconnects the circuit  B live wire reduces the current to     A  C neutral wire disconnects the circuit  D neutral wire reduces the current to     A       © UCLES          /  /M/J/  ",0625_s16_qp_22,13,440,"AdomesticcircuitincludesaAfuse.Thisprotectsthewiringifthereistoomuchcurrentinthe
",1
0625_s16_qp_22_34,"34  A strong electromagnet is used to attract pins. 
 
",49.60629,87.87531718,34,"A strong electromagnet is used to attract pins    core pinscoilcurrent   What happens when the current in the coil is halved? A No pins are attracted  B Some pins are attracted, but not as many  C The same number of pins is attracted  D More pins are attracted  ",0625_s16_qp_22,14,450,"Astrongelectromagnetisusedtoattractpins.

",1
0625_s16_qp_22_35,"35  The diagram shows a transformer. 
 
",49.60676912,367.3727844,35,The diagram shows a transformer    primary coil    turnssecondary coil   turnsinputvoltage output voltage      The input voltage is      V   What is the output voltage? A      V B     V C     V D     V      © UCLES          /  /M/J/   [Turn over,0625_s16_qp_22,14,450,"Thediagramshowsatransformer.

",1
0625_s16_qp_22_36,"36  The diagram shows a shaded area where the direction of a magnetic field is into the page. 
 
",49.60629,87.87531718,36,The diagram shows a shaded area where the direction of a magnetic field is into the page   A beam of β-particles enters the field as shown    magnetic fieldinto the pagebeam ofβ-particles   In which direction is the beam of β-particles deflected as they enter the magnetic field? A into the page B out of the page C down the page D up the page ,0625_s16_qp_22,15,450,"Thediagramshowsashadedareawherethedirectionofamagneticfieldisintothepage.

",1
0625_s16_qp_22_37,"37  A very important experiment increased scientists’ understanding of the structure of matter. 
 
",49.60679626,406.319475,37,"A very important experiment increased scientists’ understanding of the structure of matter   In the experiment, particles scattered as they passed through a thin metal foil   Which particles were used, and to which conclusion did the experiment lead?   particles conclusion  A alpha particles matter is made up of atoms  B alpha particles atoms have a very small nucleus  C beta particles matter is made up of atoms  D beta particles atoms have a very small nucleus  ",0625_s16_qp_22,15,510,"Averyimportantexperimentincreasedscientists’understandingofthestructureofmatter.

",0
0625_s16_qp_22_38,"38  Below are the symbols for five different nuclides. 
 
",49.60629,612.8523446,38,"Below are the symbols for five different nuclides    X                    X                    X                    X                    X      nuclide   nuclide   nuclide   nuclide   nuclide    Which two nuclides are isotopes of the same element? A nuclide   and nuclide   B nuclide   and nuclide   C nuclide   and nuclide   D nuclide   and nuclide         Permission to reproduce items where third-par ty owned material protected by copyright is  included has been sought and cleared w here possible  Every reasonable effort has been made by the publisher (UCLES) to trace copyright holder s, but if any items requiring clearance have unwittingly been included, the publisher will be pleased to make amends at the earliest possible opportunity   To avoid the issue of disclosure of answer-related information to candidates, all copyright acknowledgements are reproduced onl ine in the Cambridge International Examinations Copyright Acknowledgements Booklet  This is produced for each series of examinations and is freely a vailable to download at www cie org uk after the live examination series   Cambridge International Examinations is part of the Cambridge Asse ssment Group  Cambridge Assessment is the brand name of Unive rsity of Cambridge Local Examinations Syndicate (UCLES), which is itself a department of the University of Cambridge    © UCLES          /  /M/J/  ",0625_s16_qp_22,15,510,"Belowarethesymbolsforfivedifferentnuclides.

",0
0625_s16_qp_22_39,"39  A radioactive decay can be represented as shown. 
 
",49.60629,87.87531718,39,"A radioactive decay can be represented as shown    Pa      → U       The equation is incomplete   In this decay, the nucleus changes by A absorbing a neutron  B absorbing a proton  C emitting an α-particle  D emitting a β-particle  ",0625_s16_qp_22,16,520,"Aradioactivedecaycanberepresentedasshown.

",0
0625_s16_qp_22_40,"40  The graph shows how the decay rate of a radioactive source changes with time. 
 
",49.6057679,297.300861,40,The graph shows how the decay rate of a radioactive source changes with time                               time  / daysdecay ratedecays  / s   What will be the decay rate at   days? A   decays  / s B     decays  / s C     decays  / s D     decays  / s    ,0625_s16_qp_22,16,520,"Thegraphshowshowthedecayrateofaradioactivesourcechangeswithtime.

",0
0625_s16_qp_23_01,"1  The diagram shows an enlarged drawing of the end of a metre rule. It is being used to measure 
",49.60629,75.2325464,1,The diagram shows an enlarged drawing of the end of a metre rule  It is being used to measure the length of a small feather     mmcm              What is the length of the feather? A     mm B     mm C     cm D     cm ,0625_s16_qp_23,2,110,"Thediagramshowsanenlargeddrawingoftheendofametrerule.Itisbeingusedtomeasure
",1
0625_s16_qp_23_02,"2  An object moves at a constant speed for some time, then begins to accelerate. 
 
",49.6069928,350.0525054,2,"An object moves at a constant speed for some time, then begins to accelerate   Which distance-time graph shows this motion?   distance time  Adistance time  B distance time  Cdistance time  D      © UCLES          /  /M/J/   [Turn over",0625_s16_qp_23,2,120,"Anobjectmovesataconstantspeedforsometime,thenbeginstoaccelerate.

",0
0625_s16_qp_23_03,"3  A  heavy  object  is  released  near  the  surface  of  the  Earth  and  falls  freely.  Air  resistance  can  be 
",49.60629,75.2325464,3,A heavy object is released near the surface of the Earth and falls freely  Air resistance can be ignored   Which statement about the acceleration of the object due to gravity is correct? A The acceleration depends on the mass of the object  B The acceleration depends on the volume of the object  C The acceleration is constant  D The acceleration is initially zero and increases as the object falls  ,0625_s16_qp_23,3,120,"AheavyobjectisreleasednearthesurfaceoftheEarthandfallsfreely.Airresistancecanbe
",0
0625_s16_qp_23_04,"4  A cup contains hot liquid. 
 
",49.60629,252.371457,4,A cup contains hot liquid   Some of the liquid evaporates   What happens to the mass and what happens to the weight of the liquid in the cup?   mass weight  A decreases decreases  B decreases stays the same  C stays the same decreases  D stays the same stays the same  ,0625_s16_qp_23,3,220,"Acupcontainshotliquid.

",1
0625_s16_qp_23_05,"5  An object moves in a circle at constant speed. 
 
",49.60629,458.3923588,5,An object moves in a circle at constant speed   Which statement about the force needed on the object is correct? A A force away from the centre of the circle keeps the object moving in the circle  B A force in the direction of motion of the object keeps it moving in the circle  C A force towards the centre of the circle keeps the object moving in the circle  D No force is needed to keep the object moving at constant speed in the circle      © UCLES          /  /M/J/  ,0625_s16_qp_23,3,151,"Anobjectmovesinacircleatconstantspeed.

",0
0625_s16_qp_23_06,"6  A long plank XY lies on the ground. A load of 120 N is placed on it, at a distance of 0.50 m from 
",49.60629,75.2325464,6,"A long plank XY lies on the ground  A load of      N is placed on it, at a distance of       m from end X, as shown   End Y is lifted off the ground  The upward force needed to do this is     N         N     m      m      m   NWXY load ground   In the diagram, W is the weight of the plank, acting at its mid-point   What is the value of W  ? A     N B     N C      N D      N ",0625_s16_qp_23,4,152,"AlongplankXYliesontheground.AloadofNisplacedonit,atadistanceof.mfrom
",0
0625_s16_qp_23_07,"7  Which list contains only vector quantities? 
",49.60698352,320.9970688,7,"Which list contains only vector quantities? A energy, force, velocity B speed, acceleration, force C velocity, energy, acceleration D velocity, force, acceleration ",0625_s16_qp_23,4,170,"Whichlistcontainsonlyvectorquantities?
",0
0625_s16_qp_23_08,"8  A gas molecule strikes the wall of a container. The molecule rebounds with the same speed. 
 
",49.60698352,460.207667,8,A gas molecule strikes the wall of a container  The molecule rebounds with the same speed    before hitting the wall after hitting the wallwallgas moleculewall gas molecule   What happens to the kinetic energy and what happens to the momentum of the molecule?   kinetic energy momentum  A changes changes  B changes stays the same  C stays the same changes  D stays the same stays the same      © UCLES          /  /M/J/   [Turn over,0625_s16_qp_23,4,210,"Agasmoleculestrikesthewallofacontainer.Themoleculereboundswiththesamespeed.

",0
0625_s16_qp_23_09,"9  Which energy resource does not derive its energy from the Sun? 
",49.60629,75.2325464,9,Which energy resource does not derive its energy from the Sun? A hydroelectric B nuclear fission C waves D wind ,0625_s16_qp_23,5,170,"WhichenergyresourcedoesnotderiveitsenergyfromtheSun?
",1
0625_s16_qp_23_10,"10  The diagram shows the energy used by a modern lamp. 
 
",49.60497019,214.4144388,10,The diagram shows the energy used by a modern lamp        W input ofelectrical power     W of powerwasted in heatingsurroundings     W ofuseful poweroutput as light   Which expression gives the efficiency of the lamp? A       ×    % B       ×    % C       ×    % D       ×    % ,0625_s16_qp_23,5,170,"Thediagramshowstheenergyusedbyamodernlamp.

",0
0625_s16_qp_23_11,"11  Three boxes each weigh 100 N. A man lifts all the boxes together from the ground on to a shelf 
",49.60830704,528.6635284,11,Three boxes each weigh      N  A man lifts all the boxes together from the ground on to a shelf that is      m above the ground  The man takes      s to do this    boxes shelf      m   How much useful power does the man produce to lift the boxes? A     W B      W C      W D      W     © UCLES          /  /M/J/  ,0625_s16_qp_23,5,170,"ThreeboxeseachweighN.Amanliftsalltheboxestogetherfromthegroundontoashelf
",0
0625_s16_qp_23_12,"12  A diver under water uses breathing apparatus at a depth where the pressure is 1.25 × 105
 
",49.60629,88.69688488,12,"A diver under water uses breathing apparatus at a depth where the pressure is      ×      Pa      A bubble of gas breathed out by the diver has a volume of     cm  when it is released  The bubble moves upwards to the surface of the water   At the surface of the water, the atmospheric pressure is      ×       Pa   The temperature of the water is the same at all depths   What is the volume of this bubble when it reaches the surface? A     cm  B     cm  C     cm  D     cm  ",0625_s16_qp_23,6,180,"Adiverunderwaterusesbreathingapparatusatadepthwherethepressureis.×

",1
0625_s16_qp_23_13,"13  The diagram shows a simple mercury barometer. 
 
",49.60657978,359.6053154,13,The diagram shows a simple mercury barometer    VW XYZmercury   The atmospheric pressure increases   Which distance increases? A VW B WY C XY D XZ ,0625_s16_qp_23,6,180,"Thediagramshowsasimplemercurybarometer.

",1
0625_s16_qp_23_14,"14  What causes the random, zig-zag movement (Brownian motion) of smoke particles suspended in 
",49.60651203,665.8040226,14,"What causes the random, zig-zag movement (Brownian motion) of smoke particles suspended in air? A air molecules colliding with smoke particles B convection currents as the hot smoke rises C smoke particles colliding with each other D smoke particles reacting with oxygen molecules in the air   © UCLES          /  /M/J/   [Turn over",0625_s16_qp_23,6,210,"Whatcausestherandom,zig-zagmovement(Brownianmotion)ofsmokeparticlessuspendedin
",0
0625_s16_qp_23_15,"15  A sealed bottle of constant volume contains air. 
 
",49.60629,87.87531718,15,"A sealed bottle of constant volume contains air   The air in the bottle is heated by the Sun   What is the effect on the average speed of the air molecules in the bottle, and the average distance between them?   average speed  of air molecules average distance between air molecules  A decreases decreases  B decreases stays the same  C increases increases  D increases stays the same  ",0625_s16_qp_23,7,210,"Asealedbottleofconstantvolumecontainsair.

",0
0625_s16_qp_23_16,"16  The diagram shows a liquid-in-glass thermometer. 
 
",49.60629,335.3970588,16,The diagram shows a liquid-in-glass thermometer    –                                       °Cliquid threadstem glass bulbliquidtube   How can the thermometer be made more sensitive? A increase the internal diameter of the tube containing the liquid thread B increase the internal volume of the glass bulb and the volume of the liquid C increase the length of the tube and stem D increase the thickness of the glass in the glass bulb ,0625_s16_qp_23,7,220,"Thediagramshowsaliquid-in-glassthermometer.

",0
0625_s16_qp_23_17,"17  In an experiment to measure specific heat capacity, a block of aluminium is heated and its rise in 
",49.6076817,573.2527177,17,"In an experiment to measure specific heat capacity, a block of aluminium is heated and its rise in temperature is measured   The amount of energy gained by the block is E  The mass of the block is m  The rise in temperature of the block is ∆T   Which expression gives the specific heat capacity of aluminium? A  TEm∆  B  ETm∆  C  TmE∆  D  mTE∆      © UCLES          /  /M/J/  ",0625_s16_qp_23,7,220,"Inanexperimenttomeasurespecificheatcapacity,ablockofaluminiumisheatedanditsrisein
",0
0625_s16_qp_23_18,"18  Which row shows the surface that is the better absorber and the surface that is the better emitter 
",49.60629,75.2325464,18,Which row shows the surface that is the better absorber and the surface that is the better emitter of infra-red radiation?   better absorber better emitter  A black surface black surface  B black surface white surface  C white surface black surface  D white surface white surface  ,0625_s16_qp_23,8,230,"Whichrowshowsthesurfacethatisthebetterabsorberandthesurfacethatisthebetteremitter
",0
0625_s16_qp_23_19,"19  A  student  suggests  some  uses  for  containers  made  from  good  thermal  conductors  and  for 
",49.60629,243.809388,19,A student suggests some uses for containers made from good thermal conductors and for containers made from poor thermal conductors   In which row are both suggested uses correct?   good thermal conductor poor thermal conductor  A keeping a cold liquid at a low temperature transferring thermal energy quickly from a hot liquid  B keeping a hot liquid at a high temperature keeping a cold liquid at a low temperature  C  transferring thermal energy quickly from a hot liquid transferring thermal energy quickly to a cold liquid  D transferring thermal energy quickly to a cold liquid keeping a hot liquid at a high temperature  ,0625_s16_qp_23,8,230,"Astudentsuggestssomeusesforcontainersmadefromgoodthermalconductorsandfor
",0
0625_s16_qp_23_20,"20  A water wave passes into a region where the wave travels more slowly. 
 
",49.60629,500.9403688,20,"A water wave passes into a region where the wave travels more slowly   As it passes into the slow region, what happens to the frequency and what happens to the wavelength of the wave?   frequency wavelength  A decreases remains the same  B increases remains the same  C remains the same decreases  D remains the same increases      © UCLES          /  /M/J/   [Turn over",0625_s16_qp_23,8,310,"Awaterwavepassesintoaregionwherethewavetravelsmoreslowly.

",0
0625_s16_qp_23_21,"21  Which row shows the natures of light waves, sound waves and X-rays? 
 
",49.60629,87.87531718,21,"Which row shows the natures of light waves, sound waves and X-rays?   light waves sound waves X-rays  A longitudinal longitudinal transverse  B longitudinal transverse longitudinal  C transverse longitudinal transverse  D transverse transverse longitudinal  ",0625_s16_qp_23,9,330,"Whichrowshowsthenaturesoflightwaves,soundwavesandX-rays?

",1
0625_s16_qp_23_22,"22  The diagram shows an object in front of a plane mirror. The mirror forms an image of the object. 
 
",49.60629,243.8096588,22,"The diagram shows an object in front of a plane mirror  The mirror forms an image of the object    NMobject   At which labelled point is the image formed, and which type of image is formed?   where the image is formed type of image  A at M real  B at M virtual  C at N real  D at N virtual  ",0625_s16_qp_23,9,320,"Thediagramshowsanobjectinfrontofaplanemirror.Themirrorformsanimageoftheobject.

",0
0625_s16_qp_23_23,"23  Light enters a glass block at an angle of incidence of 46°. 
 
",49.60629,606.6720192,23,Light enters a glass block at an angle of incidence of    °   The light refracts at an angle of refraction of    °   What is the refractive index of the glass? A      B      C      D          © UCLES          /  /M/J/  ,0625_s16_qp_23,9,320,"Lightentersaglassblockatanangleofincidenceof°.

",0
0625_s16_qp_23_24,"24  The diagram shows a converging lens forming an image of an object. 
 
",49.60629,87.87531718,24,The diagram shows a converging lens forming an image of an object    imageobjectX Y   Which statement about the image is correct? A It is real and can be seen by an eye at X  B It is real and can be seen by an eye at Y  C It is virtual and can be seen by an eye at X  D It is virtual and can be seen by an eye at Y  ,0625_s16_qp_23,10,320,"Thediagramshowsaconverginglensforminganimageofanobject.

",1
0625_s16_qp_23_25,"25  The sound from a loudspeaker must pass through two materials to reach a microphone. 
 
",49.60781024,375.3657145,25,The sound from a loudspeaker must pass through two materials to reach a microphone    material   material  loudspeaker microphone   Which combination of materials gives the shortest time for the sound to reach the microphone?   material   material  A air hydrogen  B air water  C copper aluminium  D water oil  ,0625_s16_qp_23,10,340,"Thesoundfromaloudspeakermustpassthroughtwomaterialstoreachamicrophone.

",0
0625_s16_qp_23_26,"26  Which  range  of  wave  frequencies  includes  only  sounds  that  can  be  heard  by  a  human  with 
",49.60629,652.593688,26,Which range of wave frequencies includes only sounds that can be heard by a human with normal hearing? A      Hz to      Hz B     Hz to       Hz C      Hz to          Hz D       Hz to           Hz      © UCLES          /  /M/J/   [Turn over,0625_s16_qp_23,10,340,"Whichrangeofwavefrequenciesincludesonlysoundsthatcanbeheardbyahumanwith
",0
0625_s16_qp_23_27,"27  Each diagram shows two charged metal plates. 
 
",49.60629,87.87531718,27,Each diagram shows two charged metal plates   Which diagram shows the pattern and the direction of the electric field between the plates?   ––––++++A ––––++++B ––––++++CD ––––++++  ,0625_s16_qp_23,11,450,"Eachdiagramshowstwochargedmetalplates.

",0
0625_s16_qp_23_28,"28  The four circuits shown all include an a.c. power supply, two diodes and a lamp. 
 
",49.60689904,377.7749495,28,"The four circuits shown all include an a c  power supply, two diodes and a lamp   In which circuit is there a rectified current in the lamp?   A C DB       © UCLES          /  /M/J/  ",0625_s16_qp_23,11,430,"Thefourcircuitsshownallincludeana.c.powersupply,twodiodesandalamp.

",1
0625_s16_qp_23_29,"29  The diagram shows a battery connected to two resistors. 
 
",49.60629,87.87531718,29,"The diagram shows a battery connected to two resistors    R   Four students separately measure the electromotive force (e m f ) of the battery, the current in the resistors, and the potential difference (p d ) across resistor R   Their results are shown in the table below   Which row shows values with their correct units?   e m f  current p d   A      A       V      A  B      A       A      V  C      V       V      A  D      V       A      V  ",0625_s16_qp_23,12,430,"Thediagramshowsabatteryconnectedtotworesistors.

",0
0625_s16_qp_23_30,"30  A 3.0 
 
",49.60629,417.8275949,30,A      Ω resistor and a      Ω resistor are connected in parallel         Ω     Ω   What is their combined resistance? A       Ω B      Ω C      Ω D      Ω      © UCLES          /  /M/J/   [Turn over,0625_s16_qp_23,12,430,"A.

",0
0625_s16_qp_23_31,"31  The diagram shows a combination of logic gates. 
 
",49.60629,87.87531718,31,The diagram shows a combination of logic gates    input P(=  ) output Xoutput Y input Q(=  )   Input P is at a logic state   (low) and input Q is at a logic state   (high)   What are the logic states at output X and at output Y?   output X output Y  A      B    C      D    ,0625_s16_qp_23,13,450,"Thediagramshowsacombinationoflogicgates.

",1
0625_s16_qp_23_32,"32  The diagram shows part of a circuit used to switch street lamps on and off automatically. 
 
",49.60629,401.0474688,32,The diagram shows part of a circuit used to switch street lamps on and off automatically    + –LDR   In the evening it gets dark   Which row shows the effect on the resistance of the light-dependent resistor (LDR) and on the potential difference (p d ) across it?   resistance of LDR p d  across LDR  A decreases decreases  B decreases increases  C increases decreases  D increases increases       © UCLES          /  /M/J/  ,0625_s16_qp_23,13,430,"Thediagramshowspartofacircuitusedtoswitchstreetlampsonandoffautomatically.

",1
0625_s16_qp_23_33,"33  A domestic circuit includes a 30 A fuse. This protects the wiring if there is too much current in the 
",49.60629,75.2325464,33,"A domestic circuit includes a     A fuse  This protects the wiring if there is too much current in the circuit   In which wire is the     A fuse positioned, and what does it do when it operates?   position operation  A live wire disconnects the circuit  B live wire reduces the current to     A  C neutral wire disconnects the circuit  D neutral wire reduces the current to     A  ",0625_s16_qp_23,14,440,"AdomesticcircuitincludesaAfuse.Thisprotectsthewiringifthereistoomuchcurrentinthe
",1
0625_s16_qp_23_34,"34  A strong electromagnet is used to attract pins. 
 
",49.60629,281.2553488,34,"A strong electromagnet is used to attract pins    core pinscoilcurrent   What happens when the current in the coil is halved? A No pins are attracted  B Some pins are attracted, but not as many  C The same number of pins is attracted  D More pins are attracted       © UCLES          /  /M/J/   [Turn over",0625_s16_qp_23,14,450,"Astrongelectromagnetisusedtoattractpins.

",1
0625_s16_qp_23_35,"35  The diagram shows a transformer. 
 
",49.60629,87.87531718,35,The diagram shows a transformer    primary coil    turnssecondary coil   turnsinputvoltage output voltage      The input voltage is      V   What is the output voltage? A      V B     V C     V D     V ,0625_s16_qp_23,15,450,"Thediagramshowsatransformer.

",1
0625_s16_qp_23_36,"36  The diagram shows a shaded area where the direction of a magnetic field is into the page. 
 
",49.6069928,365.6998154,36,The diagram shows a shaded area where the direction of a magnetic field is into the page   A beam of β-particles enters the field as shown    magnetic fieldinto the pagebeam ofβ-particles   In which direction is the beam of β-particles deflected as they enter the magnetic field? A into the page B out of the page C down the page D up the page      © UCLES          /  /M/J/  ,0625_s16_qp_23,15,450,"Thediagramshowsashadedareawherethedirectionofamagneticfieldisintothepage.

",1
0625_s16_qp_23_37,"37  Below are four statements about isotopes of a certain element. 
",49.60629,75.2325464,37,Below are four statements about isotopes of a certain element  Which statement about the isotopes must be correct? A They are radioactive  B They are unstable  C They have the same number of neutrons  D They have the same number of protons  ,0625_s16_qp_23,16,510,"Belowarefourstatementsaboutisotopesofacertainelement.
",0
0625_s16_qp_23_38,"38  Which diagram represents an experiment that provided evidence for the nuclear atom? 
 
",49.60716987,238.0565995,38,Which diagram represents an experiment that provided evidence for the nuclear atom?   goldnucleusα-particleA goldnucleusβ-particleB goldnucleusα-particleβ-particleC goldnucleusD  ,0625_s16_qp_23,16,510,"Whichdiagramrepresentsanexperimentthatprovidedevidenceforthenuclearatom?

",0
0625_s16_qp_23_39,"39  Sodium-24 decays to magnesium-24 according to the following equation. 
 
",49.60686192,562.6503636,39,Sodium-   decays to magnesium-   according to the following equation        Na  →     Mg   +  emitted particle  What is the emitted particle? A α-particle B β-particle C neutron D proton      © UCLES          /  /M/J/  ,0625_s16_qp_23,16,520,"Sodium-decaystomagnesium-accordingtothefollowingequation.

",0
0625_s16_qp_23_40,"40  The reading on a detector placed near a radioactive material is 536 counts per second. 
 
",49.60629,87.87531718,40,"The reading on a detector placed near a radioactive material is     counts per second   The background count rate is    counts per second   The half-life of the radioactive material is    hours   What is the reading on the detector after    hours? A    counts per second B     counts per second C     counts per second D     counts per second      © UCLES          /  /M/J/    BLANK PAGE      © UCLES          /  /M/J/    BLANK PAGE       Permission to reproduce items where thir d-party owned material protected by copyright is included has been sought and cleared w here possible  Every reasonable effort has been made by the publisher (UCLES) to trace copyright holder s, but if any items requiring clearance have unwittingly been included, the publisher will be pleased to make amends at the earliest possible opportunity   To avoid the issue of disclosure of answer-related information to candidates, all copyright acknowledgements are reproduced onl ine in the Cambridge International Examinations Copyright Acknowledgements Booklet  This is produced for each series of examinations and is freely a vailable to download at www cie org uk after the live examination series   Cambridge International Examinations is part of the Cambridge Asse ssment Group  Cambridge Assessment is the brand name of Unive rsity of Cambridge Local Examinations Syndicate (UCLES), which is itself a department of the University of Cambridge    © UCLES          /  /M/J/    BLANK PAGE    ",0625_s16_qp_23,17,520,"Thereadingonadetectorplacedneararadioactivematerialiscountspersecond.

",0
0625_s17_qp_21_01,"1  What is the most accurate and precise method to measure the thickness of a coin? 
",49.62,74.91648,1,What is the most accurate and precise method to measure the thickness of a coin? A Use a micrometer screw gauge  B Use a ruler and look at the scale perpendicularly  C Use a top pan balance  D Use the displacement method with water in a measuring cylinder  ,0625_s17_qp_21,2,110,"Whatisthemostaccurateandprecisemethodtomeasurethethicknessofacoin?
",0
0625_s17_qp_21_02,"2  On Earth, a ball is dropped and falls 2.0 m in a vacuum. 
 
",49.62010975,214.05642,2,"On Earth, a ball is dropped and falls      m in a vacuum   The acceleration of the ball at      m is     m  / s       m     m     m     m     mball   What is the acceleration of the ball at      m? A      m  / s  B     m  / s  C     m  / s  D     m  / s  ",0625_s17_qp_21,2,120,"OnEarth,aballisdroppedandfalls.minavacuum.

",0
0625_s17_qp_21_03,"3  A skydiver reaches terminal velocity. Then he opens his parachute. 
 
",49.6221926,504.8759698,3,A skydiver reaches terminal velocity  Then he opens his parachute   What happens to the skydiver as the parachute opens? A There is a decrease in weight  B There is acceleration upwards  C There is an increase in speed  D There is movement upwards      © UCLES          /  /M/J/   [Turn over,0625_s17_qp_21,2,120,"Askydiverreachesterminalvelocity.Thenheopenshisparachute.

",0
0625_s17_qp_21_04,"4  A  piece  of steel  is  taken  from  the  Earth  to  the  Moon  for  an  experiment.  The  gravitational  field 
",49.62,74.85648,4,A piece of steel is taken from the Earth to the Moon for an experiment  The gravitational field strength on the Moon is smaller than on the Earth   Which statement about the piece of steel is correct? A It has less mass on the Moon than on the Earth  B It has more mass on the Moon than on the Earth  C It weighs less on the Moon than on the Earth  D It weighs more on the Moon than on the Earth  ,0625_s17_qp_21,3,130,"ApieceofsteelistakenfromtheEarthtotheMoonforanexperiment.Thegravitationalfield
",0
0625_s17_qp_21_05,"5  A measuring cylinder containing only water is placed on an electronic balance. A small, irregularly 
",49.62010975,239.3762982,5,"A measuring cylinder containing only water is placed  on an electronic balance  A small, irregularly shaped stone is now completely immersed in the water   The diagrams show the equipment before and after the stone is immersed                         measuringcylinder waterbalance g before the stoneis immersed                      g after the stoneis immersedcm cm  stone   What is the density of the material of the stone? A      g / cm  B      g / cm  C      g / cm  D      g / cm      © UCLES          /  /M/J/  ",0625_s17_qp_21,3,110,"Ameasuringcylindercontainingonlywaterisplacedonanelectronicbalance.Asmall,irregularly
",0
0625_s17_qp_21_06,"6  A boat is travelling at a steady speed in a straight line across the surface of a lake. 
 
",49.62,87.51642,6,A boat is travelling at a steady speed in a straight line across the surface of a lake   Which statement about the boat is correct? A The resultant force on the boat is in the direction of motion  B The resultant force on the boat is in the opposite direction to its motion  C The resultant force on the boat is vertically downwards  D The resultant force on the boat is zero  ,0625_s17_qp_21,4,152,"Aboatistravellingatasteadyspeedinastraightlineacrossthesurfaceofalake.

",0
0625_s17_qp_21_07,"7  A ball of weight 1.2 N drops through the air at terminal velocity. 
 
",49.62010975,239.37642,7,A ball of weight      N drops through the air at terminal velocity   A sudden gust of wind exerts a horizontal force of      N on the ball from the left   Which diagram shows the resultant force on the ball while the wind is blowing?   ball resultantforce     N    NA ball resultantforce    N    NB resultantforce    NC ballresultantforce     N     N      N     NDball      © UCLES          /  /M/J/   [Turn over,0625_s17_qp_21,4,151,"Aballofweight.Ndropsthroughtheairatterminalvelocity.

",0
0625_s17_qp_21_08,"8  The diagram shows a uniform bridge, 4.0 m long and weighing 10 000 N. 
 
",49.62,87.51642,8,"The diagram shows a uniform bridge,      m long and weighing          N   The bridge is pivoted at one end  A force at the other end gradually increases until the bridge begins to lift    pivotbridge     mliftingforce   What is the lifting force as the bridge starts to move upwards?  A       N B       N C          N D          N ",0625_s17_qp_21,5,152,"Thediagramshowsauniformbridge,.mlongandweighingN.

",0
0625_s17_qp_21_09,"9  A bullet of mass 0.10 kg travels horizontally at a speed of 600 m / s. It strikes a stationary wooden 
",49.62150893,296.37649,9,"A bullet of mass       kg travels horizontally at a speed of      m  / s  It strikes a stationary wooden block of mass       kg resting on a frictionless, horizontal surface   The bullet stays in the block   What is the speed of the bullet and the block immediately after the impact? A     m  / s B     m  / s C     m  / s D      m  / s     © UCLES          /  /M/J/  ",0625_s17_qp_21,5,220,"Abulletofmass.kgtravelshorizontallyataspeedofm/s.Itstrikesastationarywooden
",0
0625_s17_qp_21_10,"10  A box of mass m slides down a slope of length l and vertical height d against a frictional force F. 
 
",49.61989025,87.7567002,10,"A box of mass m slides down a slope of length l and vertical height d against a frictional force F    d lmass mFstop   As the box slides down the slope, it loses gravitat ional potential energy and it does work against the friction   Which row gives the loss in gravitational potential energy and the work done against friction?   loss in gravitational potential energy work done against friction  A mgd F l  B mgd Fd  C mgl F l  D mgl Fd  ",0625_s17_qp_21,6,170,"AboxofmassmslidesdownaslopeoflengthlandverticalheightdagainstafrictionalforceF.

",0
0625_s17_qp_21_11,"11  The diagram represents the energy transfers for a device. 
 
",49.62,465.7560198,11,The diagram represents the energy transfers for a device    inputenergywastedoutput energyusefuloutput energy   The device is   % efficient   Which equation is correct? A input energy = useful output energy ÷   B useful output energy = wasted output energy ÷   C wasted output energy = useful output energy D wasted output energy = useful output energy ÷       © UCLES          /  /M/J/   [Turn over,0625_s17_qp_21,6,170,"Thediagramrepresentstheenergytransfersforadevice.

",0
0625_s17_qp_21_12,"12  A student carries out some simple exercises. 
 
",49.62,87.51642,12,A student carries out some simple exercises   In which exercise is the most work done?     kgliftingthrough    mA   kgpushing through  m against africtional force of    NB   kgliftingthrough   m   kgpulling through  m against africtional force of    NCD  ,0625_s17_qp_21,7,170,"Astudentcarriesoutsomesimpleexercises.

",0
0625_s17_qp_21_13,"13  Four different liquids are poured into four containers. 
 
",49.62298808,400.41671,13,Four different liquids are poured into four containers   The diagrams show the depth and the density of liquid in each container   In which container is the pressure on its base the greatest?   A liquid density=      g / cm     cmB liquid density=      g / cm     cmC liquid density=      g / cm     cmD liquid density=      g / cm     cm      © UCLES          /  /M/J/  ,0625_s17_qp_21,7,180,"Fourdifferentliquidsarepouredintofourcontainers.

",0
0625_s17_qp_21_14,"14  Brownian motion is observed when using a microscope to look at smoke particles in air. 
 
",49.62,87.51642,14,Brownian motion is observed when using a microscope to look at smoke particles in air   What causes the smoke particles to move at random? A Smoke particles are hit by air molecules  B Smoke particles are moved by convection currents in the air  C Smoke particles have different weights and fall at different speeds  D Smoke particles hit the walls of the container  ,0625_s17_qp_21,8,210,"Brownianmotionisobservedwhenusingamicroscopetolookatsmokeparticlesinair.

",0
0625_s17_qp_21_15,"15  Gas molecules striking a container wall cause a pressure to be exerted on the wall. 
 
",49.61989025,239.3762982,15,Gas molecules striking a container wall cause a pressure to be exerted on the wall   Which statement explains this? A When a molecule rebounds there must be a change in its energy  B When a molecule rebounds there must be a change in its momentum  C When a molecule rebounds there must be a change in its speed  D When a molecule rebounds there must be a change in its temperature        © UCLES          /  /M/J/   [Turn over,0625_s17_qp_21,8,210,"Gasmoleculesstrikingacontainerwallcauseapressuretobeexertedonthewall.

",0
0625_s17_qp_21_16,"16  Equal masses of two different liquids are put into identical beakers. 
 
",49.62,87.51642,16,Equal masses of two different liquids are put into identical beakers   Liquid   is heated for      s and liquid   is heated for      s by heaters of the same power   Each liquid has the same rise in temperature    liquid   liquid   heating time =      s heating time =      sdifferent liquidsof same mass   Which statement is correct? A Each beaker of liquid has the same thermal capacity  B Each beaker of liquid receives the same energy  C Liquid   receives more energy than liquid    D The thermal capacity of liquid   is less than the thermal capacity of liquid    ,0625_s17_qp_21,9,220,"Equalmassesoftwodifferentliquidsareputintoidenticalbeakers.

",0
0625_s17_qp_21_17,"17  Water of mass 100 g at a temperature of 100 °C is converted into steam at 100 °C. The specific 
",49.62179816,509.88422,17,Water of mass      g at a temperature of      °C is converted into steam at      °C  The specific latent heat of vaporisation of water is       J / g   How much thermal energy is absorbed by the water? A     J B      J C           J D               J     © UCLES          /  /M/J/  ,0625_s17_qp_21,9,220,"Waterofmassgatatemperatureof°Cisconvertedintosteamat°C.Thespecific
",0
0625_s17_qp_21_18,"18  A copper bar and a wooden bar are joined. A piece of paper is wrapped tightly around the join. 
 
",49.62,87.51642,18,"A copper bar and a wooden bar are joined  A piece of paper is wrapped tightly around the join   The bar is heated strongly at the centre for a short time, and the paper goes brown on one side only    paper copperwoodheat   Which side goes brown, and what does this show about wood and copper?   brown side wood copper  A copper conductor insulator  B copper insulator conductor  C wood conductor insulator  D wood insulator conductor       © UCLES          /  /M/J/   [Turn over",0625_s17_qp_21,10,410,"Acopperbarandawoodenbararejoined.Apieceofpaperiswrappedtightlyaroundthejoin.

",0
0625_s17_qp_21_19,"19  Different waves hit barriers with different sized gaps. 
 
",49.62,87.51642,19,Different waves hit barriers with different sized gaps   The waves will diffract   In which diagram does the greatest spreading occur?   gap      cmAbarrier wavelength     cmgap      cmBbarrier wavelength     cm wavelength     cmgap      cmCbarrier wavelength     cmgap      cmDbarrier  ,0625_s17_qp_21,11,310,"Differentwaveshitbarrierswithdifferentsizedgaps.

",0
0625_s17_qp_21_20,"20  A converging lens is used as a magnifying glass to view an object. 
 
",49.6223556,535.71672,20,A converging lens is used as a magnifying glass to view an object   Which statement is correct? A The image is inverted  B The image is nearer the lens than the object  C The image is the same size  D The image is virtual       © UCLES          /  /M/J/  ,0625_s17_qp_21,11,320,"Aconverginglensisusedasamagnifyingglasstoviewanobject.

",0
0625_s17_qp_21_21,"21  Which diagram shows what happens when a ray of white light passes through a prism? 
 
",49.62,87.51642,21,Which diagram shows what happens when a ray of white light passes through a prism?   A  spectrum B spectrum C spectrumDspectrumwhitelight whitelightwhitelight whitelight  ,0625_s17_qp_21,12,320,"Whichdiagramshowswhathappenswhenarayofwhitelightpassesthroughaprism?

",0
0625_s17_qp_21_22,"22  Light travels in a vacuum and then enters a glass block. The speed of the light in the glass block 
",49.62278589,412.47677,22,Light travels in a vacuum and then enters a glass block  The speed of the light in the glass block is     ×       m  / s   Which statement about the speed of light is correct? A The speed in a vacuum is     times the speed in the glass  B The speed in the glass is the same as the speed in a vacuum  C The speed in the glass is     times the speed in a vacuum  D The speed in the glass is     ×      times the speed in a vacuum  ,0625_s17_qp_21,12,340,"Lighttravelsinavacuumandthenentersaglassblock.Thespeedofthelightintheglassblock
",0
0625_s17_qp_21_23,"23  A fire alarm is not loud enough and the pitch is too low. An engineer adjusts the alarm so that it 
",49.62073735,578.6159098,23,A fire alarm is not loud enough and the pitch is too low  An engineer adjusts the alarm so that it produces a louder note of a higher pitch  What effect does this have on the amplitude and on the frequency of the sound?   amplitude frequency  A larger greater  B larger smaller  C smaller greater  D smaller smaller       © UCLES          /  /M/J/   [Turn over,0625_s17_qp_21,12,340,"Afirealarmisnotloudenoughandthepitchistoolow.Anengineeradjuststhealarmsothatit
",0
0625_s17_qp_21_24,"24  In a child’s toy, metal fish are lifted out of a toy pond using a metal rod. The fish are magnetically 
",49.62,74.85648,24,"In a child’s toy, metal fish are lifted out of a toy pond using a metal rod  The fish are magnetically attracted to the end of the rod  There is no magnetic force between the fish themselves    toy pondmetal rod metal fish   What are possible materials from which the fish and the rod are made?   fish rod  A aluminium soft iron  B aluminium steel  C soft iron soft iron  D soft iron steel  ",0625_s17_qp_21,13,410,"Inachild’stoy,metalfishareliftedoutofatoypondusingametalrod.Thefisharemagnetically
",0
0625_s17_qp_21_25,"25  What is the most effective method of demagnetising a bar magnet? 
",49.62,439.4766302,25,What is the most effective method of demagnetising a bar magnet? A placing the magnet in a solenoid carrying a large alternating current and gradually decreasing the current B placing the magnet in a solenoid carrying a large direct current and gradually decreasing the current C placing the magnet in a solenoid that produces a magnetic field in the opposite direction to the magnet D placing the magnet next to an identical bar magnet with its poles in the opposite direction ,0625_s17_qp_21,13,410,"Whatisthemosteffectivemethodofdemagnetisingabarmagnet?
",0
0625_s17_qp_21_26,"26  A magnet near a coil of wire is attracted to the coil only when there is a current in the coil. 
 
",49.62010975,616.5360476,26,A magnet near a coil of wire is attracted to the coil only when there is a current in the coil   Which statement explains this force of attraction? A The coil of wire has its own gravitational field  B The coil of wire is made from soft iron  C The current in the coil of wire creates a magnetic field  D The current in the coil of wire induces a charge on the magnet       © UCLES          /  /M/J/  ,0625_s17_qp_21,13,450,"Amagnetnearacoilofwireisattractedtothecoilonlywhenthereisacurrentinthecoil.

",0
0625_s17_qp_21_27,"27  A student rubs a plastic rod with a cloth. 
 
",49.62,87.51642,27,A student rubs a plastic rod with a cloth   The rod becomes positively charged   What has happened to the rod? A It has gained electrons  B It has gained protons  C It has lost electrons  D It has lost protons  ,0625_s17_qp_21,14,420,"Astudentrubsaplasticrodwithacloth.

",0
0625_s17_qp_21_28,"28  Which quantity is measured in coulombs? 
",49.62,252.0362382,28,Which quantity is measured in coulombs? A charge B current C electromotive force D power ,0625_s17_qp_21,14,420,"Whichquantityismeasuredincoulombs?
",0
0625_s17_qp_21_29,"29  A  cylinder  of  conducting  putty  has  length  l,  diameter  d  and  resistance  R.  The  putty  is  now 
",49.62010975,378.9759084,29,"A cylinder of conducting putty has length l, diameter d and resistance R  The putty is now moulded into a cylinder of diameter   d that has the same volume    Rld   By which factor does the resistance of the putty cylinder decrease? A   B   C   D    ",0625_s17_qp_21,14,420,"Acylinderofconductingputtyhaslengthl,diameterdandresistanceR.Theputtyisnow
",0
0625_s17_qp_21_30,"30  The average current during a lightning strike between a cloud and the ground is 1.5 × 104
 
",49.62113965,570.4561398,30,The average current during a lightning strike between a cloud and the ground is     ×       A   The lightning releases     ×       J of energy and lasts for     ×   –   s   What is the average electromotive force (e m f ) between the cloud and the ground? A      V B      V C     ×      V D     ×      V      © UCLES          /  /M/J/   [Turn over,0625_s17_qp_21,14,170,"Theaveragecurrentduringalightningstrikebetweenacloudandthegroundis.×

",0
0625_s17_qp_21_31,"31  A student connects a variable potential divider (potentiometer) circuit. 
 
",49.62,87.51642,31,A student connects a variable potential divider (potentiometer) circuit    R  S T  V     V   What happens to the reading on the voltmeter as the sliding terminal T is moved from R to S? A It decreases from     V to    V  B It increases from    V to     V  C It remains at    V  D It remains at     V  ,0625_s17_qp_21,15,430,"Astudentconnectsavariablepotentialdivider(potentiometer)circuit.

",0
0625_s17_qp_21_32,"32  The circuit diagram shows a circuit with an a.c. supply, a diode and a resistor. 
 
",49.62021047,404.0159698,32,"The circuit diagram shows a circuit with an a c  supply, a diode and a resistor      Which diagram shows how the current I in the resistor varies with time t  ?   A B C D II IItt tt                  © UCLES          /  /M/J/  ",0625_s17_qp_21,15,430,"Thecircuitdiagramshowsacircuitwithana.c.supply,adiodeandaresistor.

",0
0625_s17_qp_21_33,"33  A light-dependent resistor (LDR) and a resistor R are connected in a series circuit. Light falls on 
",49.62,74.85648,33,A light-dependent resistor (LDR) and a resistor R are connected in a series circuit  Light falls on the LDR    A R  The brightness of the light falling on the LDR decreases   What happens to the resistance of the LDR and what happens to the reading on the ammeter?   resistance of LDR reading on ammeter  A decreases decreases  B decreases increases  C increases decreases  D increases increases  ,0625_s17_qp_21,16,430,"Alight-dependentresistor(LDR)andaresistorRareconnectedinaseriescircuit.Lightfallson
",0
0625_s17_qp_21_34,"34  The diagram shows a logic gate. 
 
",49.62,436.4760198,34,The diagram shows a logic gate    PRQ   Which input combinations at P and Q gives an output of   at R?   P Q  A      B    C      D         © UCLES          /  /M/J/   [Turn over,0625_s17_qp_21,16,450,"Thediagramshowsalogicgate.

",0
0625_s17_qp_21_35,"35  A  simple  d.c.  electric  motor  is  fitted  with  a  coil  that  rotates  in  a  magnetic  field.  A  commutator 
",49.62,74.85648,35,"A simple d c  electric motor is fitted with a coil that rotates in a magnetic field  A commutator connects the power supply to the coil   What is the purpose of the commutator? A It converts a c  into d c  in the coil  B It prevents the current from becoming too great, because the coil has a low resistance  C It reverses the direction of the current in the coil after every     ° rotation of the coil  D It switches the current off momentarily after every    ° rotation of the coil  ",0625_s17_qp_21,17,450,"Asimpled.c.electricmotorisfittedwithacoilthatrotatesinamagneticfield.Acommutator
",0
0625_s17_qp_21_36,"36  What is the purpose of a relay? 
",49.62109755,241.056348,36,What is the purpose of a relay? A to change a large voltage into a small voltage B to change a small voltage into a large voltage C to use a large current to switch on a small current D to use a small current to switch on a large current ,0625_s17_qp_21,17,430,"Whatisthepurposeofarelay?
",0
0625_s17_qp_21_37,"37  Which row gives the relative charge of an electron, a neutron and a proton? 
 
",49.62109755,380.196006,37,"Which row gives the relative charge of an electron, a neutron and a proton?   electron neutron proton  A –    – B –    + C +  –     D +    + ",0625_s17_qp_21,17,510,"Whichrowgivestherelativechargeofanelectron,aneutronandaproton?

",0
0625_s17_qp_21_38,"38  A nuclide of element X undergoes β-decay. 
 
",49.62,536.97588,38,A nuclide of element X undergoes β-decay   Which statement is correct? A The nucleon number increases by    B The nucleon number stays the same  C The product is another nuclide of an isotope of X  D The proton number decreases by         © UCLES          /  /M/J/  ,0625_s17_qp_21,17,510,"AnuclideofelementXundergoesβ-decay.

",0
0625_s17_qp_21_39,"39  A sample of radioactive isotope is decaying. 
 
",49.62,87.51642,39,A sample of radioactive isotope is decaying   The nuclei of which atoms will decay first? A It is impossible to know because radioactive decay is random  B It is impossible to know unless the age of the material is known  C The atoms near the centre will decay first because they are surrounded by more atoms  D The atoms near the surface will decay first because the radiation can escape more easily  ,0625_s17_qp_21,18,520,"Asampleofradioactiveisotopeisdecaying.

",0
0625_s17_qp_21_40,"40  A detector of ionising radiation gives a background reading of 20 counts / minute. 
 
",49.62,239.37642,40,"A detector of ionising radiation gives a background reading of    counts  / minute   A radioactive isotope with a half-life of     days is brought near to the detector  The reading on the detector increases to     counts  / minute   How long does it take for the reading on the detector to decrease to    counts  / minute? A     days B     days C     days D    days      © UCLES          /  /M/J/    BLANK PAGE    Permission to reproduce items where third-party owned material protected by copyright is included has been sought and cleared w here possible  Every reasonable effort has been made by the publisher (UCLES) to trac e copyright holders, but if any items requiring clearance have unwittingly been included, the publisher will be pleased to make amends  at the earliest possible opportunity   To avoid the issue of disclosure of ans wer-related information to candidates, all copyright acknowledgements are reproduced onl ine in the Cambridge International Examinations Copyright Acknow ledgements Booklet  This is produced for each  series of examinations and is freely a vailable to download at www cie org uk after the live examination series   Cambridge International Examinations is part of the Cambridge As sessment Group  Cambridge Assessment is the brand name of Unive rsity of Cambridge Local Examinations Syndicate (UCLES), which is itself a department of the University of Cambridge    © UCLES          /  /M/J/    BLANK PAGE ",0625_s17_qp_21,18,520,"Adetectorofionisingradiationgivesabackgroundreadingofcounts/minute.

",0
0625_s17_qp_22_01,"1  What is the most accurate and precise method to measure the thickness of a coin? 
",49.62,74.91648,1,What is the most accurate and precise method to measure the thickness of a coin? A Use a micrometer screw gauge  B Use a ruler and look at the scale perpendicularly  C Use a top pan balance  D Use the displacement method with water in a measuring cylinder  ,0625_s17_qp_22,2,110,"Whatisthemostaccurateandprecisemethodtomeasurethethicknessofacoin?
",1
0625_s17_qp_22_02,"2  A student determines the average speed of a bubble rising through a liquid at constant speed. 
 
",49.62010975,214.0563576,2,A student determines the average speed of a bubble rising through a liquid at constant speed   When the student starts the stopwatch the bubble is at position P   After      s the bubble is at position Q                      cm  Q Pbubble bubble  What is the speed of the bubble between P and Q? A      cm  / s B      cm  / s C      cm  / s D      cm  / s     © UCLES          /  /M/J/   [Turn over,0625_s17_qp_22,2,151,"Astudentdeterminestheaveragespeedofabubblerisingthroughaliquidatconstantspeed.

",0
0625_s17_qp_22_03,"3  The diagram shows the speed-time graph for a toy car travelling in a straight line. 
 
",49.62,87.51642,3,The diagram shows the speed-time graph for a toy car travelling in a straight line                 time  / s                    speedm / s   What is the acceleration of the car during the first two seconds and what is the total distance that it travels?   acceleration  m  / s  total distance  / m  A       B       C      D      ,0625_s17_qp_22,3,120,"Thediagramshowsthespeed-timegraphforatoycartravellinginastraightline.

",0
0625_s17_qp_22_05,"5  The masses of a measuring cylinder before and after pouring some liquid into it are shown in the 
",49.62,74.85648,5,"The masses of a measuring cylinder before and after pouring some liquid into it are shown in the diagram          cm  mass =     g      cm  mass =      gliquid   What is the density of the liquid? A        g / cm  B       g / cm  C       g / cm  D       g / cm       A spring which obeys Hooke’s Law has an unstretched length of     cm   A load of     N is hung from the spring   The new length of the spring is     cm   What is the spring constant  k of the spring?  A       N  / cm B       N  / cm C      N  / cm D      N  / cm      A car travels forwards along a straight horizontal road  Only the horizontal forces acting on it are shown    driving force air resistanceand friction   The length of each arrow represents the size of each force   How do these forces affect the motion of the car?  A The car moves at constant speed   B The car moves backwards   C The car slows down   D The car’s forward speed increases      © UCLES          /  /M/J/   [Turn over    The diagram shows a wooden beam of weight     N  The centre of mass of the beam is labelled M   There is a pivot at one end of the beam  The beam is kept horizontal by an upward force, F         m     mFM     Npivot wooden beam   What is the magnitude of F  ? A     N B     N C     N D     N     A ball of mass      kg is travelling at a speed of     m  / s  It moves towards an object of mass      kg which is at rest        m / s     kg    kgat rest   The ball hits the object and sticks to it   Which row gives the total momentum, and the speed of both objects immediately after the collision?   total momentum  kg  m  / s speed m  / s  A      B        C       D             © UCLES          /  /M/J/       An object falls from a height of      m   Air resistance can be ignored   As it hits the ground the object has      J of kinetic energy   What is its mass? A     kg B     kg C     kg D      kg      An electric generator produces an electromotive force (e m f ) of      V and produces a current of      A in a circuit  The generator is driven by an engine with a power of      kW   What is the efficiency of the generator? A    % B   % C   % D   %      The diagrams show athletes training by stretching springs   Each spring has the same stiffness   Which athlete does the most work?   A one spring stretchedby       m two springs stretchedby       mB one spring stretchedby       m CD two springs stretchedby       m     © UCLES          /  /M/J/   [Turn over     Four different liquids are poured into four containers   The diagrams show the depth and the density of liquid in each container   In which container is the pressure on its base the greatest?   A liquid density=      g / cm     cmB liquid density=      g / cm     cmC liquid density=      g / cm     cmD liquid density=      g / cm     cm       Brownian motion is observed when using a microscope to look at smoke particles in air   What causes the smoke particles to move at random? A Smoke particles are hit by air molecules  B Smoke particles are moved by convection currents in the air  C Smoke particles have different weights and fall at different speeds  D Smoke particles hit the walls of the container       A student blows air through a liquid using a straw  This causes the liquid to evaporate quickly and therefore to cool   Which statement explains why the remaining liquid cools? A Slower-moving molecules are carried away by the air bubbles  B The air molecules conduct heat from the liquid  C The air sets up convection currents in the liquid  D The molecules with most energy leave the liquid       What is meant by the specific latent heat of fusion of ice? A the energy needed to change unit mass of ice into water at constant temperature B the energy needed to change unit volume of ice into water at constant temperature C the energy needed to produce unit temperature increase of unit mass of ice D the energy needed to produce unit temperature increase of unit volume of ice     © UCLES          /  /M/J/       Equal masses of two different liquids are put into identical beakers   Liquid   is heated for      s and liquid   is heated for      s by heaters of the same power   Each liquid has the same rise in temperature    liquid   liquid   heating time =      s heating time =      sdifferent liquidsof same mass   Which statement is correct? A Each beaker of liquid has the same thermal capacity  B Each beaker of liquid receives the same energy  C Liquid   receives more energy than liquid    D The thermal capacity of liquid   is less than the thermal capacity of liquid        © UCLES          /  /M/J/   [Turn over     A copper bar and a wooden bar are joined  A piece of paper is wrapped tightly around the join   The bar is heated strongly at the centre for a short time, and the paper goes brown on one side only    paper copperwoodheat   Which side goes brown, and what does this show about wood and copper?   brown side wood copper  A copper conductor insulator  B copper insulator conductor  C wood conductor insulator  D wood insulator conductor      © UCLES          /  /M/J/       Different waves hit barriers with different sized gaps   The waves will diffract   In which diagram does the greatest spreading occur?   gap      cmAbarrier wavelength     cmgap      cmBbarrier wavelength     cm wavelength     cmgap      cmCbarrier wavelength     cmgap      cmDbarrier       © UCLES          /  /M/J/   [Turn over     The incomplete ray diagram shows two rays of light that have passed from one point on an object through a thin converging lens    lensright object rays oflightleft   Which type of image is formed, and on which side of the lens is it formed?   type of image which side of lens  A real on the left  B real on the right  C virtual on the left  D virtual on the right       Which diagram shows what happens when a ray of white light passes through a prism?   A  spectrum B spectrum C spectrumDspectrumwhitelight whitelightwhitelight whitelight       © UCLES          /  /M/J/       Light travels in a vacuum and then enters a glass block  The speed of the light in the glass block is     ×       m  / s   Which statement about the speed of light is correct? A The speed in a vacuum is     times the speed in the glass  B The speed in the glass is the same as the speed in a vacuum  C The speed in the glass is     times the speed in a vacuum  D The speed in the glass is     ×      times the speed in a vacuum       A fire alarm is not loud enough and the pitch is too low  An engineer adjusts the alarm so that it produces a louder note of a higher pitch  What effect does this have on the amplitude and on the frequency of the sound?   amplitude frequency  A larger greater  B larger smaller  C smaller greater  D smaller smaller       A student demagnetises a magnetised steel bar   He places the bar in a solenoid connected to a power supply  He then removes the bar from the solenoid   Which row indicates the most effective way of demagnetising the bar?   type of power supply speed to remove bar  A a c  fast  B a c  slow  C d c  fast  D d c  slow       © UCLES          /  /M/J/   [Turn over     A magnet near a coil of wire is attracted to the coil only when there is a current in the coil   Which statement explains this force of attraction? A The coil of wire has its own gravitational field  B The coil of wire is made from soft iron  C The current in the coil of wire creates a magnetic field  D The current in the coil of wire induces a charge on the magnet       What is wrong with this labelled diagram of a permanent magnet?   N Siron disc   A The cross-section should be rectangular  B The length should be greater than the diameter  C The magnet should be made of steel  D The N-pole and the S-pole should be reversed       A student tests the electrical conduction of four materials   aluminium iron plastic silver  Which materials conduct electricity? A aluminium, iron and silver only B aluminium and silver only C iron, silver and plastic only D plastic only      © UCLES          /  /M/J/       What is the unit of charge? A ampere B coulomb C ohm D volt      An isolated metal sphere is positively charged   It is then brought near to another isolated metal sphere that is neutral    ++++++++++++ neutralmetal sphere positively chargedmetal sphere   What happens to the charges on the neutral sphere as the positively charged sphere is brought close to it? A Some positive charges move to the left and some negative charges move to the right  B Some positive charges move to the right and some negative charges move to the left  C Some positive charges move to the right, but the negative charges do not move  D The positive charges do not move, but some negative charges move to the left       Which diagram is the current-voltage ( I-V) characteristic graph for a metallic conductor at constant temperature?   A  VI B  VI C  VI D  VI       © UCLES          /  /M/J/   [Turn over     Four circuits each contain a    V battery, a diode, an ammeter and a lamp  None of the components is faulty   Which circuit shows a possible ammeter reading?   AAreading =      AABreading =    A ACreading =      AADreading = –     A      A student connects a variable potential divider (potentiometer) circuit    R  S T  V     V   What happens to the reading on the voltmeter as the sliding terminal T is moved from R to S? A It decreases from     V to    V  B It increases from    V to     V  C It remains at    V  D It remains at     V       © UCLES          /  /M/J/       The diagram shows an electric circuit        Ω     A     Ω   What is the potential difference (p d ) across the LDR? A      V B      V C     V D     V      What does the symbol shown represent?     A an AND gate B a NOR gate C a NOT gate D an OR gate      What is the purpose of a relay? A to change a large voltage into a small voltage B to change a small voltage into a large voltage C to use a large current to switch on a small current D to use a small current to switch on a large current      Which device uses a split-ring commutator? A a d c  motor B a relay C a transformer D an a c  generator      © UCLES          /  /M/J/       Which particle has a negative charge? A an alpha particle B an electron C a neutron D a proton      A type of nuclear reaction takes place in stars   Which row describes this type of reaction?   nuclear reaction nuclei formed energy transfer  A fission larger than original nuclei released  B fission smaller than original nuclei absorbed  C fusion larger than original nuclei released  D fusion smaller than original nuclei absorbed       A sample of radioactive isotope is decaying   The nuclei of which atoms will decay first? A It is impossible to know because radioactive decay is random  B It is impossible to know unless the age of the material is known  C The atoms near the centre will decay first because they are surrounded by more atoms  D The atoms near the surface will decay first because the radiation can escape more easily       A sample of a radioactive isotope emits particles at a rate of     per minute   After    hours the rate of emission has decreased to    per minute   What is the half-life of the radioactive material? A     hours B     hours C    hours D    hours      © UCLES          /  /M/J/    BLANK PAGE   © UCLES          /  /M/J/    BLANK PAGE    Permission to reproduce items where third-party owned material protected by copyright is included has been sought and cleared w here possible  Every reasonable effort has been made by the publisher (UCLES) to trac e copyright holders, but if any items requiring clearance have unwittingly been included, the publisher will be pleased to make amends  at the earliest possible opportunity   To avoid the issue of disclosure of ans wer-related information to candidates, all copyright acknowledgements are reproduced onl ine in the Cambridge International Examinations Copyright Acknow ledgements Booklet  This is produced for each  series of examinations and is freely a vailable to download at www cie org uk after the live examination series   Cambridge International Examinations is part of the Cambridge As sessment Group  Cambridge Assessment is the brand name of Unive rsity of Cambridge Local Examinations Syndicate (UCLES), which is itself a department of the University of Cambridge    © UCLES          /  /M/J/    BLANK PAGE ",0625_s17_qp_22,4,220,"Themassesofameasuringcylinderbeforeandafterpouringsomeliquidintoitareshowninthe
",0
0625_s17_qp_22_08,"8  The diagram shows a wooden beam of weight 20 N. The centre of mass of the beam is labelled 
",49.62,74.85648,8,"The diagram shows a wooden beam of weight     N  The centre of mass of the beam is labelled M   There is a pivot at one end of the beam  The beam is kept horizontal by an upward force, F         m     mFM     Npivot wooden beam   What is the magnitude of F  ? A     N B     N C     N D     N ",0625_s17_qp_22,5,152,"ThediagramshowsawoodenbeamofweightN.Thecentreofmassofthebeamislabelled
",0
0625_s17_qp_22_09,"9  A ball of mass 2.0 kg is travelling at a speed of 12 m / s. It moves towards an object of mass 3.0 kg 
",49.62214304,354.33648,9,"A ball of mass      kg is travelling at a speed of     m  / s  It moves towards an object of mass      kg which is at rest        m / s     kg    kgat rest   The ball hits the object and sticks to it   Which row gives the total momentum, and the speed of both objects immediately after the collision?   total momentum  kg  m  / s speed m  / s  A      B        C       D             © UCLES          /  /M/J/  ",0625_s17_qp_22,5,170,"Aballofmass.kgistravellingataspeedofm/s.Itmovestowardsanobjectofmass.kg
",0
0625_s17_qp_22_10,"10  An object falls from a height of 5.0 m. 
 
",49.62,87.51642,10,An object falls from a height of      m   Air resistance can be ignored   As it hits the ground the object has      J of kinetic energy   What is its mass? A     kg B     kg C     kg D      kg ,0625_s17_qp_22,6,170,"Anobjectfallsfromaheightof.m.

",0
0625_s17_qp_22_11,"11  An electric generator produces an electromotive force (e.m.f.) of 200 V and produces a current of 
",49.62211006,212.37649,11,An electric generator produces an electromotive force (e m f ) of      V and produces a current of      A in a circuit  The generator is driven by an engine with a power of      kW   What is the efficiency of the generator? A    % B   % C   % D   % ,0625_s17_qp_22,6,170,"Anelectricgeneratorproducesanelectromotiveforce(e.m.f.)ofVandproducesacurrentof
",0
0625_s17_qp_22_12,"12  The diagrams show athletes training by stretching springs. 
 
",49.62059988,324.57606,12,The diagrams show athletes training by stretching springs   Each spring has the same stiffness   Which athlete does the most work?   A one spring stretchedby       m two springs stretchedby       mB one spring stretchedby       m CD two springs stretchedby       m     © UCLES          /  /M/J/   [Turn over,0625_s17_qp_22,6,151,"Thediagramsshowathletestrainingbystretchingsprings.

",0
0625_s17_qp_22_13,"13  Four different liquids are poured into four containers. 
 
",49.62,87.51642,13,Four different liquids are poured into four containers   The diagrams show the depth and the density of liquid in each container   In which container is the pressure on its base the greatest?   A liquid density=      g / cm     cmB liquid density=      g / cm     cmC liquid density=      g / cm     cmD liquid density=      g / cm     cm  ,0625_s17_qp_22,7,180,"Fourdifferentliquidsarepouredintofourcontainers.

",1
0625_s17_qp_22_14,"14  Brownian motion is observed when using a microscope to look at smoke particles in air. 
 
",49.62279168,354.6963398,14,Brownian motion is observed when using a microscope to look at smoke particles in air   What causes the smoke particles to move at random? A Smoke particles are hit by air molecules  B Smoke particles are moved by convection currents in the air  C Smoke particles have different weights and fall at different speeds  D Smoke particles hit the walls of the container  ,0625_s17_qp_22,7,210,"Brownianmotionisobservedwhenusingamicroscopetolookatsmokeparticlesinair.

",1
0625_s17_qp_22_15,"15  A student blows air through a liquid using a straw. This causes the liquid to evaporate quickly and 
",49.62268192,493.8964976,15,A student blows air through a liquid using a straw  This causes the liquid to evaporate quickly and therefore to cool   Which statement explains why the remaining liquid cools? A Slower-moving molecules are carried away by the air bubbles  B The air molecules conduct heat from the liquid  C The air sets up convection currents in the liquid  D The molecules with most energy leave the liquid  ,0625_s17_qp_22,7,220,"Astudentblowsairthroughaliquidusingastraw.Thiscausestheliquidtoevaporatequicklyand
",0
0625_s17_qp_22_16,"16  What is meant by the specific latent heat of fusion of ice? 
",49.62279168,658.476596,16,What is meant by the specific latent heat of fusion of ice? A the energy needed to change unit mass of ice into water at constant temperature B the energy needed to change unit volume of ice into water at constant temperature C the energy needed to produce unit temperature increase of unit mass of ice D the energy needed to produce unit temperature increase of unit volume of ice     © UCLES          /  /M/J/  ,0625_s17_qp_22,7,220,"Whatismeantbythespecificlatentheatoffusionofice?
",0
0625_s17_qp_22_17,"17  Equal masses of two different liquids are put into identical beakers. 
 
",49.62,87.51642,17,Equal masses of two different liquids are put into identical beakers   Liquid   is heated for      s and liquid   is heated for      s by heaters of the same power   Each liquid has the same rise in temperature    liquid   liquid   heating time =      s heating time =      sdifferent liquidsof same mass   Which statement is correct? A Each beaker of liquid has the same thermal capacity  B Each beaker of liquid receives the same energy  C Liquid   receives more energy than liquid    D The thermal capacity of liquid   is less than the thermal capacity of liquid        © UCLES          /  /M/J/   [Turn over,0625_s17_qp_22,8,220,"Equalmassesoftwodifferentliquidsareputintoidenticalbeakers.

",1
0625_s17_qp_22_18,"18  A copper bar and a wooden bar are joined. A piece of paper is wrapped tightly around the join. 
 
",49.62,87.51642,18,"A copper bar and a wooden bar are joined  A piece of paper is wrapped tightly around the join   The bar is heated strongly at the centre for a short time, and the paper goes brown on one side only    paper copperwoodheat   Which side goes brown, and what does this show about wood and copper?   brown side wood copper  A copper conductor insulator  B copper insulator conductor  C wood conductor insulator  D wood insulator conductor      © UCLES          /  /M/J/  ",0625_s17_qp_22,9,410,"Acopperbarandawoodenbararejoined.Apieceofpaperiswrappedtightlyaroundthejoin.

",1
0625_s17_qp_22_19,"19  Different waves hit barriers with different sized gaps. 
 
",49.62,87.51642,19,Different waves hit barriers with different sized gaps   The waves will diffract   In which diagram does the greatest spreading occur?   gap      cmAbarrier wavelength     cmgap      cmBbarrier wavelength     cm wavelength     cmgap      cmCbarrier wavelength     cmgap      cmDbarrier       © UCLES          /  /M/J/   [Turn over,0625_s17_qp_22,10,310,"Differentwaveshitbarrierswithdifferentsizedgaps.

",1
0625_s17_qp_22_20,"20  The incomplete ray diagram shows two rays of light that have passed from one point on an object 
",49.62,74.85648,20,"The incomplete ray diagram shows two rays of light that have passed from one point on an object through a thin converging lens    lensright object rays oflightleft   Which type of image is formed, and on which side of the lens is it formed?   type of image which side of lens  A real on the left  B real on the right  C virtual on the left  D virtual on the right  ",0625_s17_qp_22,11,320,"Theincompleteraydiagramshowstworaysoflightthathavepassedfromonepointonanobject
",0
0625_s17_qp_22_21,"21  Which diagram shows what happens when a ray of white light passes through a prism? 
 
",49.62,431.07629,21,Which diagram shows what happens when a ray of white light passes through a prism?   A  spectrum B spectrum C spectrumDspectrumwhitelight whitelightwhitelight whitelight       © UCLES          /  /M/J/  ,0625_s17_qp_22,11,320,"Whichdiagramshowswhathappenswhenarayofwhitelightpassesthroughaprism?

",1
0625_s17_qp_22_22,"22  Light travels in a vacuum and then enters a glass block. The speed of the light in the glass block 
",49.62,74.85648,22,Light travels in a vacuum and then enters a glass block  The speed of the light in the glass block is     ×       m  / s   Which statement about the speed of light is correct? A The speed in a vacuum is     times the speed in the glass  B The speed in the glass is the same as the speed in a vacuum  C The speed in the glass is     times the speed in a vacuum  D The speed in the glass is     ×      times the speed in a vacuum  ,0625_s17_qp_22,12,340,"Lighttravelsinavacuumandthenentersaglassblock.Thespeedofthelightintheglassblock
",1
0625_s17_qp_22_23,"23  A fire alarm is not loud enough and the pitch is too low. An engineer adjusts the alarm so that it 
",49.62073735,240.9960198,23,A fire alarm is not loud enough and the pitch is too low  An engineer adjusts the alarm so that it produces a louder note of a higher pitch  What effect does this have on the amplitude and on the frequency of the sound?   amplitude frequency  A larger greater  B larger smaller  C smaller greater  D smaller smaller  ,0625_s17_qp_22,12,340,"Afirealarmisnotloudenoughandthepitchistoolow.Anengineeradjuststhealarmsothatit
",1
0625_s17_qp_22_24,"24  A student demagnetises a magnetised steel bar. 
 
",49.62,445.8960198,24,A student demagnetises a magnetised steel bar   He places the bar in a solenoid connected to a power supply  He then removes the bar from the solenoid   Which row indicates the most effective way of demagnetising the bar?   type of power supply speed to remove bar  A a c  fast  B a c  slow  C d c  fast  D d c  slow       © UCLES          /  /M/J/   [Turn over,0625_s17_qp_22,12,410,"Astudentdemagnetisesamagnetisedsteelbar.

",0
0625_s17_qp_22_25,"25  A magnet near a coil of wire is attracted to the coil only when there is a current in the coil. 
 
",49.62,87.51642,25,A magnet near a coil of wire is attracted to the coil only when there is a current in the coil   Which statement explains this force of attraction? A The coil of wire has its own gravitational field  B The coil of wire is made from soft iron  C The current in the coil of wire creates a magnetic field  D The current in the coil of wire induces a charge on the magnet  ,0625_s17_qp_22,13,450,"Amagnetnearacoilofwireisattractedtothecoilonlywhenthereisacurrentinthecoil.

",1
0625_s17_qp_22_26,"26  What is wrong with this labelled diagram of a permanent magnet? 
 
",49.62010975,239.3762982,26,What is wrong with this labelled diagram of a permanent magnet?   N Siron disc   A The cross-section should be rectangular  B The length should be greater than the diameter  C The magnet should be made of steel  D The N-pole and the S-pole should be reversed  ,0625_s17_qp_22,13,410,"Whatiswrongwiththislabelleddiagramofapermanentmagnet?

",0
0625_s17_qp_22_27,"27  A student tests the electrical conduction of four materials. 
 
",49.62156424,490.17585,27,"A student tests the electrical conduction of four materials   aluminium iron plastic silver  Which materials conduct electricity? A aluminium, iron and silver only B aluminium and silver only C iron, silver and plastic only D plastic only      © UCLES          /  /M/J/  ",0625_s17_qp_22,13,410,"Astudentteststheelectricalconductionoffourmaterials.

",0
0625_s17_qp_22_28,"28  What is the unit of charge? 
",49.62,74.91648,28,What is the unit of charge? A ampere B coulomb C ohm D volt ,0625_s17_qp_22,14,420,"Whatistheunitofcharge?
",0
0625_s17_qp_22_29,"29  An isolated metal sphere is positively charged. 
 
",49.62,214.0563576,29,"An isolated metal sphere is positively charged   It is then brought near to another isolated metal sphere that is neutral    ++++++++++++ neutralmetal sphere positively chargedmetal sphere   What happens to the charges on the neutral sphere as the positively charged sphere is brought close to it? A Some positive charges move to the left and some negative charges move to the right  B Some positive charges move to the right and some negative charges move to the left  C Some positive charges move to the right, but the negative charges do not move  D The positive charges do not move, but some negative charges move to the left  ",0625_s17_qp_22,14,420,"Anisolatedmetalsphereispositivelycharged.

",0
0625_s17_qp_22_30,"30  Which  diagram  is  the  current-voltage  (I-V)  characteristic  graph  for  a  metallic  conductor  at 
",49.62244798,470.6165778,30,Which diagram is the current-voltage ( I-V) characteristic graph for a metallic conductor at constant temperature?   A  VI B  VI C  VI D  VI       © UCLES          /  /M/J/   [Turn over,0625_s17_qp_22,14,430,"Whichdiagramisthecurrent-voltage(I-V)characteristicgraphforametallicconductorat
",0
0625_s17_qp_22_31,"31  Four  circuits  each  contain  a  6 V  battery,  a  diode,  an  ammeter  and  a  lamp.  None  of  the 
",49.62,74.85648,31,"Four circuits each contain a    V battery, a diode, an ammeter and a lamp  None of the components is faulty   Which circuit shows a possible ammeter reading?   AAreading =      AABreading =    A ACreading =      AADreading = –     A ",0625_s17_qp_22,15,430,"FourcircuitseachcontainaVbattery,adiode,anammeterandalamp.Noneofthe
",0
0625_s17_qp_22_32,"32  A student connects a variable potential divider (potentiometer) circuit. 
 
",49.62174324,429.0364398,32,A student connects a variable potential divider (potentiometer) circuit    R  S T  V     V   What happens to the reading on the voltmeter as the sliding terminal T is moved from R to S? A It decreases from     V to    V  B It increases from    V to     V  C It remains at    V  D It remains at     V       © UCLES          /  /M/J/  ,0625_s17_qp_22,15,430,"Astudentconnectsavariablepotentialdivider(potentiometer)circuit.

",1
0625_s17_qp_22_33,"33  The diagram shows an electric circuit. 
 
",49.62,87.51642,33,The diagram shows an electric circuit        Ω     A     Ω   What is the potential difference (p d ) across the LDR? A      V B      V C     V D     V ,0625_s17_qp_22,16,430,"Thediagramshowsanelectriccircuit.

",1
0625_s17_qp_22_34,"34  What does the symbol shown represent? 
 
",49.62214304,282.0358598,34,What does the symbol shown represent?     A an AND gate B a NOR gate C a NOT gate D an OR gate ,0625_s17_qp_22,16,430,"Whatdoesthesymbolshownrepresent?

",0
0625_s17_qp_22_35,"35  What is the purpose of a relay? 
",49.62119043,452.3171784,35,What is the purpose of a relay? A to change a large voltage into a small voltage B to change a small voltage into a large voltage C to use a large current to switch on a small current D to use a small current to switch on a large current ,0625_s17_qp_22,16,430,"Whatisthepurposeofarelay?
",1
0625_s17_qp_22_36,"36  Which device uses a split-ring commutator? 
",49.62119043,578.8571766,36,Which device uses a split-ring commutator? A a d c  motor B a relay C a transformer D an a c  generator      © UCLES          /  /M/J/  ,0625_s17_qp_22,16,450,"Whichdeviceusesasplit-ringcommutator?
",0
0625_s17_qp_22_37,"37  Which particle has a negative charge? 
",49.62,74.91648,37,Which particle has a negative charge? A an alpha particle B an electron C a neutron D a proton ,0625_s17_qp_22,17,510,"Whichparticlehasanegativecharge?
",0
0625_s17_qp_22_38,"38  A type of nuclear reaction takes place in stars. 
 
",49.62010975,214.0563576,38,A type of nuclear reaction takes place in stars   Which row describes this type of reaction?   nuclear reaction nuclei formed energy transfer  A fission larger than original nuclei released  B fission smaller than original nuclei absorbed  C fusion larger than original nuclei released  D fusion smaller than original nuclei absorbed  ,0625_s17_qp_22,17,170,"Atypeofnuclearreactiontakesplaceinstars.

",0
0625_s17_qp_22_39,"39  A sample of radioactive isotope is decaying. 
 
",49.62,395.3163,39,A sample of radioactive isotope is decaying   The nuclei of which atoms will decay first? A It is impossible to know because radioactive decay is random  B It is impossible to know unless the age of the material is known  C The atoms near the centre will decay first because they are surrounded by more atoms  D The atoms near the surface will decay first because the radiation can escape more easily  ,0625_s17_qp_22,17,520,"Asampleofradioactiveisotopeisdecaying.

",1
0625_s17_qp_22_40,"40  A sample of a radioactive isotope emits particles at a rate of 240 per minute. 
 
",49.62,547.115898,40,"A sample of a radioactive isotope emits particles at a rate of     per minute   After    hours the rate of emission has decreased to    per minute   What is the half-life of the radioactive material? A     hours B     hours C    hours D    hours      © UCLES          /  /M/J/    BLANK PAGE   © UCLES          /  /M/J/    BLANK PAGE    Permission to reproduce items where third-party owned material protected by copyright is included has been sought and cleared w here possible  Every reasonable effort has been made by the publisher (UCLES) to trac e copyright holders, but if any items requiring clearance have unwittingly been included, the publisher will be pleased to make amends  at the earliest possible opportunity   To avoid the issue of disclosure of ans wer-related information to candidates, all copyright acknowledgements are reproduced onl ine in the Cambridge International Examinations Copyright Acknow ledgements Booklet  This is produced for each  series of examinations and is freely a vailable to download at www cie org uk after the live examination series   Cambridge International Examinations is part of the Cambridge As sessment Group  Cambridge Assessment is the brand name of Unive rsity of Cambridge Local Examinations Syndicate (UCLES), which is itself a department of the University of Cambridge    © UCLES          /  /M/J/    BLANK PAGE ",0625_s17_qp_22,17,520,"Asampleofaradioactiveisotopeemitsparticlesatarateofperminute.

",0
0625_s17_qp_23_01,"1  What is the most accurate and precise method to measure the thickness of a coin? 
",70.4301,105.9320016,1,What is the most accurate and precise method to measure the thickness of a coin? A Use a micrometer screw gauge  B Use a ruler and look at the scale perpendicularly  C Use a top pan balance  D Use the displacement method with water in a measuring cylinder  ,0625_s17_qp_23,2,110,"Whatisthemostaccurateandprecisemethodtomeasurethethicknessofacoin?
",1
0625_s17_qp_23_02,"2  A  pendulum  is  swinging.  Five  students  each  measure  the  time  it  takes  to  swing  through  ten 
",70.43025519,284.7732511,2,"A pendulum is swinging  Five students each meas ure the time it takes to swing through ten complete swings   Three students measure the time as       s  Another student measures it as       s, and the fifth student measures it as       s   What is the average period of the pendulum? A       s B       s C       s D       s ",0625_s17_qp_23,2,110,"Apendulumisswinging.Fivestudentseachmeasurethetimeittakestoswingthroughten
",0
0625_s17_qp_23_03,"3  Which distance-time graph represents a body whose speed is decreasing? 
 
",70.433772,497.1267688,3,Which distance-time graph represents a body whose speed is decreasing?   A  distancetimeB  distancetime C  distancetimeD  distancetime      © UCLES          /  /M/J/   [Turn over,0625_s17_qp_23,2,120,"Whichdistance-timegraphrepresentsabodywhosespeedisdecreasing?

",0
0625_s17_qp_23_04,"4  What are the units for mass, pressure and velocity? 
 
",70.4301,123.7481184,4,"What are the units for mass, pressure and velocity?   mass pressure velocity  A kg N  s Pa  B kg Pa m  / s  C N  s Pa m  / s  D Pa N  s m  / s  ",0625_s17_qp_23,3,180,"Whataretheunitsformass,pressureandvelocity?

",0
0625_s17_qp_23_05,"5  A steel ball bearing has a mass of 24 g and a density of 8.0 g / cm3. It is lowered into a measuring 
",70.4301,326.3455016,5,A steel ball bearing has a mass of     g and a density of      g / cm   It is lowered into a measuring cylinder containing     cm  of water   What is the new water level in the cylinder? A      cm  B      cm  C     cm  D     cm  ,0625_s17_qp_23,3,110,"Asteelballbearinghasamassofgandadensityof.g/cm.Itisloweredintoameasuring
",0
0625_s17_qp_23_06,"6  The diagram shows an object being acted upon by two forces. 
 
",70.43425343,484.9945333,6,The diagram shows an object being acted upon by two forces         N     N   What is the size of the resultant force on the object? A      N B      N C      N D     N     © UCLES          /  /M/J/  ,0625_s17_qp_23,3,152,"Thediagramshowsanobjectbeingacteduponbytwoforces.

",0
0625_s17_qp_23_07,"7  The diagram shows a man holding a sack and barrow stationary. He applies a vertical force to 
",70.4301,105.8471016,7,The diagram shows a man holding a sack and barrow stationary  He applies a vertical force to the handle   The centre of mass and the weight of the sack and barrow are shown  The wheel acts as a pivot    weight ofsack and barrow     N    cm     cm   cm   cmforceexertedby mancentre of massof sack and barrow   What is the magnitude of the vertical force exerted by the man? A     N B     N C     N D      N     © UCLES          /  /M/J/   [Turn over,0625_s17_qp_23,4,152,"Thediagramshowsamanholdingasackandbarrowstationary.Heappliesaverticalforceto
",0
0625_s17_qp_23_08,"8  The diagram shows the only two forces F1 and F2 acting on an object. The magnitude of each 
",70.4301,106.7865161,8,The diagram shows the only two forces F   and F   acting on an object  The magnitude of each force is represented by the length of each arrow    F    °F    The resultant force acting on the object is R   Which vector diagram shows how forces F   and F   add to produce R?   F  F    °A F F   ° R RRBF  F    °C F F R   °D      © UCLES          /  /M/J/  ,0625_s17_qp_23,5,151,"ThediagramshowstheonlytwoforcesFandFactingonanobject.Themagnitudeofeach
",0
0625_s17_qp_23_09,"9  The diagrams show four bodies moving in the directions shown. The only forces acting on the 
",70.4301,105.8471016,9,The diagrams show four bodies moving in the directions shown  The only forces acting on the bodies are shown in each diagram   Which body gains the most kinetic energy when moving a distance of      m?   A    N    NB    N C    N     N     N     NDmovement movement movementmovement  ,0625_s17_qp_23,6,152,"Thediagramsshowfourbodiesmovinginthedirectionsshown.Theonlyforcesactingonthe
",0
0625_s17_qp_23_10,"10  A steel ball is fired vertically upwards with a velocity v. The ball reaches a height h. 
 
",70.43190633,647.7183344,10,A steel ball is fired vertically upwards with a velocity v  The ball reaches a height h   The same ball is now fired vertically upwards from the same position with a velocity   v   Air resistance can be ignored   What is the new height reached by the ball? A h B  h C  h D  h     © UCLES          /  /M/J/   [Turn over,0625_s17_qp_23,6,170,"Asteelballisfiredverticallyupwardswithavelocityv.Theballreachesaheighth.

",0
0625_s17_qp_23_11,"11  A solar panel is used to recharge a battery. The solar panel produces 0.80 W of electrical power. 
",70.4301,105.8471016,11,A solar panel is used to recharge a battery  The solar panel produces       W of electrical power  The panel is   % efficient    solar panel sunlight power tobattery      W   What is the power input of the sunlight onto the solar panel? A       W B      W C      W D     W ,0625_s17_qp_23,7,170,"Asolarpanelisusedtorechargeabattery.Thesolarpanelproduces.Wofelectricalpower.
",0
0625_s17_qp_23_12,"12  The diagrams show four different athletes training by doing pull-ups. 
 
",70.43403088,452.0764233,12,The diagrams show four different athletes training by doing pull-ups   Which athlete does the most work?   A weight ofathlete =      Ndistancelifted =       mB weight ofathlete =     Ndistancelifted =       mC weight ofathlete =     Ndistancelifted =       mD weight ofathlete =     Ndistancelifted =       m     © UCLES          /  /M/J/  ,0625_s17_qp_23,7,152,"Thediagramsshowfourdifferentathletestrainingbydoingpull-ups.

",0
0625_s17_qp_23_13,"13  Four different liquids are poured into four containers. 
 
",70.4301,123.7481184,13,Four different liquids are poured into four containers   The diagrams show the depth and the density of liquid in each container   In which container is the pressure on its base the greatest?   A liquid density=      g / cm     cmB liquid density=      g / cm     cmC liquid density=      g / cm     cmD liquid density=      g / cm     cm  ,0625_s17_qp_23,8,180,"Fourdifferentliquidsarepouredintofourcontainers.

",1
0625_s17_qp_23_14,"14  Brownian motion is observed when using a microscope to look at smoke particles in air. 
 
",70.43488313,501.5387989,14,Brownian motion is observed when using a microscope to look at smoke particles in air   What causes the smoke particles to move at random? A Smoke particles are hit by air molecules  B Smoke particles are moved by convection currents in the air  C Smoke particles have different weights and fall at different speeds  D Smoke particles hit the walls of the container  ,0625_s17_qp_23,8,210,"Brownianmotionisobservedwhenusingamicroscopetolookatsmokeparticlesinair.

",1
0625_s17_qp_23_15,"15  The diagrams show four open dishes. Each dish contains water at the same temperature. 
 
",70.43472794,716.2687148,15,The diagrams show four open dishes  Each dish contains water at the same temperature   The dishes are different shapes and a draught blows over two of them   From which container does the water evaporate at the greatest rate?   AdraughtBdraughtno draught no draughtC D      © UCLES          /  /M/J/   [Turn over,0625_s17_qp_23,8,210,"Thediagramsshowfouropendishes.Eachdishcontainswateratthesametemperature.

",0
0625_s17_qp_23_16,"16  Equal masses of two different liquids are put into identical beakers. 
 
",70.4301,123.7481184,16,Equal masses of two different liquids are put into identical beakers   Liquid   is heated for      s and liquid   is heated for      s by heaters of the same power   Each liquid has the same rise in temperature    liquid   liquid   heating time =      s heating time =      sdifferent liquidsof same mass   Which statement is correct? A Each beaker of liquid has the same thermal capacity  B Each beaker of liquid receives the same energy  C Liquid   receives more energy than liquid    D The thermal capacity of liquid   is less than the thermal capacity of liquid        © UCLES          /  /M/J/  ,0625_s17_qp_23,9,220,"Equalmassesoftwodifferentliquidsareputintoidenticalbeakers.

",1
0625_s17_qp_23_17,"17  A block of ice at –20 °C is heated until it turns to steam. The graph of temperature against thermal 
",70.4301,107.1593064,17,A block of ice at –    °C is heated until it turns to steam  The graph of temperature against thermal energy absorbed is shown   The latent heat of fusion of ice is      kJ  / kg                –  temperature°C                                                                     kJ     kJ       kJthermal energyabsorbed  / kJ  What is the mass of the ice? A      kg B      kg C      kg D      kg ,0625_s17_qp_23,10,220,"Ablockoficeat–°Cisheateduntilitturnstosteam.Thegraphoftemperatureagainstthermal
",0
0625_s17_qp_23_18,"18  A copper bar and a wooden bar are joined. A piece of paper is wrapped tightly around the join. 
 
",70.43492984,597.9169688,18,"A copper bar and a wooden bar are joined  A piece of paper is wrapped tightly around the join   The bar is heated strongly at the centre for a short time, and the paper goes brown on one side only    paper copperwoodheat   Which side goes brown, and what does this show about wood and copper?   brown side wood copper  A copper conductor insulator  B copper insulator conductor  C wood conductor insulator  D wood insulator conductor       © UCLES          /  /M/J/   [Turn over",0625_s17_qp_23,10,410,"Acopperbarandawoodenbararejoined.Apieceofpaperiswrappedtightlyaroundthejoin.

",1
0625_s17_qp_23_19,"19  Different waves hit barriers with different sized gaps. 
 
",70.4301,123.7481184,19,Different waves hit barriers with different sized gaps   The waves will diffract   In which diagram does the greatest spreading occur?   gap      cmAbarrier wavelength     cmgap      cmBbarrier wavelength     cm wavelength     cmgap      cmCbarrier wavelength     cmgap      cmDbarrier       © UCLES          /  /M/J/  ,0625_s17_qp_23,11,310,"Differentwaveshitbarrierswithdifferentsizedgaps.

",1
0625_s17_qp_23_20,"20  A converging lens is used to make an image on a screen. 
 
",70.4301,123.7481184,20,A converging lens is used to make an image on a screen    candlescreenconverginglens imageformedhere   What type of image is formed on the screen? A real and inverted B real and upright C virtual and inverted D virtual and upright ,0625_s17_qp_23,12,320,"Aconverginglensisusedtomakeanimageonascreen.

",0
0625_s17_qp_23_21,"21  Which diagram shows what happens when a ray of white light passes through a prism? 
 
",70.43333145,528.8572026,21,Which diagram shows what happens when a ray of white light passes through a prism?   A  spectrum B spectrum C spectrumDspectrumwhitelight whitelightwhitelight whitelight       © UCLES          /  /M/J/   [Turn over,0625_s17_qp_23,12,320,"Whichdiagramshowswhathappenswhenarayofwhitelightpassesthroughaprism?

",1
0625_s17_qp_23_22,"22  Light travels in a vacuum and then enters a glass block. The speed of the light in the glass block 
",70.4301,105.8471016,22,Light travels in a vacuum and then enters a glass blo ck  The speed of the light in the glass block is     ×       m  / s   Which statement about the speed of light is correct? A The speed in a vacuum is     times the speed in the glass  B The speed in the glass is the same as the speed in a vacuum  C The speed in the glass is     times the speed in a vacuum  D The speed in the glass is     ×      times the speed in a vacuum  ,0625_s17_qp_23,13,340,"Lighttravelsinavacuumandthenentersaglassblock.Thespeedofthelightintheglassblock
",1
0625_s17_qp_23_23,"23  A fire alarm is not loud enough and the pitch is too low. An engineer adjusts the alarm so that it 
",70.43131608,340.7672165,23,A fire alarm is not loud enough and the pitch is too low  An engineer adjusts the alarm so that it produces a louder note of a higher pitch  What effect does this have on the amplitude and on the frequency of the sound?   amplitude frequency  A larger greater  B larger smaller  C smaller greater  D smaller smaller  ,0625_s17_qp_23,13,340,"Afirealarmisnotloudenoughandthepitchistoolow.Anengineeradjuststhealarmsothatit
",1
0625_s17_qp_23_24,"24  In which way are a bar magnet and an electromagnet similar? 
",70.4301,612.6790352,24,In which way are a bar magnet and an electromagnet similar? A A bar magnet and an electromagnet are always magnetised when stored  B A bar magnet and an electromagnet can both be used to separate magnetic and  non-magnetic materials  C A bar magnet can be made of steel and an electromagnet uses a steel core  D The magnetic field strength of a bar magnet and of an electromagnet can both be varied  ,0625_s17_qp_23,13,410,"Inwhichwayareabarmagnetandanelectromagnetsimilar?
",0
0625_s17_qp_23_25,"25  A magnet near a coil of wire is attracted to the coil only when there is a current in the coil. 
 
",70.43025519,827.3223183,25,A magnet near a coil of wire is attracted to the coil only when there is a current in the coil   Which statement explains this force of attraction? A The coil of wire has its own gravitational field  B The coil of wire is made from soft iron  C The current in the coil of wire creates a magnetic field  D The current in the coil of wire induces a charge on the magnet       © UCLES          /  /M/J/  ,0625_s17_qp_23,13,450,"Amagnetnearacoilofwireisattractedtothecoilonlywhenthereisacurrentinthecoil.

",1
0625_s17_qp_23_26,"26  A steel magnet is placed in a coil and demagnetised. 
 
",70.4301,123.7481184,26,"A steel magnet is placed in a coil and demagnetised   Which type of current is established in the coil, and how is the current changed? A a direct current in the coil, then reduce the current quickly to zero B a direct current in the coil, then reduce the current slowly to zero C an alternating current in the coil, then reduce the current quickly to zero D an alternating current in the coil, then reduce the current slowly to zero ",0625_s17_qp_23,14,450,"Asteelmagnetisplacedinacoilanddemagnetised.

",0
0625_s17_qp_23_27,"27  Which material is a conductor of electricity? 
",70.42839289,320.6571296,27,Which material is a conductor of electricity? A brass B glass C plastic D wood ,0625_s17_qp_23,14,420,"Whichmaterialisaconductorofelectricity?
",0
0625_s17_qp_23_28,"28  The diagrams each show a positive point charge. 
 
",70.42854808,517.3990854,28,The diagrams each show a positive point charge   Which diagram represents the pattern and the direction of the electric field due to the charge?   +A+B+CD+  ,0625_s17_qp_23,14,450,"Thediagramseachshowapositivepointcharge.

",0
0625_s17_qp_23_29,"29  Which quantity is equivalent to 1.0 V? 
",70.43491032,755.3797531,29,Which quantity is equivalent to      V? A      J / C B      kJ  / C C      J / s D      kJ  / s ,0625_s17_qp_23,14,220,"Whichquantityisequivalentto.V?
",0
0625_s17_qp_23_30,"30  A circuit contains a fixed resistor. The potential difference across the resistor is 24.0 V and the 
",70.34910872,842.3394116,30,A circuit contains a fixed resistor  The potential difference across the resistor is       V and the current in the resistor is       A   How much energy is transferred in the resistor in a time of       minutes? A      J B       J C       kJ D       kJ      © UCLES          /  /M/J/   [Turn over,0625_s17_qp_23,14,430,"Acircuitcontainsafixedresistor.Thepotentialdifferenceacrosstheresistoris.Vandthe
",0
0625_s17_qp_23_31,"31  A battery, an ammeter, a switch, a lamp and a resistor are connected together in a circuit. 
 
",70.4301,123.7481184,31,"A battery, an ammeter, a switch, a lamp and a resistor are connected together in a circuit    A   With the switch open, the ammeter reads      A  When the switch is closed, this reading increases to      A   What is the current through the resistor with the switch closed? A    A B      A C      A D      A ",0625_s17_qp_23,15,430,"Abattery,anammeter,aswitch,alampandaresistorareconnectedtogetherinacircuit.

",0
0625_s17_qp_23_32,"32  A student connects a variable potential divider (potentiometer) circuit. 
 
",70.43492984,479.3104333,32,A student connects a variable potential divider (potentiometer) circuit    R S T  V     V   What happens to the reading on the voltmeter as the sliding terminal T is moved from R to S? A It decreases from     V to    V  B It increases from    V to     V  C It remains at    V  D It remains at     V       © UCLES          /  /M/J/  ,0625_s17_qp_23,15,430,"Astudentconnectsavariablepotentialdivider(potentiometer)circuit.

",1
0625_s17_qp_23_33,"33  The diagram shows a circuit used to make a light detector. 
 
",70.4301,123.7481184,33,The diagram shows a circuit used to make a light detector    AXY   One component is connected between X and Y   Which component causes the ammeter reading to increase when the light gets brighter?   A B C D  ,0625_s17_qp_23,16,430,"Thediagramshowsacircuitusedtomakealightdetector.

",0
0625_s17_qp_23_34,"34  A truth table for a type of logic gate is shown. 
 
",70.43370504,503.9150344,34,A truth table for a type of logic gate is shown   input   input   output                         Which type of logic gate is it? A AND B NOR C NOT D OR ,0625_s17_qp_23,16,450,"Atruthtableforatypeoflogicgateisshown.

",0
0625_s17_qp_23_35,"35  In which device is a split-ring commutator used, and what is its purpose? 
 
",70.42699616,793.6409024,35,"In which device is a split-ring commutator used, and what is its purpose?   device purpose  A  a c  generator  to change the direction of the current in the coil as it turns  B  a c  generator  to change the output current from d c  into a c   C  d c  motor  to change the direction of the current in the coil as it turns  D  d c  motor  to change the input current from a c  into d c        © UCLES          /  /M/J/   [Turn over",0625_s17_qp_23,16,450,"Inwhichdeviceisasplit-ringcommutatorused,andwhatisitspurpose?

",0
0625_s17_qp_23_36,"36  What is the purpose of a relay? 
",70.4301,105.9320016,36,What is the purpose of a relay? A to change a large voltage into a small voltage B to change a small voltage into a large voltage C to use a large current to switch on a small current D to use a small current to switch on a large current ,0625_s17_qp_23,17,430,"Whatisthepurposeofarelay?
",1
0625_s17_qp_23_37,"37  When a source of (cid:68)-particles is directed towards a thin metal foil they become scattered. 
 
",70.4301,303.8616658,37,When a source of D-particles is directed towards a thin metal foil they become scattered   Which observation of this experiment provides evidence for a small charged nucleus? A A small proportion of the D-particles come straight back from the foil towards the source  B A small proportion of the D-particles pass straight through the foil  C Some of the D-particles are deflected by an angle of less than    °  D Some of the D-particles follow a curved path after leaving the foil  ,0625_s17_qp_23,17,520,"Whenasourceof(cid:)-particlesisdirectedtowardsathinmetalfoiltheybecomescattered.

",0
0625_s17_qp_23_38,"38  Which description of a neutral atom of copper is correct? 
",70.43165193,508.2391116,38,Which description of a neutral atom of copper is correct? A a nucleus surrounded by electrons B a nucleus surrounded by molecules C electrons surrounded by a nucleus D electrons surrounded by molecules ,0625_s17_qp_23,17,510,"Whichdescriptionofaneutralatomofcopperiscorrect?
",0
0625_s17_qp_23_39,"39  A sample of radioactive isotope is decaying. 
 
",70.43165193,704.9810674,39,A sample of radioactive isotope is decaying   The nuclei of which atoms will decay first? A It is impossible to know because radioactive decay is random  B It is impossible to know unless the age of the material is known  C The atoms near the centre will decay first because they are surrounded by more atoms  D The atoms near the surface will decay first because the radiation can escape more easily       © UCLES          /  /M/J/  ,0625_s17_qp_23,17,520,"Asampleofradioactiveisotopeisdecaying.

",1
0625_s17_qp_23_40,"40  A student determines the half-life of a radioactive isotope. 
 
",70.4301,123.7481184,40,"A student determines the half-life of a radioactive isotope   The student uses a detector over five minutes and plots a graph showing how the count rate shown on the detector varies with time   The count rate due to background radiation is    counts per minute                              count ratecounts / minute time  / minutes  What is the half-life of this isotope? A      minutes B     minutes C     minutes D     minutes      © UCLES          /  /M/J/    BLANK PAGE    Permission to reproduce items where third-party owned material protected by copyright is included has been sought and cleared w here possible  Every reasonable effort has been made by the publisher (UCLES) to trace copyright holders, but if any items requiring clearance have unwittingly been included, the publisher will be pleased to make amends at the earliest possible opportunity   To avoid the issue of disclosure of answer-related information to candidates, all copyright acknowledgements are reproduced onl ine in the Cambridge International Examinations Copyright Acknowledgements Booklet  This is produced for each series of examinations and is freely a vailable to download at www cie org uk after the live examination series   Cambridge International Examinations is part of the Cambridge Assessment Group  Cambridge Assessment is the brand name of Unive rsity of Cambridge Local Examinations Syndicate (UCLES), which is itself a department of the University of Cambridge    © UCLES          /  /M/J/    BLANK PAGE ",0625_s17_qp_23,18,520,"Astudentdeterminesthehalf-lifeofaradioactiveisotope.

",0
0625_w13_qp_11_01,"1  A student uses a ruler to measure the length and the width of a small rectangular metal plate. 
 
",49.60629,87.72133958,1,A student uses a ruler to measure the length and the width of a small rectangular metal plate          cmwidth       cmlengthmetal plate   What is the area of the plate? A       cm  B       cm  C       cm  D       cm  ,0625_w13_qp_11,2,110,"Astudentusesarulertomeasurethelengthandthewidthofasmallrectangularmetalplate.

",0
0625_w13_qp_11_02,"2  The diagram shows the speed / time graph for a train as it travels along a track. 
 
",49.60621688,367.2457296,2,The diagram shows the speed  / time graph for a train as it travels along a track      speed timePQRST   For which part of the graph is the tra in’s speed changing at the greatest rate? A PQ B QR C RS D ST ,0625_w13_qp_11,2,120,"Thediagramshowsthespeed/timegraphforatrainasittravelsalongatrack.

",0
0625_w13_qp_11_03,"3  A small steel ball is dropped from a low balcony. 
 
",49.60665472,590.8152743,3,"A small steel ball is dropped from a low balcony   Ignoring air resistance, which statement describes its motion? A It falls with constant acceleration  B It falls with constant speed  C It falls with decreasing speed  D It falls with increasing acceleration      © UCLES          /  /O/N/   [Turn over",0625_w13_qp_11,2,120,"Asmallsteelballisdroppedfromalowbalcony.

",0
0625_w13_qp_11_04,"4  Which is the unit for force and which is the unit for weight? 
 
",49.60629,87.72133958,4,Which is the unit for force and which is the unit for weight?   force weight  A kg kg  B kg N  C N kg  D N N  ,0625_w13_qp_11,3,130,"Whichistheunitforforceandwhichistheunitforweight?

",0
0625_w13_qp_11_05,"5  A cup contains hot liquid. 
 
",49.60629,243.6556812,5,A cup contains hot liquid   Some of the liquid evaporates   What happens to the mass and to the weight of the liquid in the cup?   mass weight  A decreases decreases  B decreases stays the same  C stays the same decreases  D stays the same stays the same  ,0625_w13_qp_11,3,220,"Acupcontainshotliquid.

",1
0625_w13_qp_11_06,"6  Four  rectangular  blocks,  P,  Q,  R  and  S  are  shown.  Each  block  is  labelled  with  its  size  and  its 
",49.60629,437.0633962,6,"Four rectangular blocks, P, Q, R and S are shown  Each block is labelled with its size and its mass    P      cm     cm    cmQ      cm     cm    cm R      cm     cm    cmS   g     g     g     g      cm     cm    cm   Which two blocks have the same density? A P and Q B P and R C Q and R D R and S    © UCLES          /  /O/N/  ",0625_w13_qp_11,3,151,"Fourrectangularblocks,P,Q,RandSareshown.Eachblockislabelledwithitssizeandits
",0
0625_w13_qp_11_07,"7  A force acting on an object causes some properties of the object to change. 
 
",49.60629,87.72133958,7,"A force acting on an object causes some properties of the object to change   Which list contains only properties that can be changed by the action of the force? A mass, motion and shape B mass, motion and size C mass, shape and size D motion, shape and size ",0625_w13_qp_11,4,152,"Aforceactingonanobjectcausessomepropertiesoftheobjecttochange.

",0
0625_w13_qp_11_08,"8  A box is being moved by a fork-lift truck. The total weight of the box is 3000 N. 
 
",49.60629,239.5449396,8,A box is being moved by a fork-lift truck  The total weight of the box is       N    fork-lift truck box    The force exerted by the fork-lift truck on the box is       N upwards   What is the resultant force on the box? A      N downwards B      N upwards C       N downwards D       N upwards ,0625_w13_qp_11,4,170,"Aboxisbeingmovedbyafork-lifttruck.ThetotalweightoftheboxisN.

",0
0625_w13_qp_11_09,"9  Some energy sources are reliably available at all times, and some are not. 
 
",49.6064529,568.3363378,9,"Some energy sources are reliably available at all times, and some are not   Which row shows three sources all in their correct columns?   available at all times not available at all times  A geothermal nuclear fission, solar   B geothermal, nuclear fission solar  C solar, nuclear fission geothermal  D solar nuclear fission, geothermal      © UCLES          /  /O/N/   [Turn over",0625_w13_qp_11,4,170,"Someenergysourcesarereliablyavailableatalltimes,andsomearenot.

",0
0625_w13_qp_11_10,"10  A woman in a factory has to lift a box on to a shelf. 
 
",49.60629,87.72133958,10,A woman in a factory has to lift a box on to a shelf    boxhigh shelflow shelf   Which action involves the woman in doing the least amount of work? A lifting the box quickly to the high shelf B lifting the box slowly to the high shelf C lifting the box to the low shelf first then lifting it to the high shelf D lifting the box to the low shelf instead of to the high shelf ,0625_w13_qp_11,5,170,"Awomaninafactoryhastoliftaboxontoashelf.

",0
0625_w13_qp_11_11,"11  A drawing pin (thumb tack) has a sharp point and a flat end. 
 
",49.60580781,392.2194169,11,A drawing pin (thumb tack) has a sharp point and a flat end    flat end sharp point   The pin is pushed into a wooden board   How do the pressure and the force at the sharp point compare with the pressure and the force at the flat end?   force at the sharp point pressure at the sharp point  A greater than at the flat end greater than at the flat end  B greater than at the flat end less than at the flat end  C the same as at the flat end greater than at the flat end  D the same as at the flat end less than at the flat end      © UCLES          /  /O/N/  ,0625_w13_qp_11,5,152,"Adrawingpin(thumbtack)hasasharppointandaflatend.

",0
0625_w13_qp_11_12,"12  The diagrams show four divers at the bottom of four different swimming pools. 
 
",49.60629,87.72133958,12,The diagrams show four divers at the bottom of four different swimming pools   Two swimming pools contain fresh water and two contain salt water  Fresh water is less dense than salt water   Which diver feels the least pressure from the water?   ABfreshwaterfreshwaterCDsaltwatersaltwater  ,0625_w13_qp_11,6,180,"Thediagramsshowfourdiversatthebottomoffourdifferentswimmingpools.

",0
0625_w13_qp_11_13,"13  The diagram shows a sealed jar containing a gas. 
 
",49.60789168,342.556066,13,The diagram shows a sealed jar containing a gas    gas   Which statement about the gas in the jar is correct? A The gas molecules collide with the inside of the jar more often as the temperature increases  B The gas molecules move more slowly as the temperature increases  C The pressure of the gas decreases as the temperature increases  D The pressure of the gas is higher at the top of the jar than at the bottom of the jar  ,0625_w13_qp_11,6,210,"Thediagramshowsasealedjarcontainingagas.

",0
0625_w13_qp_11_14,"14  A block of ice cream is prevented from melting by wrapping it in newspaper soaked in water. The 
",49.60679766,596.399736,14,A block of ice cream is prevented from melting by wrapping it in newspaper soaked in water  The water evaporates from the newspaper   Which molecules escape from the water and what happens to the average speed of the water molecules that remain in the newspaper?   escaping molecules average speed of the remaining water molecules  A the less energetic ones decreases  B the less energetic ones increases  C the more energetic ones decreases  D the more energetic ones increases   © UCLES          /  /O/N/   [Turn over,0625_w13_qp_11,6,220,"Ablockoficecreamispreventedfrommeltingbywrappingitinnewspapersoakedinwater.The
",0
0625_w13_qp_11_15,"15  Equal masses of two different liquids are heated using the same heater. The graph shows how 
",49.60629,75.0785688,15,Equal masses of two different liquids are heated  using the same heater  The graph shows how the temperature of each liquid changes with time    temperature  timeliquid  liquid       What does the graph tell us about the liquids? A Liquid   has a higher melting point than liquid    B Liquid   has a higher boiling point than liquid    C Liquid   starts to melt sooner than liquid    D Liquid   starts to boil sooner than liquid    ,0625_w13_qp_11,7,220,"Equalmassesoftwodifferentliquidsareheatedusingthesameheater.Thegraphshowshow
",0
0625_w13_qp_11_16,"16  A wooden wheel can be strengthened by putting a tight circle of iron around it. 
 
",49.60777312,422.8620369,16,A wooden wheel can be strengthened by putting a tight circle of iron around it    wooden wheeliron circle   Which action would make it easier to fit the circle over the wood? A cooling the iron circle B heating the iron circle C heating the wooden wheel and cooling the iron circle D heating the wooden wheel but not heating or cooling the iron circle     © UCLES          /  /O/N/  ,0625_w13_qp_11,7,220,"Awoodenwheelcanbestrengthenedbyputtingatightcircleofironaroundit.

",0
0625_w13_qp_11_17,"17  A man goes into a cold room and switches on a heater. The man then stands one metre away 
",49.60629,75.0785688,17,"A man goes into a cold room and switches on a heater  The man then stands one metre away from the heater  He feels warmer almost immediately    roomheate r   How is thermal energy transferred from the heater to the man so quickly? A by conduction, convection and radiation B by conduction only C by convection only D by radiation only ",0625_w13_qp_11,8,230,"Amangoesintoacoldroomandswitchesonaheater.Themanthenstandsonemetreaway
",0
0625_w13_qp_11_18,"18  A rod is made half of glass and half of copper. Four pins, A, B, C and D are attached to the rod 
",49.60712064,419.206046,18,"A rod is made half of glass and half of copper  Four pins, A, B, C and D are attached to the rod by wax  The rod is heated in the centre as shown   Which pin falls off first?   heatpinApinBpinCpinDglass copper  ",0625_w13_qp_11,8,230,"Arodismadehalfofglassandhalfofcopper.Fourpins,A,B,CandDareattachedtotherod
",0
0625_w13_qp_11_19,"19  Which row shows an example of a transverse wave and an example of a longitudinal wave? 
 
",49.60710928,625.396966,19,Which row shows an example of a transverse wave and an example of a longitudinal wave?   transverse longitudinal  A light radio  B radio sound  C sound water  D water light      © UCLES          /  /O/N/   [Turn over,0625_w13_qp_11,8,310,"Whichrowshowsanexampleofatransversewaveandanexampleofalongitudinalwave?

",0
0625_w13_qp_11_20,"20  A boy throws a small stone into a pond. Waves spread out from where the stone hits the water 
",49.60629,75.0785688,20,A boy throws a small stone into a pond  Waves spread out from where the stone hits the water and travel to the side of the pond   The boy notices that eight waves reach the side of the pond in a time of      s   What is the frequency of the waves? A       Hz B       Hz C      Hz D     Hz ,0625_w13_qp_11,9,310,"Aboythrowsasmallstoneintoapond.Wavesspreadoutfromwherethestonehitsthewater
",0
0625_w13_qp_11_21,"21  The table gives common uses for three types of electromagnetic wave. 
 
",49.6069928,212.5600478,21,The table gives common uses for three types of electromagnetic wave   Which row correctly identifies the waves?   satellite television terrestrial television (not satellite) television remote controllers  A infra-red waves microwaves radio waves  B microwaves radio waves infra-red waves  C radio waves infra-red waves microwaves  D radio waves microwaves infra-red waves  ,0625_w13_qp_11,9,330,"Thetablegivescommonusesforthreetypesofelectromagneticwave.

",0
0625_w13_qp_11_22,"22  The diagram shows a ray of light passing through a semicircular glass block into air. 
 
",49.60629,408.405377,22,The diagram shows a ray of light passing through a semicircular glass block into air    Pray oflightglassair   Which row gives the correct name for angle P and states how angle P compares with the critical angle?   name of angle P angle P compared with the critical angle  A angle of incidence larger than the critical angle  B angle of incidence smaller than the critical angle  C angle of refraction larger than the critical angle  D angle of refraction smaller than the critical angle     © UCLES          /  /O/N/  ,0625_w13_qp_11,9,320,"Thediagramshowsarayoflightpassingthroughasemicircularglassblockintoair.

",0
0625_w13_qp_11_23,"23  Which diagram shows how an image of an object is formed on a screen by a converging lens? 
 
",49.60629,87.72133958,23,Which diagram shows how an image of an object is formed on a screen by a converging lens?   screenobject  × focal lengthA screenobject  × focal length focal length focal lengthB screenobjectC screenobjectD  ,0625_w13_qp_11,10,320,"Whichdiagramshowshowanimageofanobjectisformedonascreenbyaconverginglens?

",0
0625_w13_qp_11_24,"24  When the volcano Krakatoa erupted in 1883, it was heard 5000 km away. 
 
",49.6068076,612.3008296,24,"When the volcano Krakatoa erupted in     , it was heard       km away   Which statement about the sound from the volcano is not correct? A If such a loud sound were to be made today, an astronaut orbiting in space (a vacuum) at a height of      km could hear it  B People further from the volcano heard the so und later than people nearer to the volcano  C The amplitude of the sound waves would have been smaller further from the volcano  D The sound was very loud because a lot of energy was transferred to vibrations of the air       © UCLES          /  /O/N/   [Turn over",0625_w13_qp_11,10,340,"WhenthevolcanoKrakatoaeruptedin,itwasheardkmaway.

",0
0625_w13_qp_11_25,"25  A loudspeaker on a boat produces a pulse of sound in the sea. The echo of the pulse is received 
",49.60629,75.0785688,25,"A loudspeaker on a boat produces a pulse of sound in the sea  The echo of the pulse is received back at the boat after      s  The depth of the sea under the boat is       m    pulse ofsoundsea bedboat (not to scale)   From this information, what is the speed of sound in the sea water? A      m  / s B      m  / s C       m  / s D       m  / s ",0625_w13_qp_11,11,340,"Aloudspeakeronaboatproducesapulseofsoundinthesea.Theechoofthepulseisreceived
",0
0625_w13_qp_11_26,"26  A hard magnetic material can be used to make a permanent magnet. 
 
 
 
  Which row shows whether iron and steel are hard or soft magnetic materials? 
 
",49.6071028,390.4917209,26,A hard magnetic material can be used to make a permanent magnet    A soft magnetic material can be used to make a temporary magnet    Which row shows whether iron and steel are hard or soft magnetic materials?   iron steel  A hard hard  B hard soft  C soft hard  D soft soft  ,0625_w13_qp_11,11,410,"Ahardmagneticmaterialcanbeusedtomakeapermanentmagnet.



Whichrowshowswhetherironandsteelarehardorsoftmagneticmaterials?

",0
0625_w13_qp_11_27,"27  How can a permanent magnet be demagnetised? 
",49.60629,533.8098862,27,How can a permanent magnet be demagnetised? A cool the magnet for a long time B hit the magnet repeatedly with a hammer C leave the magnet in a coil which is connected to a battery D shine bright light onto the magnet ,0625_w13_qp_11,11,410,"Howcanapermanentmagnetbedemagnetised?
",0
0625_w13_qp_11_28,"28  Which equation can be used to calculate the resistance R of a resistor? 
",49.60629,660.3490079,28,Which equation can be used to calculate the resistance R of a resistor? A V = I ÷ R B I = V × R C R = V × I D V = I × R      © UCLES          /  /O/N/  ,0625_w13_qp_11,11,430,"WhichequationcanbeusedtocalculatetheresistanceRofaresistor?
",0
0625_w13_qp_11_29,"29  A  student  wishes  to  measure  first  the  electromotive  force  (e.m.f.)  of  a  battery,  and  then  the 
",49.60629,75.0785688,29,"A student wishes to measure first the electromotive force (e m f ) of a battery, and then the potential difference (p d ) across a resistor   She has the resistor, the battery and some connecting wires   What else does she need? A a force meter (newton meter) and a voltmeter B an ammeter and a voltmeter C an ammeter only D a voltmeter only ",0625_w13_qp_11,12,430,"Astudentwishestomeasurefirsttheelectromotiveforce(e.m.f.)ofabattery,andthenthe
",0
0625_w13_qp_11_30,"30  Two  similar  balloons  hang  side  by  side,  on  insulating  threads,  a  short  distance  apart.  They  are 
",49.60618002,264.8610201,30,"Two similar balloons hang side by side, on insulating threads, a short distance apart  They are both rubbed with the same dry cloth and become charged   Which diagram shows how the balloons hang after charging?   A D B C  ",0625_w13_qp_11,12,420,"Twosimilarballoonshangsidebyside,oninsulatingthreads,ashortdistanceapart.Theyare
",0
0625_w13_qp_11_31,"31  When the thermistor in the circuit below is heated, the current in the lamp increases. 
 
",49.60712922,478.052166,31,"When the thermistor in the circuit below is heated, the current in the lamp increases      Why does this happen? A The resistance of the lamp decreases  B The resistance of the lamp increases  C The resistance of the thermistor decreases  D The resistance of the thermistor increases       © UCLES          /  /O/N/   [Turn over",0625_w13_qp_11,12,430,"Whenthethermistorinthecircuitbelowisheated,thecurrentinthelampincreases.

",0
0625_w13_qp_11_32,"32  A student connects various resistors in parallel pairs. 
 
",49.60629,87.72133958,32,A student connects various resistors in parallel pairs   Underneath each diagram is a statement about the total resistance of each pair of resistors   Which statement is correct?     ΩAThe total resistance is    Ω   Ω  ΩBThe total resistance is between    Ω and    Ω   Ω     ΩCThe total resistance is less than    Ω   Ω    ΩDThe total resistance is more than     Ω    Ω  ,0625_w13_qp_11,13,430,"Astudentconnectsvariousresistorsinparallelpairs.

",0
0625_w13_qp_11_33,"33  The circuit shown contains a relay. 
 
 
",49.60771882,441.5705268,33,"The circuit shown contains a relay   Both lamps are initially off    lamp  lamp  switch S relay   When switch S is closed, the relay operates  What is the state of the lamps?   lamp   lamp  A on on  B on off  C off on  D off off       © UCLES          /  /O/N/  ",0625_w13_qp_11,13,430,"Thecircuitshowncontainsarelay.


",0
0625_w13_qp_11_34,"34  The  diagram  shows  the  connections  to  an  electric  heater.  Three  fuses  have  been  added  to  the 
",49.60629,75.0785688,34,"The diagram shows the connections to an electric heater  Three fuses have been added to the circuit    fuse  fuse  fuse   heate rplasticcase liveneutralheating element   Which of the fuses are correctly placed? A fuse  , fuse   and fuse   B fuse   and fuse   only C fuse   only D fuse   only ",0625_w13_qp_11,14,440,"Thediagramshowstheconnectionstoanelectricheater.Threefuseshavebeenaddedtothe
",0
0625_w13_qp_11_35,"35  Which diagram shows a movement that will not produce the changing magnetic field needed to 
",49.60707354,413.1953603,35,Which diagram shows a movement that will not produce the changing magnetic field needed to induce an e m f  in the coil?   NS NS NS NSA B C D moving a magnet and a coil towards each otherat the same speedmoving a magnet and a coil in the same directionat the same speedmoving a magnet away from a fixed coilmoving a coil away from a fixed magnet      © UCLES          /  /O/N/   [Turn over,0625_w13_qp_11,14,450,"Whichdiagramshowsamovementthatwillnotproducethechangingmagneticfieldneededto
",0
0625_w13_qp_11_36,"36  The diagram shows a simple d.c. electric motor which is rotating. 
 
",49.60629,87.72133958,36,The diagram shows a simple d c  electric motor which is rotating    SN magnet magnet coil   Which change will make the motor rotate more quickly? A increasing the number of turns on the coil B removing the magnets C reversing the battery D reversing the polarity of the magnets ,0625_w13_qp_11,15,450,"Thediagramshowsasimpled.c.electricmotorwhichisrotating.

",0
0625_w13_qp_11_37,"37  A transformer is needed to convert a supply of 240 V a.c. into 4800 V a.c. 
 
",49.60662616,398.2000296,37,"A transformer is needed to convert a supply of      V a c  into       V a c    NPNS      V a c        V a c    Which pair of coils would be suitable for this transformer?   number of turns on primary coil N P number of turns on secondary coil N S  A          B              C       D                   Permission to reproduce items where thir d-party owned material protected by copyright is included has been sought and cleared w here possible  Every reasonable effort has been made by the publisher (UCLES) to trace copyright holder s, but if any items requiring clearance have unwittingly been included, the publisher will be pleased to make amends at the earliest possible opportunity   Cambridge International Examinations is part of the Cambridge Asse ssment Group  Cambridge Assessment is the brand name of Unive rsity of Cambridge Local Examinations Syndicate (UCLES), which is itself a department of the University of Cambridge    © UCLES          /  /O/N/  ",0625_w13_qp_11,15,450,"AtransformerisneededtoconvertasupplyofVa.c.intoVa.c.

",0
0625_w13_qp_11_38,"38  The diagram shows a cathode-ray tube used to produce cathode rays. 
 
",49.60629,87.72133958,38,The diagram shows a cathode-ray tube used to produce cathode rays    ––++current Ianodefilament(cathode) metalplatescathode-ray tube powersupply   Which change would increase the deflection of the cathode rays? A decreasing the current I in the filament B increasing the current I in the filament C increasing the potential difference between the filament and the anode D increasing the potential difference between the metal plates ,0625_w13_qp_11,16,450,"Thediagramshowsacathode-raytubeusedtoproducecathoderays.

",0
0625_w13_qp_11_39,"39  A  radioactive  substance  emits  a  particle  from  the  nucleus  of  one  of  its  atoms.  The  particle 
",49.60557923,416.0297459,39,A radioactive substance emits a particle from the nucleus of one of its atoms  The particle consists of two protons and two neutrons   What is the name of this process? A α-emission B β-emission C γ-emission D nuclear fission ,0625_w13_qp_11,16,520,"Aradioactivesubstanceemitsaparticlefromthenucleusofoneofitsatoms.Theparticle
",0
0625_w13_qp_11_40,"40  A nucleus X has 17 protons and 18 neutrons. 
 
",49.60447939,595.6625436,40,A nucleus X has    protons and    neutrons   Which notation is correct for this nucleus? A  X     B X     C X     D X        ,0625_w13_qp_11,16,510,"AnucleusXhasprotonsandneutrons.

",0
0625_w13_qp_12_01,"1  The diagram shows the speed / time graph for a train as it travels along a track. 
 
",49.60621688,87.72133958,1,The diagram shows the speed  / time graph for a train as it travels along a track      speed timePQRST   For which part of the graph is the tra in’s speed changing at the greatest rate? A PQ B QR C RS D ST ,0625_w13_qp_12,2,120,"Thediagramshowsthespeed/timegraphforatrainasittravelsalongatrack.

",1
0625_w13_qp_12_02,"2  A student uses a ruler to measure the length and the width of a small rectangular metal plate. 
 
",49.60665472,311.2624643,2,A student uses a ruler to measure the length and the width of a small rectangular metal plate          cmwidth       cmlengthmetal plate   What is the area of the plate? A       cm  B       cm  C       cm  D       cm  ,0625_w13_qp_12,2,110,"Astudentusesarulertomeasurethelengthandthewidthofasmallrectangularmetalplate.

",1
0625_w13_qp_12_03,"3  A small steel ball is dropped from a low balcony. 
 
",49.6075216,590.8150378,3,"A small steel ball is dropped from a low balcony   Ignoring air resistance, which statement describes its motion? A It falls with constant acceleration  B It falls with constant speed  C It falls with decreasing speed  D It falls with increasing acceleration      © UCLES          /  /O/N/   [Turn over",0625_w13_qp_12,2,120,"Asmallsteelballisdroppedfromalowbalcony.

",1
0625_w13_qp_12_04,"4  Four  rectangular  blocks,  P,  Q,  R  and  S  are  shown.  Each  block  is  labelled  with  its  size  and  its 
",49.60629,75.0785688,4,"Four rectangular blocks, P, Q, R and S are shown  Each block is labelled with its size and its mass    P      cm     cm    cmQ      cm     cm    cm R      cm     cm    cmS   g     g     g     g      cm     cm    cm   Which two blocks have the same density? A P and Q B P and R C Q and R D R and S ",0625_w13_qp_12,3,151,"Fourrectangularblocks,P,Q,RandSareshown.Eachblockislabelledwithitssizeandits
",1
0625_w13_qp_12_05,"5  Which is the unit for force and which is the unit for weight? 
 
",49.60662339,447.9207743,5,Which is the unit for force and which is the unit for weight?   force weight  A kg kg  B kg N  C N kg  D N N  ,0625_w13_qp_12,3,130,"Whichistheunitforforceandwhichistheunitforweight?

",1
0625_w13_qp_12_06,"6  A cup contains hot liquid. 
 
",49.60629,603.854267,6,A cup contains hot liquid   Some of the liquid evaporates   What happens to the mass and to the weight of the liquid in the cup?   mass weight  A decreases decreases  B decreases stays the same  C stays the same decreases  D stays the same stays the same     © UCLES          /  /O/N/  ,0625_w13_qp_12,3,220,"Acupcontainshotliquid.

",1
0625_w13_qp_12_07,"7  A box is being moved by a fork-lift truck. The total weight of the box is 3000 N. 
 
",49.60629,87.72133958,7,A box is being moved by a fork-lift truck  The total weight of the box is       N    fork-lift truck box    The force exerted by the fork-lift truck on the box is       N upwards   What is the resultant force on the box? A      N downwards B      N upwards C       N downwards D       N upwards ,0625_w13_qp_12,4,170,"Aboxisbeingmovedbyafork-lifttruck.ThetotalweightoftheboxisN.

",1
0625_w13_qp_12_08,"8  A force acting on an object causes some properties of the object to change. 
 
",49.6064529,416.5127478,8,"A force acting on an object causes some properties of the object to change   Which list contains only properties that can be changed by the action of the force? A mass, motion and shape B mass, motion and size C mass, shape and size D motion, shape and size ",0625_w13_qp_12,4,152,"Aforceactingonanobjectcausessomepropertiesoftheobjecttochange.

",1
0625_w13_qp_12_09,"9  Some energy sources are reliably available at all times, and some are not. 
 
",49.6064529,568.3384008,9,"Some energy sources are reliably available at all times, and some are not   Which row shows three sources all in their correct columns?   available at all times not available at all times  A geothermal nuclear fission, solar   B geothermal, nuclear fission solar  C solar, nuclear fission geothermal  D solar nuclear fission, geothermal      © UCLES          /  /O/N/   [Turn over",0625_w13_qp_12,4,170,"Someenergysourcesarereliablyavailableatalltimes,andsomearenot.

",1
0625_w13_qp_12_10,"10  A woman in a factory has to lift a box on to a shelf. 
 
",49.60629,87.72133958,10,A woman in a factory has to lift a box on to a shelf    boxhigh shelflow shelf   Which action involves the woman in doing the least amount of work? A lifting the box quickly to the high shelf B lifting the box slowly to the high shelf C lifting the box to the low shelf first then lifting it to the high shelf D lifting the box to the low shelf instead of to the high shelf ,0625_w13_qp_12,5,170,"Awomaninafactoryhastoliftaboxontoashelf.

",1
0625_w13_qp_12_11,"11  A drawing pin (thumb tack) has a sharp point and a flat end. 
 
",49.60580781,392.2194169,11,A drawing pin (thumb tack) has a sharp point and a flat end    flat end sharp point   The pin is pushed into a wooden board   How do the pressure and the force at the sharp point compare with the pressure and the force at the flat end?   force at the sharp point pressure at the sharp point  A greater than at the flat end greater than at the flat end  B greater than at the flat end less than at the flat end  C the same as at the flat end greater than at the flat end  D the same as at the flat end less than at the flat end      © UCLES          /  /O/N/  ,0625_w13_qp_12,5,152,"Adrawingpin(thumbtack)hasasharppointandaflatend.

",1
0625_w13_qp_12_12,"12  The diagrams show four divers at the bottom of four different swimming pools. 
 
",49.60629,87.72133958,12,The diagrams show four divers at the bottom of four different swimming pools   Two swimming pools contain fresh water and two contain salt water  Fresh water is less dense than salt water   Which diver feels the least pressure from the water?   ABfreshwaterfreshwaterCDsaltwatersaltwater  ,0625_w13_qp_12,6,180,"Thediagramsshowfourdiversatthebottomoffourdifferentswimmingpools.

",1
0625_w13_qp_12_13,"13  A block of ice cream is prevented from melting by wrapping it in newspaper soaked in water. The 
",49.60728352,329.9132953,13,A block of ice cream is prevented from melting by wrapping it in newspaper soaked in water  The water evaporates from the newspaper   Which molecules escape from the water and what happens to the average speed of the water molecules that remain in the newspaper?   escaping molecules average speed of the remaining water molecules  A the less energetic ones decreases  B the less energetic ones increases  C the more energetic ones decreases  D the more energetic ones increases  ,0625_w13_qp_12,6,220,"Ablockoficecreamispreventedfrommeltingbywrappingitinnewspapersoakedinwater.The
",1
0625_w13_qp_12_14,"14  The diagram shows a sealed jar containing a gas. 
 
",49.60629,563.262057,14,The diagram shows a sealed jar containing a gas    gas   Which statement about the gas in the jar is correct? A The gas molecules collide with the inside of the jar more often as the temperature increases  B The gas molecules move more slowly as the temperature increases  C The pressure of the gas decreases as the temperature increases  D The pressure of the gas is higher at the top of the jar than at the bottom of the jar    © UCLES          /  /O/N/   [Turn over,0625_w13_qp_12,6,210,"Thediagramshowsasealedjarcontainingagas.

",1
0625_w13_qp_12_15,"15  Equal masses of two different liquids are heated using the same heater. The graph shows how 
",49.60629,75.0785688,15,Equal masses of two different liquids are heated using the same heater  The graph shows how the temperature of each liquid changes with time    temperature  timeliquid  liquid       What does the graph tell us about the liquids? A Liquid   has a higher melting point than liquid    B Liquid   has a higher boiling point than liquid    C Liquid   starts to melt sooner than liquid    D Liquid   starts to boil sooner than liquid    ,0625_w13_qp_12,7,220,"Equalmassesoftwodifferentliquidsareheatedusingthesameheater.Thegraphshowshow
",1
0625_w13_qp_12_16,"16  A wooden wheel can be strengthened by putting a tight circle of iron around it. 
 
",49.60716496,422.8620369,16,A wooden wheel can be strengthened by putting a tight circle of iron around it    wooden wheeliron circle   Which action would make it easier to fit the circle over the wood? A cooling the iron circle B heating the iron circle C heating the wooden wheel and cooling the iron circle D heating the wooden wheel but not heating or cooling the iron circle     © UCLES          /  /O/N/  ,0625_w13_qp_12,7,220,"Awoodenwheelcanbestrengthenedbyputtingatightcircleofironaroundit.

",1
0625_w13_qp_12_17,"17  A rod is made half of glass and half of copper. Four pins, A, B, C and D are attached to the rod 
",49.60629,75.0785688,17,"A rod is made half of glass and half of copper  Four pins, A, B, C and D are attached to the rod by wax  The rod is heated in the centre as shown   Which pin falls off first?   heatpinApinBpinCpinDglass copper  ",0625_w13_qp_12,8,230,"Arodismadehalfofglassandhalfofcopper.Fourpins,A,B,CandDareattachedtotherod
",1
0625_w13_qp_12_18,"18  A man goes into a cold room and switches on a heater. The man then stands one metre away 
",49.60710928,268.5998094,18,"A man goes into a cold room and switches on a heater  The man then stands one metre away from the heater  He feels warmer almost immediately    roomheate r   How is thermal energy transferred from the heater to the man so quickly? A by conduction, convection and radiation B by conduction only C by convection only D by radiation only ",0625_w13_qp_12,8,230,"Amangoesintoacoldroomandswitchesonaheater.Themanthenstandsonemetreaway
",1
0625_w13_qp_12_19,"19  Which row shows an example of a transverse wave and an example of a longitudinal wave? 
 
",49.60712064,625.3983168,19,Which row shows an example of a transverse wave and an example of a longitudinal wave?   transverse longitudinal  A light radio  B radio sound  C sound water  D water light      © UCLES          /  /O/N/   [Turn over,0625_w13_qp_12,8,310,"Whichrowshowsanexampleofatransversewaveandanexampleofalongitudinalwave?

",1
0625_w13_qp_12_20,"20  The diagram shows a ray of light passing through a semicircular glass block into air. 
 
",49.60629,87.72133958,20,The diagram shows a ray of light passing through a semicircular glass block into air    Pray oflightglassair   Which row gives the correct name for angle P and states how angle P compares with the critical angle?   name of angle P angle P compared with the critical angle  A angle of incidence larger than the critical angle  B angle of incidence smaller than the critical angle  C angle of refraction larger than the critical angle  D angle of refraction smaller than the critical angle  ,0625_w13_qp_12,9,320,"Thediagramshowsarayoflightpassingthroughasemicircularglassblockintoair.

",1
0625_w13_qp_12_21,"21  A boy throws a small stone into a pond. Waves spread out from where the stone hits the water 
",49.60629,477.7689962,21,A boy throws a small stone into a pond  Waves spread out from where the stone hits the water and travel to the side of the pond   The boy notices that eight waves reach the side of the pond in a time of      s   What is the frequency of the waves? A       Hz B       Hz C      Hz D     Hz ,0625_w13_qp_12,9,310,"Aboythrowsasmallstoneintoapond.Wavesspreadoutfromwherethestonehitsthewater
",1
0625_w13_qp_12_22,"22  The table gives common uses for three types of electromagnetic wave. 
 
",49.6069928,615.2497378,22,The table gives common uses for three types of electromagnetic wave   Which row correctly identifies the waves?   satellite television terrestrial television (not satellite) television remote controllers  A infra-red waves microwaves radio waves  B microwaves radio waves infra-red waves  C radio waves infra-red waves microwaves  D radio waves microwaves infra-red waves     © UCLES          /  /O/N/  ,0625_w13_qp_12,9,330,"Thetablegivescommonusesforthreetypesofelectromagneticwave.

",1
0625_w13_qp_12_23,"23  Which diagram shows how an image of an object is formed on a screen by a converging lens? 
 
",49.60629,87.72133958,23,Which diagram shows how an image of an object is formed on a screen by a converging lens?   screenobject  × focal lengthA screenobject  × focal length focal length focal lengthB screenobjectC screenobjectD  ,0625_w13_qp_12,10,320,"Whichdiagramshowshowanimageofanobjectisformedonascreenbyaconverginglens?

",1
0625_w13_qp_12_24,"24  When the volcano Krakatoa erupted in 1883, it was heard 5000 km away. 
 
",49.6068076,612.3008296,24,"When the volcano Krakatoa erupted in     , it was heard       km away   Which statement about the sound from the volcano is not correct? A If such a loud sound were to be made today, an astronaut orbiting in space (a vacuum) at a height of      km could hear it  B People further from the volcano heard the so und later than people nearer to the volcano  C The amplitude of the sound waves would have been smaller further from the volcano  D The sound was very loud because a lot of energy was transferred to vibrations of the air       © UCLES          /  /O/N/   [Turn over",0625_w13_qp_12,10,340,"WhenthevolcanoKrakatoaeruptedin,itwasheardkmaway.

",1
0625_w13_qp_12_25,"25  A loudspeaker on a boat produces a pulse of sound in the sea. The echo of the pulse is received 
",49.60629,75.0785688,25,"A loudspeaker on a boat produces a pulse of sound in the sea  The echo of the pulse is received back at the boat after      s  The depth of the sea under the boat is       m    pulse ofsoundsea bedboat (not to scale)   From this information, what is the speed of sound in the sea water? A      m  / s B      m  / s C       m  / s D       m  / s ",0625_w13_qp_12,11,340,"Aloudspeakeronaboatproducesapulseofsoundinthesea.Theechoofthepulseisreceived
",1
0625_w13_qp_12_26,"26  How can a permanent magnet be demagnetised? 
",49.6071028,327.2493812,26,How can a permanent magnet be demagnetised? A cool the magnet for a long time B hit the magnet repeatedly with a hammer C leave the magnet in a coil which is connected to a battery D shine bright light onto the magnet ,0625_w13_qp_12,11,410,"Howcanapermanentmagnetbedemagnetised?
",1
0625_w13_qp_12_27,"27  A hard magnetic material can be used to make a permanent magnet. 
 
 
 
  Which row shows whether iron and steel are hard or soft magnetic materials? 
 
",49.6071028,517.0595484,27,A hard magnetic material can be used to make a permanent magnet    A soft magnetic material can be used to make a temporary magnet    Which row shows whether iron and steel are hard or soft magnetic materials?   iron steel  A hard hard  B hard soft  C soft hard  D soft soft  ,0625_w13_qp_12,11,410,"Ahardmagneticmaterialcanbeusedtomakeapermanentmagnet.



Whichrowshowswhetherironandsteelarehardorsoftmagneticmaterials?

",1
0625_w13_qp_12_28,"28  Which equation can be used to calculate the resistance R of a resistor? 
",49.60629,660.3484962,28,Which equation can be used to calculate the resistance R of a resistor? A V = I ÷ R B I = V × R C R = V × I D V = I × R      © UCLES          /  /O/N/  ,0625_w13_qp_12,11,430,"WhichequationcanbeusedtocalculatetheresistanceRofaresistor?
",1
0625_w13_qp_12_29,"29  A  student  wishes  to  measure  first  the  electromotive  force  (e.m.f.)  of  a  battery,  and  then  the 
",49.60629,75.0785688,29,"A student wishes to measure first the electromotive force (e m f ) of a battery, and then the potential difference (p d ) across a resistor   She has the resistor, the battery and some connecting wires   What else does she need? A a force meter (newton meter) and a voltmeter B an ammeter and a voltmeter C an ammeter only D a voltmeter only ",0625_w13_qp_12,12,430,"Astudentwishestomeasurefirsttheelectromotiveforce(e.m.f.)ofabattery,andthenthe
",1
0625_w13_qp_12_30,"30  When the thermistor in the circuit below is heated, the current in the lamp increases. 
 
",49.60618002,277.5037908,30,"When the thermistor in the circuit below is heated, the current in the lamp increases      Why does this happen? A The resistance of the lamp decreases  B The resistance of the lamp increases  C The resistance of the thermistor decreases  D The resistance of the thermistor increases  ",0625_w13_qp_12,12,430,"Whenthethermistorinthecircuitbelowisheated,thecurrentinthelampincreases.

",1
0625_w13_qp_12_31,"31  Two  similar  balloons  hang  side  by  side,  on  insulating  threads,  a  short  distance  apart.  They  are 
",49.60728078,529.3309802,31,"Two similar balloons hang side by side, on insulating threads, a short distance apart  They are both rubbed with the same dry cloth and become charged   Which diagram shows how the balloons hang after charging?   A D B C       © UCLES          /  /O/N/   [Turn over",0625_w13_qp_12,12,420,"Twosimilarballoonshangsidebyside,oninsulatingthreads,ashortdistanceapart.Theyare
",1
0625_w13_qp_12_32,"32  The circuit shown contains a relay. 
 
 
",49.60629,100.3641104,32,"The circuit shown contains a relay   Both lamps are initially off    lamp  lamp  switch S relay   When switch S is closed, the relay operates  What is the state of the lamps?   lamp   lamp  A on on  B on off  C off on  D off off  ",0625_w13_qp_12,13,430,"Thecircuitshowncontainsarelay.


",1
0625_w13_qp_12_33,"33  A student connects various resistors in parallel pairs. 
 
",49.60629,420.254267,33,A student connects various resistors in parallel pairs   Underneath each diagram is a statement about the total resistance of each pair of resistors   Which statement is correct?     ΩAThe total resistance is    Ω   Ω  ΩBThe total resistance is between    Ω and    Ω   Ω     ΩCThe total resistance is less than    Ω   Ω    ΩDThe total resistance is more than     Ω    Ω       © UCLES          /  /O/N/  ,0625_w13_qp_12,13,430,"Astudentconnectsvariousresistorsinparallelpairs.

",1
0625_w13_qp_12_34,"34  Which diagram shows a movement that will not produce the changing magnetic field needed to 
",49.60629,75.0785688,34,Which diagram shows a movement that will not produce the changing magnetic field needed to induce an e m f  in the coil?   NS NS NS NSA B C D moving a magnet and a coil towards each otherat the same speedmoving a magnet and a coil in the same directionat the same speedmoving a magnet away from a fixed coilmoving a coil away from a fixed magnet  ,0625_w13_qp_12,14,450,"Whichdiagramshowsamovementthatwillnotproducethechangingmagneticfieldneededto
",1
0625_w13_qp_12_35,"35  The  diagram  shows  the  connections  to  an  electric  heater.  Three  fuses  have  been  added  to  the 
",49.60779954,465.3242953,35,"The diagram shows the connections to an electric heater  Three fuses have been added to the circuit    fuse  fuse  fuse   heate rplasticcase liveneutralheating element   Which of the fuses are correctly placed? A fuse  , fuse   and fuse   B fuse   and fuse   only C fuse   only D fuse   only     © UCLES          /  /O/N/   [Turn over",0625_w13_qp_12,14,440,"Thediagramshowstheconnectionstoanelectricheater.Threefuseshavebeenaddedtothe
",1
0625_w13_qp_12_36,"36  A transformer is needed to convert a supply of 240 V a.c. into 4800 V a.c. 
 
",49.60629,87.72133958,36,A transformer is needed to convert a supply of      V a c  into       V a c    NPNS      V a c        V a c    Which pair of coils would be suitable for this transformer?   number of turns on primary coil N P number of turns on secondary coil N S  A          B              C       D           ,0625_w13_qp_12,15,450,"AtransformerisneededtoconvertasupplyofVa.c.intoVa.c.

",1
0625_w13_qp_12_37,"37  The diagram shows a simple d.c. electric motor which is rotating. 
 
",49.60629,352.761267,37,"The diagram shows a simple d c  electric motor which is rotating    SN magnet magnet coil   Which change will make the motor rotate more quickly? A increasing the number of turns on the coil B removing the magnets C reversing the battery D reversing the polarity of the magnets         Permission to reproduce items where thir d-party owned material protected by copyright is included has been sought and cleared w here possible  Every reasonable effort has been made by the publisher (UCLES) to trace copyright holder s, but if any items requiring clearance have unwittingly been included, the publisher will be pleased to make amends at the earliest possible opportunity   Cambridge International Examinations is part of the Cambridge Asse ssment Group  Cambridge Assessment is the brand name of Unive rsity of Cambridge Local Examinations Syndicate (UCLES), which is itself a department of the University of Cambridge    © UCLES          /  /O/N/  ",0625_w13_qp_12,15,450,"Thediagramshowsasimpled.c.electricmotorwhichisrotating.

",1
0625_w13_qp_12_38,"38  A  radioactive  substance  emits  a  particle  from  the  nucleus  of  one  of  its  atoms.  The  particle 
",49.60629,75.0785688,38,A radioactive substance emits a particle from the nucleus of one of its atoms  The particle consists of two protons and two neutrons   What is the name of this process? A α-emission B β-emission C γ-emission D nuclear fission ,0625_w13_qp_12,16,520,"Aradioactivesubstanceemitsaparticlefromthenucleusofoneofitsatoms.Theparticle
",1
0625_w13_qp_12_39,"39  A nucleus X has 17 protons and 18 neutrons. 
 
",49.60519016,254.6831007,39,A nucleus X has    protons and    neutrons   Which notation is correct for this nucleus? A  X     B X     C X     D X     ,0625_w13_qp_12,16,510,"AnucleusXhasprotonsandneutrons.

",1
0625_w13_qp_12_40,"40  The diagram shows a cathode-ray tube used to produce cathode rays. 
 
",49.60733296,346.921406,40,The diagram shows a cathode-ray tube used to produce cathode rays    ––++current Ianodefilament(cathode) metalplatescathode-ray tube powersupply   Which change would increase the deflection of the cathode rays? A decreasing the current I in the filament B increasing the current I in the filament C increasing the potential difference between the filament and the anode D increasing the potential difference between the metal plates    ,0625_w13_qp_12,16,450,"Thediagramshowsacathode-raytubeusedtoproducecathoderays.

",1
0625_w13_qp_13_01,"1  A cyclist rides round a track three times. 
 
",49.60629,87.72133958,1,"A cyclist rides round a track three times      Her friend uses a stopwatch to record the time at the start of the ride, after one circuit, and at the end of the three circuits  The readings from the stopwatch are shown    at thestartafterone circuit at the end ofthree circuits   What is the average time for one circuit of the track? A      s B      s C      s D      s ",0625_w13_qp_13,2,110,"Acyclistridesroundatrackthreetimes.

",0
0625_w13_qp_13_02,"2  The graph shows how the distance travelled by a vehicle changes with time. 
 
",49.60698352,411.8639378,2,The graph shows how the distance travelled by a vehicle changes with time      distance timePQRS   Which row describes the speed of the vehicle in each section of the graph?   P to Q Q to R R to S  A constant zero constant  B constant zero decreasing  C increasing constant decreasing  D increasing zero decreasing      © UCLES          /  /O/N/   [Turn over,0625_w13_qp_13,2,120,"Thegraphshowshowthedistancetravelledbyavehiclechangeswithtime.

",0
0625_w13_qp_13_03,"3  A small steel ball is dropped from a low balcony. 
 
",49.60629,87.72133958,3,"A small steel ball is dropped from a low balcony   Ignoring air resistance, which statement describes its motion? A It falls with constant acceleration  B It falls with constant speed  C It falls with decreasing speed  D It falls with increasing acceleration  ",0625_w13_qp_13,3,120,"Asmallsteelballisdroppedfromalowbalcony.

",1
0625_w13_qp_13_04,"4  Which is the unit for force and which is the unit for weight? 
 
",49.60629,239.5469926,4,Which is the unit for force and which is the unit for weight?   force weight  A kg kg  B kg N  C N kg  D N N  ,0625_w13_qp_13,3,130,"Whichistheunitforforceandwhichistheunitforweight?

",1
0625_w13_qp_13_05,"5  A cup contains hot liquid. 
 
",49.60629,395.507777,5,A cup contains hot liquid   Some of the liquid evaporates   What happens to the mass and to the weight of the liquid in the cup?   mass weight  A decreases decreases  B decreases stays the same  C stays the same decreases  D stays the same stays the same      © UCLES          /  /O/N/  ,0625_w13_qp_13,3,220,"Acupcontainshotliquid.

",1
0625_w13_qp_13_06,"6  A student is given four different objects and a metre rule. 
 
",49.60629,87.72133958,6,"A student is given four different objects and a metre rule   Each object has a known mass  She is asked to determine the densities of the materials from which the four objects are made   The objects are a copper cylinder, a glass cube, a steel spanner and a stone tile    copper glass steel stone  Using only the metre rule, she is able to find the densities of only three of the four materials   Which three materials are these? A copper, glass and steel B copper, glass and stone C copper, steel and stone D glass, steel and stone ",0625_w13_qp_13,4,110,"Astudentisgivenfourdifferentobjectsandametrerule.

",0
0625_w13_qp_13_07,"7  The diagrams show a steel spring and a graph of its length against the load applied to it. 
 
",49.60781024,431.1113784,7,The diagrams show a steel spring and a graph of its length against the load applied to it    loadlengthsteel spring                        load  / N     length  / cm   What is the extension of the spring when a load of     N is applied to it? A      cm B      cm C      cm D      cm     © UCLES          /  /O/N/   [Turn over,0625_w13_qp_13,4,151,"Thediagramsshowasteelspringandagraphofitslengthagainsttheloadappliedtoit.

",0
0625_w13_qp_13_08,"8  A box is being moved by a fork-lift truck. The total weight of the box is 3000 N. 
 
",49.60629,87.72133958,8,A box is being moved by a fork-lift truck  The total weight of the box is       N    fork-lift truck box    The force exerted by the fork-lift truck on the box is       N upwards   What is the resultant force on the box? A      N downwards B      N upwards C       N downwards D       N upwards ,0625_w13_qp_13,5,170,"Aboxisbeingmovedbyafork-lifttruck.ThetotalweightoftheboxisN.

",1
0625_w13_qp_13_09,"9  An aeroplane is landing. As it descends towards the runway, its speed reduces. 
 
",49.6064529,416.5127478,9,"An aeroplane is landing  As it descends towards the runway, its speed reduces   What are the energy changes that take place during the descent? A kinetic  +  gravitational  →  thermal (heat) B kinetic  →  gravitational  +  thermal (heat) C kinetic  +  thermal (heat)  →  gravitational D thermal (heat)  →  kinetic  +  gravitational  ",0625_w13_qp_13,5,170,"Anaeroplaneislanding.Asitdescendstowardstherunway,itsspeedreduces.

",0
0625_w13_qp_13_10,"10  Energy from uranium is transferred to electrical energy in a nuclear power station. 
 
",49.60359331,571.6529887,10,Energy from uranium is transferred to electrical energy in a nuclear power station   What is the correct order of the stages of this process? A boiler → generator → reactor → turbine B generator → boiler → turbine → reactor C reactor → boiler → turbine → generator D reactor → turbine → boiler → generator     © UCLES          /  /O/N/  ,0625_w13_qp_13,5,170,"Energyfromuraniumistransferredtoelectricalenergyinanuclearpowerstation.

",0
0625_w13_qp_13_11,"11  It is dangerous for submarines to dive to very great depths. 
 
",49.60629,87.72133958,11,It is dangerous for submarines to dive to very great depths   Why is it dangerous? A The density of water is less at greater depths  B The pressure of water is greater at greater depths  C The temperature of water is higher at greater depths  D The weight of the submarine is greater at greater depths  ,0625_w13_qp_13,6,220,"Itisdangerousforsubmarinestodivetoverygreatdepths.

",0
0625_w13_qp_13_12,"12  Which block exerts the greatest pressure on the surface below it? 
 
",49.60629,239.5469926,12,Which block exerts the greatest pressure on the surface below it?   weightweight         Nweightweight         Nweight    Nweight     Nweightweight         Nweightweight         Nweight     Nweight     NABC Darea     cm area     cm  area     cm area     cm   ,0625_w13_qp_13,6,180,"Whichblockexertsthegreatestpressureonthesurfacebelowit?

",0
0625_w13_qp_13_13,"13  A closed flask of gas is placed in a cold-water bath. 
 
",49.60743062,465.154566,13,"A closed flask of gas is placed in a cold-water bath    cold water gasthermometer   As the flask cools, the temperature of the gas decreases   What happens to the molecules of the gas? A They contract  B They expand  C They move more quickly  D They move more slowly     © UCLES          /  /O/N/   [Turn over",0625_w13_qp_13,6,210,"Aclosedflaskofgasisplacedinacold-waterbath.

",0
0625_w13_qp_13_14,"14  A block of ice cream is prevented from melting by wrapping it in newspaper soaked in water. The 
",49.60629,75.0785688,14,A block of ice cream is prevented from melting by wrapping it in newspaper soaked in water  The water evaporates from the newspaper   Which molecules escape from the water and what happens to the average speed of the water molecules that remain in the newspaper?   escaping molecules average speed of the remaining water molecules  A the less energetic ones decreases  B the less energetic ones increases  C the more energetic ones decreases  D the more energetic ones increases  ,0625_w13_qp_13,7,220,"Ablockoficecreamispreventedfrommeltingbywrappingitinnewspapersoakedinwater.The
",1
0625_w13_qp_13_15,"15  Equal masses of two different liquids are heated using the same heater. The graph shows how 
",49.60629,295.7562104,15,Equal masses of two different liquids are heated using the same heater  The graph shows how the temperature of each liquid changes with time    temperature  timeliquid  liquid       What does the graph tell us about the liquids? A Liquid   has a higher melting point than liquid    B Liquid   has a higher boiling point than liquid    C Liquid   starts to melt sooner than liquid    D Liquid   starts to boil sooner than liquid        © UCLES          /  /O/N/  ,0625_w13_qp_13,7,220,"Equalmassesoftwodifferentliquidsareheatedusingthesameheater.Thegraphshowshow
",1
0625_w13_qp_13_16,"16  A wooden wheel can be strengthened by putting a tight circle of iron around it. 
 
",49.60629,87.72133958,16,A wooden wheel can be strengthened by putting a tight circle of iron around it    wooden wheeliron circle   Which action would make it easier to fit the circle over the wood? A cooling the iron circle B heating the iron circle C heating the wooden wheel and cooling the iron circle D heating the wooden wheel but not heating or cooling the iron circle ,0625_w13_qp_13,8,220,"Awoodenwheelcanbestrengthenedbyputtingatightcircleofironaroundit.

",1
0625_w13_qp_13_17,"17  A piece of hot metal is held by a clamp in a cold room. The air next to the metal becomes hot.  
 
 
 
",49.60649906,382.4972784,17,A piece of hot metal is held by a clamp in a cold room  The air next to the metal becomes hot     The density of the air changes and the air moves    hot metalclamp   Which row shows the density change of the air and the direction in which the air moves?   density of air movement of air  A decreases downwards  B decreases upwards  C increases downwards  D increases upwards      © UCLES          /  /O/N/   [Turn over,0625_w13_qp_13,8,230,"Apieceofhotmetalisheldbyaclampinacoldroom.Theairnexttothemetalbecomeshot.



",0
0625_w13_qp_13_18,"18  A rod is made half of glass and half of copper. Four pins, A, B, C and D are attached to the rod 
",49.60629,75.0785688,18,"A rod is made half of glass and half of copper  Four pins, A, B, C and D are attached to the rod by wax  The rod is heated in the centre as shown   Which pin falls off first?   heatpinApinBpinCpinDglass copper  ",0625_w13_qp_13,9,230,"Arodismadehalfofglassandhalfofcopper.Fourpins,A,B,CandDareattachedtotherod
",1
0625_w13_qp_13_19,"19  Which row shows an example of a transverse wave and an example of a longitudinal wave? 
 
",49.6066176,281.271066,19,Which row shows an example of a transverse wave and an example of a longitudinal wave?   transverse longitudinal  A light radio  B radio sound  C sound water  D water light  ,0625_w13_qp_13,9,310,"Whichrowshowsanexampleofatransversewaveandanexampleofalongitudinalwave?

",1
0625_w13_qp_13_20,"20  Water  waves  may  be  used  to  demonstrate  refraction  by  making  them  pass  into  water  of  a 
",49.60629,424.5626962,20,Water waves may be used to demonstrate refraction by making them pass into water of a different depth    deep watershallow water wavefrontswave direction   Why does the water wave change direction as it passes into the shallow water? A The frequency of the wave decreases  B The frequency of the wave increases  C The speed of the wave decreases  D The speed of the wave increases      © UCLES          /  /O/N/  ,0625_w13_qp_13,9,310,"Waterwavesmaybeusedtodemonstraterefractionbymakingthempassintowaterofa
",0
0625_w13_qp_13_21,"21  Infra-red waves, microwaves, radio waves and sound waves are all used for communications. 
 
",49.60629,87.72133958,21,"Infra-red waves, microwaves, radio waves and sound waves are all used for communications   Which waves travel at the same high speed in a vacuum? A infra-red waves, microwaves and radio waves B infra-red waves, microwaves and sound waves C infra-red waves, radio waves and sound waves D microwaves, radio waves and sound waves ",0625_w13_qp_13,10,330,"Infra-redwaves,microwaves,radiowavesandsoundwavesareallusedforcommunications.

",0
0625_w13_qp_13_22,"22  The diagram represents a converging lens forming an image of an object. 
 
",49.60618002,239.5469926,22,The diagram represents a converging lens forming an image of an object    RPQobject imageSconverging lens   Which distance is the focal length of the lens? A PQ B PR C QR D QS      © UCLES          /  /O/N/   [Turn over,0625_w13_qp_13,10,320,"Thediagramrepresentsaconverginglensforminganimageofanobject.

",0
0625_w13_qp_13_23,"23  A teacher demonstrates the dispersion of white light using a triangular glass prism. 
 
",49.60629,87.72133958,23,A teacher demonstrates the dispersion of white light using a triangular glass prism   Which diagram shows how this dispersion happens?   whitelight spectrumwhitelight spectrumABprism whitelightspectrumwhitelightspectrumCDprism       © UCLES          /  /O/N/  ,0625_w13_qp_13,11,320,"Ateacherdemonstratesthedispersionofwhitelightusingatriangularglassprism.

",0
0625_w13_qp_13_24,"24  To estimate the width of a valley, a climber starts a stopwatch as he shouts. He hears an echo 
",49.60629,75.0785688,24,"To estimate the width of a valley, a climber starts a stopwatch as he shouts  He hears an echo from the opposite side of the valley after      s   valleysound climber   The sound travels at      m  / s   What is the width of the valley? A       m B      m C      m D      m ",0625_w13_qp_13,12,340,"Toestimatethewidthofavalley,aclimberstartsastopwatchasheshouts.Hehearsanecho
",0
0625_w13_qp_13_25,"25  A police car sounds its siren when travelling to an emergency. The siren produces two different 
",49.60715938,327.6180557,25,"A police car sounds its siren when travelling to an emergency  The siren produces two different sounds P and Q, which are emitted alternately   The diagram represents the sound waves emitted by the siren    PPPPQQQQ   Which of the two sounds P and Q is t he louder and which has the higher pitch?   louder sound sound of higher pitch  A P P  B P Q  C Q P  D Q Q       © UCLES          /  /O/N/   [Turn over",0625_w13_qp_13,12,340,"Apolicecarsoundsitssirenwhentravellingtoanemergency.Thesirenproducestwodifferent
",0
0625_w13_qp_13_26,"26  In which pair are both metals ferrous? 
",49.60629,75.0785688,26,In which pair are both metals ferrous? A aluminium and copper B aluminium and steel C copper and iron D iron and steel ,0625_w13_qp_13,13,410,"Inwhichpairarebothmetalsferrous?
",0
0625_w13_qp_13_27,"27  How can a permanent magnet be demagnetised? 
",49.60618002,201.6176904,27,How can a permanent magnet be demagnetised? A cool the magnet for a long time B hit the magnet repeatedly with a hammer C leave the magnet in a coil which is connected to a battery D shine bright light onto the magnet ,0625_w13_qp_13,13,410,"Howcanapermanentmagnetbedemagnetised?
",1
0625_w13_qp_13_28,"28  A negatively charged plastic rod P is placed above a positively charged plastic rod Q. 
 
",49.60618002,340.7995828,28,A negatively charged plastic rod P is placed above a positively charged plastic rod Q    +++++Q–––––P   What are the directions of the electrostatic forces on rod P and on rod Q?   electrostatic force on rod P electrostatic force on rod Q  A downwards downwards  B downwards upwards  C upwards downwards  D upwards upwards       © UCLES          /  /O/N/  ,0625_w13_qp_13,13,420,"AnegativelychargedplasticrodPisplacedaboveapositivelychargedplasticrodQ.

",0
0625_w13_qp_13_29,"29  A  student  wishes  to  measure  first  the  electromotive  force  (e.m.f.)  of  a  battery,  and  then  the 
",49.60629,75.0785688,29,"A student wishes to measure first the electromotive force (e m f ) of a battery, and then the potential difference (p d ) across a resistor   She has the resistor, the battery and some connecting wires   What else does she need? A a force meter (newton meter) and a voltmeter B an ammeter and a voltmeter C an ammeter only D a voltmeter only ",0625_w13_qp_13,14,430,"Astudentwishestomeasurefirsttheelectromotiveforce(e.m.f.)ofabattery,andthenthe
",1
0625_w13_qp_13_30,"30  Two  similar  balloons  hang  side  by  side,  on  insulating  threads,  a  short  distance  apart.  They  are 
",49.60618002,264.8610201,30,"Two similar balloons hang side by side, on insulating threads, a short distance apart  They are both rubbed with the same dry cloth and become charged   Which diagram shows how the balloons hang after charging?   A D B C  ",0625_w13_qp_13,14,420,"Twosimilarballoonshangsidebyside,oninsulatingthreads,ashortdistanceapart.Theyare
",1
0625_w13_qp_13_31,"31  The diagram shows an electrical component. 
 
",49.60712922,478.052166,31,The diagram shows an electrical component      What is it? A a capacitor B a light-dependent resistor C a thermistor D a variable resistor      © UCLES          /  /O/N/   [Turn over,0625_w13_qp_13,14,430,"Thediagramshowsanelectricalcomponent.

",0
0625_w13_qp_13_32,"32  The diagram shows a circuit. 
 
",49.60629,87.72133958,32,The diagram shows a circuit    A   What should be increased to increase the current in the circuit? A the e m f  of the battery B the length of the connecting wires C the resistance of the resistor D the temperature of the resistor ,0625_w13_qp_13,15,430,"Thediagramshowsacircuit.

",0
0625_w13_qp_13_33,"33  The circuit shown contains a relay. 
 
 
",49.6078033,380.8538975,33,"The circuit shown contains a relay   Both lamps are initially off    lamp  lamp  switch S relay   When switch S is closed, the relay operates  What is the state of the lamps?   lamp   lamp  A on on  B on off  C off on  D off off       © UCLES          /  /O/N/  ",0625_w13_qp_13,15,430,"Thecircuitshowncontainsarelay.


",1
0625_w13_qp_13_34,"34  An electric motor is connected to the mains supply by insulated wires. The circuit is protected by 
",49.60629,75.0785688,34,"An electric motor is connected to the mains supply by insulated wires  The circuit is protected by a fuse, but the connecting wires become hot    liveneutralmoto rinsulated connecting wire insulated connecting wireM   How could the wires be prevented from becoming so hot? A Connect a second fuse in the neutral wire  B Use a fuse with a higher current rating  C Use thicker connecting wires  D Use thicker insulation on the connecting wires  ",0625_w13_qp_13,16,440,"Anelectricmotorisconnectedtothemainssupplybyinsulatedwires.Thecircuitisprotectedby
",0
0625_w13_qp_13_35,"35  The diagram shows a transformer. 
 
",49.60712784,399.8454309,35,The diagram shows a transformer      core wire coil   Which materials are suitable to use in its construction?   core wire coil  A copper iron  B iron copper  C steel copper  D steel iron       © UCLES          /  /O/N/   [Turn over,0625_w13_qp_13,16,410,"Thediagramshowsatransformer.

",1
0625_w13_qp_13_36,"36  The direction of the current flowing in a straight wire X is into the paper. 
 
",49.60629,87.72133958,36,The direction of the current flowing in a straight wire X is into the paper   Which diagram shows the shape of the magnetic field pattern around the wire?   A BCD X X X X  ,0625_w13_qp_13,17,450,"ThedirectionofthecurrentflowinginastraightwireXisintothepaper.

",0
0625_w13_qp_13_37,"37  A  metal  rod  PQ  rests  on  two  horizontal  metal  wires  that  are  attached  to  a  battery.  The  rod  lies 
",49.60699904,306.9528052,37,"A metal rod PQ rests on two horizontal metal wires that are attached to a battery  The rod lies between the poles of a magnet    PQNS metal rodmagnet magnet   When the switch is closed, the rod moves to the right   What could be changed so that the rod moves to the left? A Open the switch  B Reverse the battery terminals and exchange the poles of the magnet  C Reverse the battery terminals but without exchanging the poles of the magnet  D Turn the metal rod around (P and Q exchanged)       © UCLES          /  /O/N/  ",0625_w13_qp_13,17,450,"AmetalrodPQrestsontwohorizontalmetalwiresthatareattachedtoabattery.Therodlies
",0
0625_w13_qp_13_38,"38  The diagram shows the screen of a cathode-ray tube. Cathode rays produced behind the screen 
strike  the  screen  at  P.  On  their  way  to  the  screen,  the  cathode  rays  pass  between  two  parallel 
metal plates. 
",49.60629,100.3641104,38,"The diagram shows the screen of a cathode-ray tube  Cathode rays produced behind the screen strike the screen at P  On their way to the scr een, the cathode rays pass between two parallel metal plates    P Sscreen   Which arrangement of the metal plates will cause the beam to be deflected and strike the screen at S?   +–A+–B+– +–CD  ",0625_w13_qp_13,18,320,"Thediagramshowsthescreenofacathode-raytube.Cathoderaysproducedbehindthescreen
strikethescreenatP.Ontheirwaytothescreen,thecathoderayspassbetweentwoparallel
metalplates.
",0
0625_w13_qp_13_39,"39  Why are some radioactive sources stored in boxes made from lead? 
",49.60686192,361.5480052,39,Why are some radioactive sources stored in boxes made from lead? A Lead absorbs emissions from the radioactive sources  B Lead decreases the half-life of radioactive sources  C Lead increases the half-life of radioactive sources  D Lead repels emissions from the radioactive sources       © UCLES          /  /O/N/  ,0625_w13_qp_13,18,520,"Whyaresomeradioactivesourcesstoredinboxesmadefromlead?
",0
0625_w13_qp_13_40,"40  A nucleus of helium has the symbol  He.
 
",49.60629,93.07904192,40,"A nucleus of helium has the symbol He     Which diagram represents an atom of  He?     p p p n e= proton= neutron= electronpAe e pp nBe e n nC e ee n n pDe ekey         Permission to reproduce items where thir d-party owned material protected by copyright is included has been sought and cleared w here possible  Every reasonable effort has been made by the publisher (UCLES) to trace copyright holder s, but if any items requiring clearance have unwittingly been included, the publisher will be pleased to make amends at the earliest possible opportunity   Cambridge International Examinations is part of the Cambridge Asse ssment Group  Cambridge Assessment is the brand name of Unive rsity of Cambridge Local Examinations Syndicate (UCLES), which is itself a department of the University of Cambridge    © UCLES          /  /O/N/    BLANK PAGE ",0625_w13_qp_13,19,510,"AnucleusofheliumhasthesymbolHe.

",0
0625_w14_qp_11_01,"1  Diagram 1 shows a measuring cylinder containing water. 
 
",49.60629,87.72133958,1,Diagram   shows a measuring cylinder containing water   Five identical steel balls are now lowered into the measuring cylinder  Diagram   shows the new water level in the cylinder    cm  diagram                       cm  diagram                       steel ball   What is the volume of each steel ball? A    cm  B     cm  C     cm  D     cm  ,0625_w14_qp_11,2,110,"Diagramshowsameasuringcylindercontainingwater.

",0
0625_w14_qp_11_02,"2  The graph shows how the speed of a car changes with time. 
 
",49.60657978,465.2119278,2,The graph shows how the speed of a car changes with time    speed UV W X Y time     Between which two times is the car stationary? A U and V B V and W C W and X D X and Y     © UCLES          /  /O/N/   [Turn over,0625_w14_qp_11,2,120,"Thegraphshowshowthespeedofacarchangeswithtime.

",1
0625_w14_qp_11_03,"3  A man stands by a railway track.  
",49.60629,75.0785688,3,A man stands by a railway track      A train travelling at     m  / s takes     s to pass the man   What is the length of the train? A     m B     m C     m D     m ,0625_w14_qp_11,3,120,"Amanstandsbyarailwaytrack.
",0
0625_w14_qp_11_04,"4  The mass of an astronaut is 70 kg on the Moon. 
 
",49.6069928,263.6111396,4,The mass of an astronaut is     kg on the Moon   What is the mass of the astronaut on the Earth? A    kg B     kg C     kg D      kg ,0625_w14_qp_11,3,130,"ThemassofanastronautiskgontheMoon.

",0
0625_w14_qp_11_05,"5  The weight of an object is found using the balance shown in the diagram. The object is put in the 
",49.60698352,337.851067,5,"The weight of an object is found using the balance shown in the diagram  The object is put in the left-hand pan and various weights are put in the right-hand pan    object weights   These are the results   weights in the right-hand pan effect       N,      N,       N,       N balance tips down slightly on the left-hand side       N,      N,       N balance tips down slightly on the right-hand side   What is the best estimate of the weight of the object? A       N B       N C       N D       N     © UCLES          /  /O/N/  ",0625_w14_qp_11,3,152,"Theweightofanobjectisfoundusingthebalanceshowninthediagram.Theobjectisputinthe
",0
0625_w14_qp_11_06,"6  The diagram shows the dimensions of a rectangular block of metal of mass m. 
 
",49.60629,87.72133958,6,The diagram shows the dimensions of a rectangular block of metal of mass m    pq r   Which expression is used to calculate the density of the metal? A m × p × q B m × p × q × r C  ) (qpm× D  ) (rqpm×× ,0625_w14_qp_11,4,220,"Thediagramshowsthedimensionsofarectangularblockofmetalofmassm.

",0
0625_w14_qp_11_08,"8  Which properties of a body can be changed by applying a force to the body? 
",49.60639002,502.459714,8,"Which properties of a body can be changed by applying a force to the body? A mass, motion and shape B mass and motion, but not shape C mass and shape, but not motion D motion and shape, but not mass     © UCLES          /  /O/N/   [Turn over",0625_w14_qp_11,4,130,"Whichpropertiesofabodycanbechangedbyapplyingaforcetothebody?
",0
0625_w14_qp_11_09,"9  The list contains three energy resources P, Q and R. 
 
 
",49.60629,100.3354045,9,"The list contains three energy resources P, Q and R    P geothermal energy from hot rocks  Q nuclear fission in reactors  R sunlight on solar panels  Which of these resources are renewable? A P and Q only B P and R only C Q and R only D P, Q and R ",0625_w14_qp_11,5,170,"ThelistcontainsthreeenergyresourcesP,QandR.


",0
0625_w14_qp_11_10,"10  The  diagram  shows  three  different  containers  J,  K  and  L.  Each  container  contains  water  of  the 
",49.60629,304.5168511,10,"The diagram shows three different containers J, K and L  Each container contains water of the same depth    JK L  Which statement about the pressure of the water on the base of each container is correct? A The water pressure is greatest in container J  B The water pressure is greatest in container K  C The water pressure is greatest in container L  D The water pressure is the same for all three containers  ",0625_w14_qp_11,5,180,"ThediagramshowsthreedifferentcontainersJ,KandL.Eachcontainercontainswaterofthe
",0
0625_w14_qp_11_11,"11  Which movement will require the greatest amount of work to be done? 
",49.60684336,588.6315503,11,Which movement will require the greatest amount of work to be done? A a force of     N moving an object a distance of      m B a force of     N moving an object a distance of      m C a force of     N moving an object a distance of      m D a force of     N moving an object a distance of      m     © UCLES          /  /O/N/  ,0625_w14_qp_11,5,170,"Whichmovementwillrequirethegreatestamountofworktobedone?
",0
0625_w14_qp_11_12,"12  A water manometer is connected to a gas supply. 
 
",49.60629,87.72133958,12,A water manometer is connected to a gas supply    watergassupply PQ   There is a gas leak and the pressure of the gas supply falls   What happens to the water level at P and what happens to the water level at Q?   water level at P water level at Q  A falls falls  B falls rises  C rises falls  D rises rises  ,0625_w14_qp_11,6,220,"Awatermanometerisconnectedtoagassupply.

",0
0625_w14_qp_11_13,"13  The  diagram  shows  a  beaker  of  water.  Four  molecules  are  labelled.  The  relative  amount  of 
",49.60629,423.2586104,13,The diagram shows a beaker of water  Four molecules are labelled  The relative amount of energy of each molecule is shown   Which molecule is most likely to escape from the liquid?   molecule A(high energy) molecule B(low energy) molecule C(high energy)molecule D(low energy)      © UCLES          /  /O/N/   [Turn over,0625_w14_qp_11,6,220,"Thediagramshowsabeakerofwater.Fourmoleculesarelabelled.Therelativeamountof
",0
0625_w14_qp_11_14,"14  Some gas is trapped in a container of fixed volume. 
",49.60629,75.0785688,14,Some gas is trapped in a container of fixed volume  The temperature of the gas increases  Which graph shows how the pressure of the gas changes with temperature?     pressure / Pa temperature  / °CA  pressure / Pa temperature  / °CB   pressure / Pa temperature  / °CC  pressure / Pa temperature  / °CD  ,0625_w14_qp_11,7,210,"Somegasistrappedinacontaineroffixedvolume.
",0
0625_w14_qp_11_15,"15  Which points are the fixed points of the liquid-in-glass thermometer shown? 
 
",49.60785456,502.6000802,15,Which points are the fixed points of the liquid-in-glass thermometer shown?   –                                             °C   A the beginning and end points of the column of liquid B the beginning and end points of the thermometer scale C the points marked    °C and      °C D the top and bottom points of the thermometer bulb     © UCLES          /  /O/N/  ,0625_w14_qp_11,7,220,"Whichpointsarethefixedpointsoftheliquid-in-glassthermometershown?

",0
0625_w14_qp_11_16,"16  Equal masses of two different liquids are put into identical beakers. 
 
 
 
 
 
",49.60629,138.320367,16,Equal masses of two different liquids are put into identical beakers    Liquid   is heated for      s and liquid   is heated for      s by heaters of the same power     The temperature of both liquids increases by the same amount    liquid   liquid   heating time =      s heating time =      sheaters ofsame powerdifferent liquidsof same mass   Which statement is correct? A Both liquids receive the same amount of energy  B Liquid   receives more energy than liquid    C Both liquids have equal thermal capacity  D The thermal capacity of liquid   is less than the thermal capacity of liquid    ,0625_w14_qp_11,8,220,"Equalmassesoftwodifferentliquidsareputintoidenticalbeakers.





",0
0625_w14_qp_11_17,"17  The metal surface of a kettle is hot. 
 
",49.60685192,521.7918209,17,The metal surface of a kettle is hot   What happens to the cool air outside the kettle when it comes into contact with the hot kettle? A The density of the air decreases and the air falls  B The density of the air decreases and the air rises  C The density of the air increases and the air falls  D The density of the air increases and the air rises      © UCLES          /  /O/N/   [Turn over,0625_w14_qp_11,8,230,"Themetalsurfaceofakettleishot.

",0
0625_w14_qp_11_18,"18  One type of double glazing consists of two panes of glass separated by a vacuum. 
 
",49.60629,87.72133958,18,One type of double glazing consists of two panes of glass separated by a vacuum    glass vacuumglass   Which method or methods of energy transfer are prevented by the vacuum? A conduction and convection B conduction and radiation C convection and radiation D radiation only ,0625_w14_qp_11,9,230,"Onetypeofdoubleglazingconsistsoftwopanesofglassseparatedbyavacuum.

",0
0625_w14_qp_11_19,"19  The diagram shows four waves drawn to the same scale. 
 
",49.60712226,375.2117369,19,The diagram shows four waves drawn to the same scale      P distance  Q distance   R distance  S distancedisplacement displacement displacement displacement   Which statement is correct? A The amplitude of wave P is the same as the amplitude of wave R  B The amplitude of wave S is double the amplitude of wave Q  C The wavelength of wave Q is double the wavelength of wave P  D The wavelength of wave S is the same as the wavelength of wave Q      © UCLES          /  /O/N/  ,0625_w14_qp_11,9,310,"Thediagramshowsfourwavesdrawntothesamescale.

",0
0625_w14_qp_11_20,"20  Light waves pass from air into glass and are refracted. 
",49.60629,75.0785688,20,Light waves pass from air into glass and are refracted  What always remains constant when this happens? A direction B frequency C speed D wavelength ,0625_w14_qp_11,10,320,"Lightwavespassfromairintoglassandarerefracted.
",0
0625_w14_qp_11_21,"21  Which type of electromagnetic wave is used in airport security scanners? 
",49.60629,225.2598511,21,Which type of electromagnetic wave is used in airport security scanners? A infra-red B microwaves C radio waves D X-rays ,0625_w14_qp_11,10,330,"Whichtypeofelectromagneticwaveisusedinairportsecurityscanners?
",0
0625_w14_qp_11_22,"22  Which waves are longitudinal? 
 
",49.60629,364.4427333,22,Which waves are longitudinal?     :  BA C D light wavesfrom a lampmicrowavesin an oven water waveson a pondsound wavesfrom a trumpet  ,0625_w14_qp_11,10,310,"Whichwavesarelongitudinal?

",0
0625_w14_qp_11_23,"23  An object is placed in front of a converging lens. The lens has a focal length f. 
",49.60802022,565.3872094,23,"An object is placed in front of a converging lens  The lens has a focal length f  The lens produces a real, enlarged image of the object   In which labelled position is the object placed?   A B C D  fflens     © UCLES          /  /O/N/   [Turn over",0625_w14_qp_11,10,320,"Anobjectisplacedinfrontofaconverginglens.Thelenshasafocallengthf.
",0
0625_w14_qp_11_24,"24  A fire alarm is not loud enough and the pitch is too low. An engineer adjusts the alarm so that it 
",49.60629,75.0785688,24,A fire alarm is not loud enough and the pitch is too low  An engineer adjusts the alarm so that it produces a louder note of a higher pitch  What effect does this have on the amplitude and on the frequency of the sound waves that the alarm produces?   amplitude frequency  A larger larger  B larger smaller  C smaller larger  D smaller smaller  ,0625_w14_qp_11,11,340,"Afirealarmisnotloudenoughandthepitchistoolow.Anengineeradjuststhealarmsothatit
",1
0625_w14_qp_11_25,"25  In  an  experiment  to  measure  the  speed  of  sound,  a  student  uses  a  stopwatch  to  find  the  time 
",49.60629,279.9672962,25,"In an experiment to measure the speed of sou nd, a student uses a stopwatch to find the time taken for a sound wave to travel from X to Y  She does this six times    sound travels from X to Y X Y  The table shows her results   measurement time  / s  first    second    third    fourth    fifth    sixth     Which value for the time should be used to calculate the speed of sound? A      s B      s C      s D      s      © UCLES          /  /O/N/  ",0625_w14_qp_11,11,340,"Inanexperimenttomeasurethespeedofsound,astudentusesastopwatchtofindthetime
",0
0625_w14_qp_11_26,"26  The ends of three metal rods are tested by holding end Q of rod 1 close to the others in turn. 
 
",49.60629,87.72133958,26,"The ends of three metal rods are tested by hol ding end Q of rod   close to the others in turn    rod   rod   rod  QRSTU  The results are as follows   End Q: attracts end R, attracts end S, attracts end T, repels end U   Which of the metal rods is a magnet? A rod   only B rod   and rod   C rod   and rod   D rod   only ",0625_w14_qp_11,12,410,"TheendsofthreemetalrodsaretestedbyholdingendQofrodclosetotheothersinturn.

",0
0625_w14_qp_11_27,"27  A permanent magnet is made from metal and an electromagnet uses a metal core. 
",49.60651482,443.1035688,27,A permanent magnet is made from metal and an electromagnet uses a metal core  Which metal is suitable for each of these purposes?  permanent magnet core of electromagnet A iron iron  B iron steel  C steel iron  D steel steel  ,0625_w14_qp_11,12,410,"Apermanentmagnetismadefrommetalandanelectromagnetusesametalcore.
",0
0625_w14_qp_11_28,"28  Which row gives the unit for energy and the unit for electromotive force (e.m.f.)? 
 
",49.60629,647.847967,28,Which row gives the unit for energy and the unit for electromotive force (e m f )?   energy e m f   A J N  B J V  C W N  D W V       © UCLES          /  /O/N/   [Turn over,0625_w14_qp_11,12,170,"Whichrowgivestheunitforenergyandtheunitforelectromotiveforce(e.m.f.)?

",0
0625_w14_qp_11_29,"29  A  student  carries  out  an  experiment  to  investigate  the  resistance  of  a  resistor  R.  She  takes  a 
",49.60629,75.0785688,29,"A student carries out an experiment to investi gate the resistance of a resistor R  She takes a series of readings of potential difference (p d ) and current, and plots a graph of her results   Which circuit should she use?   AR VAARVB AR VCARVD  ",0625_w14_qp_11,13,430,"AstudentcarriesoutanexperimenttoinvestigatetheresistanceofaresistorR.Shetakesa
",0
0625_w14_qp_11_30,"30  The diagram shows a circuit with a 3.0 
 
",49.60689904,522.0736173,30,"The diagram shows a circuit with a      Ω resistor and a      Ω resistor connected in parallel         Ω    V      ΩA   The switch is open, and the ammeter reads      A    The switch is now closed and the ammeter reads the total current in both resistors   What is the ammeter reading with the switch closed? A      A B      A C      A D      A      © UCLES          /  /O/N/  ",0625_w14_qp_11,13,430,"Thediagramshowsacircuitwitha.

",0
0625_w14_qp_11_31,"31  The diagram shows a torch containing two cells, a switch and a lamp. 
 
",49.60629,87.72133958,31,"The diagram shows a torch containing two cells, a switch and a lamp    plastic case brass connecting strip switch lamp cells   Which is the circuit diagram for the torch?   C B A D   ",0625_w14_qp_11,14,430,"Thediagramshowsatorchcontainingtwocells,aswitchandalamp.

",0
0625_w14_qp_11_32,"32  An engineer uses the potential divider shown in the diagram. He needs the output voltage to be 
",49.60728352,382.6095052,32,An engineer uses the potential divider shown in the diagram  He needs the output voltage to be one tenth (    ) of the input voltage    XY  outputvoltageinputvoltage   Which pair of values could he use for the two resistors X and Y?   X  / kΩ Y  / kΩ  A          B           C          D                © UCLES          /  /O/N/   [Turn over,0625_w14_qp_11,14,450,"Anengineerusesthepotentialdividershowninthediagram.Heneedstheoutputvoltagetobe
",0
0625_w14_qp_11_33,"33  The current in a kettle is 10 A and it is protected by a 13 A fuse. 
 
",49.60629,87.72133958,33,The current in a kettle is     A and it is protected by a     A fuse   The owner of the kettle replaces the     A fuse with a    A fuse   What happens when the kettle is switched on? A The fuse blows and the kettle is damaged  B The fuse blows and the kettle is undamaged  C The fuse does not blow and the kettle works correctly  D The fuse does not blow but the kettle fails to work  ,0625_w14_qp_11,15,440,"ThecurrentinakettleisAanditisprotectedbyaAfuse.

",0
0625_w14_qp_11_34,"34  The diagram shows cables used in the transmission of electrical energy. High voltages are used 
",49.60669488,252.2169378,34,"The diagram shows cables used in the transmission of electrical energy  High voltages are used for the transmission    transmission cables  powerstation   Why are high voltages used for the transmission of electrical energy? A Fear of high voltages stops people from interfering with the cables  B Heat loss in the cables is smaller than if low voltages are used  C High voltages increase the current in the cables  D High voltages produce large magnetic fields, so less insulation is needed  ",0625_w14_qp_11,15,450,"Thediagramshowscablesusedinthetransmissionofelectricalenergy.Highvoltagesareused
",0
0625_w14_qp_11_35,"35  Which  diagram  shows  the  magnetic  field  pattern  around  a  wire  that  is  carrying  a  current 
",49.60661762,573.3529361,35,Which diagram shows the magnetic field pattern around a wire that is carrying a current perpendicular to the page?   Awire wireBC D       © UCLES          /  /O/N/  ,0625_w14_qp_11,15,450,"Whichdiagramshowsthemagneticfieldpatternaroundawirethatiscarryingacurrent
",0
0625_w14_qp_11_36,"36  The diagram shows a simple transformer with an input of 240 V and an output of 40 V. 
 
",49.60629,87.72133958,36,The diagram shows a simple transformer with an input of      V and an output of     V   There are     turns on the primary coil    output input     turns      V     Vprimary coil secondary coil   How many turns are there on the secondary coil? A     B     C     D      ,0625_w14_qp_11,16,450,"ThediagramshowsasimpletransformerwithaninputofVandanoutputofV.

",1
0625_w14_qp_11_37,"37  In a cathode-ray tube, a hot tungsten cathode releases particles by thermionic emission. 
 
",49.60693643,308.5695543,37,"In a cathode-ray tube, a hot tungsten cathode releases particles by thermionic emission   What are these particles? A α-particles B electrons C protons D tungsten atoms ",0625_w14_qp_11,16,520,"Inacathode-raytube,ahottungstencathodereleasesparticlesbythermionicemission.

",0
0625_w14_qp_11_38,"38  The diagram shows a radioactive source, a thick aluminium sheet and a radiation detector. 
 
",49.60572661,461.2168978,38,"The diagram shows a radioactive source, a thick aluminium sheet and a radiation detector    radioactivesourcethick aluminiumsheetradiation detector    The radiation detector shows a reading greater than the background reading   Which type of radiation is being emitted by  the source and detected by the detector? A α-radiation B β-radiation C γ-radiation D infra-red radiation      © UCLES          /  /O/N/  ",0625_w14_qp_11,16,520,"Thediagramshowsaradioactivesource,athickaluminiumsheetandaradiationdetector.

",0
0625_w14_qp_11_39,"39  The count rate from a radioactive isotope is recorded every hour. The count rate is corrected for 
",49.60629,75.0785688,39,The count rate from a radioactive isotope is recorded every hour  The count rate is corrected for background radiation   The table shows the readings  time  / hours            s/countsrate count corrected                          What estimate of the half-life of the isotope can be obtained from the readings in the table? A between   and   hours B between   and   hours C between   and   hours D between   and   hours ,0625_w14_qp_11,17,520,"Thecountratefromaradioactiveisotopeisrecordedeveryhour.Thecountrateiscorrectedfor
",0
0625_w14_qp_11_40,"40  A nuclide is represented by the symbol 
",49.60608282,338.3614636,40,"A nuclide is represented by the symbol   XPQ How many neutrons are in one nucleus of the nuclide? A P B Q C P + Q D P – Q      © UCLES          /  /O/N/    BLANK PAGE    © UCLES          /  /O/N/    BLANK PAGE      Permission to reproduce items where thir d-party owned material protected by copyright is included has been sought and cleared w here possible  Every reasonable effort has been made by the publisher (UCLES) to trace copyright holder s, but if any items requiring clearance have unwittingly been included, the publisher will be pleased to make amends at the earliest possible opportunity   Cambridge International Examinations is part of the Cambridge Asse ssment Group  Cambridge Assessment is the brand name of Unive rsity of Cambridge Local Examinations Syndicate (UCLES), which is itself a department of the University of Cambridge    © UCLES          /  /O/N/    BLANK PAGE ",0625_w14_qp_11,17,510,"Anuclideisrepresentedbythesymbol
",0
0625_w14_qp_12_01,"1  A man stands by a railway track.  
",49.60629,75.0785688,1,A man stands by a railway track      A train travelling at     m  / s takes     s to pass the man   What is the length of the train? A     m B     m C     m D     m ,0625_w14_qp_12,2,120,"Amanstandsbyarailwaytrack.
",1
0625_w14_qp_12_02,"2  Diagram 1 shows a measuring cylinder containing water. 
 
",49.6069928,263.6120164,2,Diagram   shows a measuring cylinder containing water   Five identical steel balls are now lowered into the measuring cylinder  Diagram   shows the new water level in the cylinder    cm  diagram                       cm  diagram                       steel ball   What is the volume of each steel ball? A    cm  B     cm  C     cm  D     cm      © UCLES          /  /O/N/   [Turn over,0625_w14_qp_12,2,110,"Diagramshowsameasuringcylindercontainingwater.

",1
0625_w14_qp_12_03,"3  The graph shows how the speed of a car changes with time. 
 
",49.60629,87.72133958,3,The graph shows how the speed of a car changes with time    speed UV W X Y time     Between which two times is the car stationary? A U and V B V and W C W and X D X and Y ,0625_w14_qp_12,3,120,"Thegraphshowshowthespeedofacarchangeswithtime.

",1
0625_w14_qp_12_04,"4  The diagram shows the dimensions of a rectangular block of metal of mass m. 
 
",49.60449936,333.2591784,4,The diagram shows the dimensions of a rectangular block of metal of mass m    pq r   Which expression is used to calculate the density of the metal? A m × p × q B m × p × q × r C  ) (qpm× D  ) (rqpm××     © UCLES          /  /O/N/  ,0625_w14_qp_12,3,220,"Thediagramshowsthedimensionsofarectangularblockofmetalofmassm.

",1
0625_w14_qp_12_05,"5  The weight of an object is found using the balance shown in the diagram. The object is put in the 
",49.60629,75.0785688,5,"The weight of an object is found using the balance shown in the diagram  The object is put in the left-hand pan and various weights are put in the right-hand pan    object weights   These are the results   weights in the right-hand pan effect       N,      N,       N,       N balance tips down slightly on the left-hand side       N,      N,       N balance tips down slightly on the right-hand side   What is the best estimate of the weight of the object? A       N B       N C       N D       N ",0625_w14_qp_12,4,152,"Theweightofanobjectisfoundusingthebalanceshowninthediagram.Theobjectisputinthe
",1
0625_w14_qp_12_06,"6  The mass of an astronaut is 70 kg on the Moon. 
 
",49.6067248,394.7136254,6,The mass of an astronaut is     kg on the Moon   What is the mass of the astronaut on the Earth? A    kg B     kg C     kg D      kg ,0625_w14_qp_12,4,130,"ThemassofanastronautiskgontheMoon.

",1
0625_w14_qp_12_07,"7  Which properties of a body can be changed by applying a force to the body? 
",49.60698352,468.953467,7,"Which properties of a body can be changed by applying a force to the body? A mass, motion and shape B mass and motion, but not shape C mass and shape, but not motion D motion and shape, but not mass ",0625_w14_qp_12,4,130,"Whichpropertiesofabodycanbechangedbyapplyingaforcetothebody?
",1
0625_w14_qp_12_09,"9  The  diagram  shows  three  different  containers  J,  K  and  L.  Each  container  contains  water  of  the 
",49.60629,75.0785688,9,"The diagram shows three different containers J, K and L  Each container contains water of the same depth    JK L  Which statement about the pressure of the water on the base of each container is correct? A The water pressure is greatest in container J  B The water pressure is greatest in container K  C The water pressure is greatest in container L  D The water pressure is the same for all three containers  ",0625_w14_qp_12,5,180,"ThediagramshowsthreedifferentcontainersJ,KandL.Eachcontainercontainswaterofthe
",1
0625_w14_qp_12_10,"10  A water manometer is connected to a gas supply. 
 
",49.60684336,371.8666169,10,A water manometer is connected to a gas supply    watergassupply PQ   There is a gas leak and the pressure of the gas supply falls   What happens to the water level at P and what happens to the water level at Q?   water level at P water level at Q  A falls falls  B falls rises  C rises falls  D rises rises      © UCLES          /  /O/N/  ,0625_w14_qp_12,5,220,"Awatermanometerisconnectedtoagassupply.

",1
0625_w14_qp_12_11,"11  The list contains three energy resources P, Q and R. 
 
 
",49.60629,100.3354045,11,"The list contains three energy resources P, Q and R    P geothermal energy from hot rocks  Q nuclear fission in reactors  R sunlight on solar panels  Which of these resources are renewable? A P and Q only B P and R only C Q and R only D P, Q and R ",0625_w14_qp_12,6,170,"ThelistcontainsthreeenergyresourcesP,QandR.


",1
0625_w14_qp_12_12,"12  Equal masses of two different liquids are put into identical beakers. 
 
 
 
 
 
",49.60629,367.756567,12,Equal masses of two different liquids are put into identical beakers    Liquid   is heated for      s and liquid   is heated for      s by heaters of the same power     The temperature of both liquids increases by the same amount    liquid   liquid   heating time =      s heating time =      sheaters ofsame powerdifferent liquidsof same mass   Which statement is correct? A Both liquids receive the same amount of energy  B Liquid   receives more energy than liquid    C Both liquids have equal thermal capacity  D The thermal capacity of liquid   is less than the thermal capacity of liquid        © UCLES          /  /O/N/   [Turn over,0625_w14_qp_12,6,220,"Equalmassesoftwodifferentliquidsareputintoidenticalbeakers.





",1
0625_w14_qp_12_13,"13  Which points are the fixed points of the liquid-in-glass thermometer shown? 
 
",49.60629,87.72133958,13,Which points are the fixed points of the liquid-in-glass thermometer shown?   –                                             °C   A the beginning and end points of the column of liquid B the beginning and end points of the thermometer scale C the points marked    °C and      °C D the top and bottom points of the thermometer bulb ,0625_w14_qp_12,7,220,"Whichpointsarethefixedpointsoftheliquid-in-glassthermometershown?

",1
0625_w14_qp_12_14,"14  The metal surface of a kettle is hot. 
 
",49.60731094,259.3884708,14,The metal surface of a kettle is hot   What happens to the cool air outside the kettle when it comes into contact with the hot kettle? A The density of the air decreases and the air falls  B The density of the air decreases and the air rises  C The density of the air increases and the air falls  D The density of the air increases and the air rises  ,0625_w14_qp_12,7,230,"Themetalsurfaceofakettleishot.

",1
0625_w14_qp_12_15,"15  Some gas is trapped in a container of fixed volume. 
",49.60731094,398.5703632,15,Some gas is trapped in a container of fixed volume  The temperature of the gas increases  Which graph shows how the pressure of the gas changes with temperature?     pressure / Pa temperature  / °CA  pressure / Pa temperature  / °CB   pressure / Pa temperature  / °CC  pressure / Pa temperature  / °CD    © UCLES          /  /O/N/  ,0625_w14_qp_12,7,210,"Somegasistrappedinacontaineroffixedvolume.
",1
0625_w14_qp_12_16,"16  The diagram shows four waves drawn to the same scale. 
 
",49.60629,87.72133958,16,The diagram shows four waves drawn to the same scale      P distance  Q distance   R distance  S distancedisplacement displacement displacement displacement   Which statement is correct? A The amplitude of wave P is the same as the amplitude of wave R  B The amplitude of wave S is double the amplitude of wave Q  C The wavelength of wave Q is double the wavelength of wave P  D The wavelength of wave S is the same as the wavelength of wave Q  ,0625_w14_qp_12,8,310,"Thediagramshowsfourwavesdrawntothesamescale.

",1
0625_w14_qp_12_17,"17  The  diagram  shows  a  beaker  of  water.  Four  molecules  are  labelled.  The  relative  amount  of 
",49.60499499,460.563436,17,The diagram shows a beaker of water  Four molecules are labelled  The relative amount of energy of each molecule is shown   Which molecule is most likely to escape from the liquid?   molecule A(high energy) molecule B(low energy) molecule C(high energy)molecule D(low energy)      © UCLES          /  /O/N/   [Turn over,0625_w14_qp_12,8,220,"Thediagramshowsabeakerofwater.Fourmoleculesarelabelled.Therelativeamountof
",1
0625_w14_qp_12_18,"18  One type of double glazing consists of two panes of glass separated by a vacuum. 
 
",49.60629,87.72133958,18,One type of double glazing consists of two panes of glass separated by a vacuum    glass vacuumglass   Which method or methods of energy transfer are prevented by the vacuum? A conduction and convection B conduction and radiation C convection and radiation D radiation only ,0625_w14_qp_12,9,230,"Onetypeofdoubleglazingconsistsoftwopanesofglassseparatedbyavacuum.

",1
0625_w14_qp_12_19,"19  The diagram shows a circuit with a 3.0 
 
",49.60664058,376.0326073,19,"The diagram shows a circuit with a      Ω resistor and a      Ω resistor connected in parallel         Ω    V      ΩA   The switch is open, and the ammeter reads      A    The switch is now closed and the ammeter reads the total current in both resistors   What is the ammeter reading with the switch closed? A      A B      A C      A D      A     © UCLES          /  /O/N/  ",0625_w14_qp_12,9,430,"Thediagramshowsacircuitwitha.

",1
0625_w14_qp_12_20,"20  The diagram shows cables used in the transmission of electrical energy. High voltages are used 
",49.60629,75.0785688,20,"The diagram shows cables used in the transmission of electrical energy  High voltages are used for the transmission    transmission cables  powerstation   Why are high voltages used for the transmission of electrical energy? A Fear of high voltages stops people from interfering with the cables  B Heat loss in the cables is smaller than if low voltages are used  C High voltages increase the current in the cables  D High voltages produce large magnetic fields, so less insulation is needed  ",0625_w14_qp_12,10,450,"Thediagramshowscablesusedinthetransmissionofelectricalenergy.Highvoltagesareused
",1
0625_w14_qp_12_21,"21  The diagram shows a torch containing two cells, a switch and a lamp. 
 
",49.60661762,408.8589369,21,"The diagram shows a torch containing two cells, a switch and a lamp    plastic case brass connecting strip switch lamp cells   Which is the circuit diagram for the torch?   C B A D        © UCLES          /  /O/N/   [Turn over",0625_w14_qp_12,10,430,"Thediagramshowsatorchcontainingtwocells,aswitchandalamp.

",1
0625_w14_qp_12_22,"22  Which  diagram  shows  the  magnetic  field  pattern  around  a  wire  that  is  carrying  a  current 
",49.60629,75.0785688,22,Which diagram shows the magnetic field pattern around a wire that is carrying a current perpendicular to the page?   Awire wireBC D  ,0625_w14_qp_12,11,450,"Whichdiagramshowsthemagneticfieldpatternaroundawirethatiscarryingacurrent
",1
0625_w14_qp_12_23,"23  The diagram shows a simple transformer with an input of 240 V and an output of 40 V. 
 
",49.60685264,236.9654496,23,The diagram shows a simple transformer with an input of      V and an output of     V   There are     turns on the primary coil    output input     turns      V     Vprimary coil secondary coil   How many turns are there on the secondary coil? A     B     C     D      ,0625_w14_qp_12,11,450,"ThediagramshowsasimpletransformerwithaninputofVandanoutputofV.

",1
0625_w14_qp_12_24,"24  An engineer uses the potential divider shown in the diagram. He needs the output voltage to be 
",49.60664472,445.1424076,24,An engineer uses the potential divider shown in the diagram  He needs the output voltage to be one tenth (    ) of the input voltage    XY  outputvoltageinputvoltage   Which pair of values could he use for the two resistors X and Y?   X  / kΩ Y  / kΩ  A          B           C          D             © UCLES          /  /O/N/  ,0625_w14_qp_12,11,450,"Anengineerusesthepotentialdividershowninthediagram.Heneedstheoutputvoltagetobe
",1
0625_w14_qp_12_25,"25  The current in a kettle is 10 A and it is protected by a 13 A fuse. 
 
",49.60629,87.72133958,25,The current in a kettle is     A and it is protected by a     A fuse   The owner of the kettle replaces the     A fuse with a    A fuse   What happens when the kettle is switched on? A The fuse blows and the kettle is damaged  B The fuse blows and the kettle is undamaged  C The fuse does not blow and the kettle works correctly  D The fuse does not blow but the kettle fails to work  ,0625_w14_qp_12,12,440,"ThecurrentinakettleisAanditisprotectedbyaAfuse.

",1
0625_w14_qp_12_26,"26  Which waves are longitudinal? 
 
",49.60669488,264.8597086,26,Which waves are longitudinal?     :  BA C D light wavesfrom a lampmicrowavesin an oven water waveson a pondsound wavesfrom a trumpet  ,0625_w14_qp_12,12,310,"Whichwavesarelongitudinal?

",1
0625_w14_qp_12_27,"27  Which type of electromagnetic wave is used in airport security scanners? 
",49.60802022,465.8061953,27,Which type of electromagnetic wave is used in airport security scanners? A infra-red B microwaves C radio waves D X-rays ,0625_w14_qp_12,12,330,"Whichtypeofelectromagneticwaveisusedinairportsecurityscanners?
",1
0625_w14_qp_12_28,"28  Light waves pass from air into glass and are refracted. 
",49.60802022,592.3463068,28,Light waves pass from air into glass and are refracted  What always remains constant when this happens? A direction B frequency C speed D wavelength      © UCLES          /  /O/N/   [Turn over,0625_w14_qp_12,12,320,"Lightwavespassfromairintoglassandarerefracted.
",1
0625_w14_qp_12_29,"29  In  an  experiment  to  measure  the  speed  of  sound,  a  student  uses  a  stopwatch  to  find  the  time 
",49.60629,75.0785688,29,"In an experiment to measure the speed of sound, a student uses a stopwatch to find the time taken for a sound wave to travel from X to Y  She does this six times    sound travels from X to Y X Y  The table shows her results   measurement time  / s  first    second    third    fourth    fifth    sixth     Which value for the time should be used to calculate the speed of sound? A      s B      s C      s D      s ",0625_w14_qp_12,13,340,"Inanexperimenttomeasurethespeedofsound,astudentusesastopwatchtofindthetime
",1
0625_w14_qp_12_30,"30  A permanent magnet is made from metal and an electromagnet uses a metal core. 
",49.60753808,409.567667,30,A permanent magnet is made from metal and an electromagnet uses a metal core  Which metal is suitable for each of these purposes?  permanent magnet core of electromagnet A iron iron  B iron steel  C steel iron  D steel steel  ,0625_w14_qp_12,13,410,"Apermanentmagnetismadefrommetalandanelectromagnetusesametalcore.
",1
0625_w14_qp_12_31,"31  A fire alarm is not loud enough and the pitch is too low. An engineer adjusts the alarm so that it 
",49.60629,601.6428104,31,A fire alarm is not loud enough and the pitch is too low  An engineer adjusts the alarm so that it produces a louder note of a higher pitch  What effect does this have on the amplitude and on the frequency of the sound waves that the alarm produces?   amplitude frequency  A larger larger  B larger smaller  C smaller larger  D smaller smaller    © UCLES          /  /O/N/  ,0625_w14_qp_12,13,340,"Afirealarmisnotloudenoughandthepitchistoolow.Anengineeradjuststhealarmsothatit
",1
0625_w14_qp_12_32,"32  Which row gives the unit for energy and the unit for electromotive force (e.m.f.)? 
 
",49.60629,87.72133958,32,Which row gives the unit for energy and the unit for electromotive force (e m f )?   energy e m f   A J N  B J V  C W N  D W V  ,0625_w14_qp_12,14,170,"Whichrowgivestheunitforenergyandtheunitforelectromotiveforce(e.m.f.)?

",1
0625_w14_qp_12_33,"33  The ends of three metal rods are tested by holding end Q of rod 1 close to the others in turn. 
 
",49.60629,243.6556812,33,"The ends of three metal rods are tested by hol ding end Q of rod   close to the others in turn    rod   rod   rod  QRSTU  The results are as follows   End Q: attracts end R, attracts end S, attracts end T, repels end U   Which of the metal rods is a magnet? A rod   only B rod   and rod   C rod   and rod   D rod   only ",0625_w14_qp_12,14,410,"TheendsofthreemetalrodsaretestedbyholdingendQofrodclosetotheothersinturn.

",1
0625_w14_qp_12_34,"34  Which movement will require the greatest amount of work to be done? 
",49.60651482,599.036149,34,Which movement will require the greatest amount of work to be done? A a force of     N moving an object a distance of      m B a force of     N moving an object a distance of      m C a force of     N moving an object a distance of      m D a force of     N moving an object a distance of      m      © UCLES          /  /O/N/   [Turn over,0625_w14_qp_12,14,170,"Whichmovementwillrequirethegreatestamountofworktobedone?
",1
0625_w14_qp_12_35,"35  An object is placed in front of a converging lens. The lens has a focal length f. 
",49.60629,75.0785688,35,"An object is placed in front of a converging lens  The lens has a focal length f  The lens produces a real, enlarged image of the object   In which labelled position is the object placed?   A B C D  fflens  ",0625_w14_qp_12,15,320,"Anobjectisplacedinfrontofaconverginglens.Thelenshasafocallengthf.
",1
0625_w14_qp_12_36,"36  A  student  carries  out  an  experiment  to  investigate  the  resistance  of  a  resistor  R.  She  takes  a 
",49.60683336,307.6045094,36,"A student carries out an experiment to investi gate the resistance of a resistor R  She takes a series of readings of potential difference (p d ) and current, and plots a graph of her results   Which circuit should she use?   AR VAARVB AR VCARVD       © UCLES          /  /O/N/  ",0625_w14_qp_12,15,430,"AstudentcarriesoutanexperimenttoinvestigatetheresistanceofaresistorR.Shetakesa
",1
0625_w14_qp_12_37,"37  The diagram shows a radioactive source, a thick aluminium sheet and a radiation detector. 
 
",49.60629,87.72133958,37,"The diagram shows a radioactive source, a thick aluminium sheet and a radiation detector    radioactivesourcethick aluminiumsheetradiation detector    The radiation detector shows a reading greater than the background reading   Which type of radiation is being emitted by the source and detected by the detector? A α-radiation B β-radiation C γ-radiation D infra-red radiation ",0625_w14_qp_12,16,520,"Thediagramshowsaradioactivesource,athickaluminiumsheetandaradiationdetector.

",1
0625_w14_qp_12_38,"38  The count rate from a radioactive isotope is recorded every hour. The count rate is corrected for 
",49.60766314,403.331129,38,The count rate from a radioactive isotope is recorded every hour  The count rate is corrected for background radiation   The table shows the readings  time  / hours            s/countsrate count corrected                          What estimate of the half-life of the isotope can be obtained from the readings in the table? A between   and   hours B between   and   hours C between   and   hours D between   and   hours ,0625_w14_qp_12,16,520,"Thecountratefromaradioactiveisotopeisrecordedeveryhour.Thecountrateiscorrectedfor
",1
0625_w14_qp_12_39,"39  A nuclide is represented by the symbol 
",49.60608282,666.6417636,39,A nuclide is represented by the symbol   XPQ How many neutrons are in one nucleus of the nuclide? A P B Q C P + Q D P – Q      © UCLES          /  /O/N/  ,0625_w14_qp_12,16,510,"Anuclideisrepresentedbythesymbol
",1
0625_w14_qp_12_40,"40  In a cathode-ray tube, a hot tungsten cathode releases particles by thermionic emission. 
 
",49.60629,87.72133958,40,"In a cathode-ray tube, a hot tungsten cathode releases particles by thermionic emission   What are these particles? A α-particles B electrons C protons D tungsten atoms      © UCLES          /  /O/N/    BLANK PAGE      © UCLES          /  /O/N/    BLANK PAGE          Permission to reproduce items where thir d-party owned material protected by copyright is included has been sought and cleared w here possible  Every reasonable effort has been made by the publisher (UCLES) to trace copyright holder s, but if any items requiring clearance have unwittingly been included, the publisher will be pleased to make amends at the earliest possible opportunity   Cambridge International Examinations is part of the Cambridge Asse ssment Group  Cambridge Assessment is the brand name of Unive rsity of Cambridge Local Examinations Syndicate (UCLES), which is itself a department of the University of Cambridge    © UCLES          /  /O/N/    BLANK PAGE     ",0625_w14_qp_12,17,520,"Inacathode-raytube,ahottungstencathodereleasesparticlesbythermionicemission.

",1
0625_w14_qp_13_01,"1  A stopwatch is used to time a runner in a race. The diagrams show the stopwatch at the start and 
",49.60629,75.0785688,1,A stopwatch is used to time a runner in a race  The diagrams show the stopwatch at the start and at the end of a lap of the race    start of lap end of lap  :     :       :     :      How long did the runner take to finish the lap of the race? A       seconds B       seconds C       seconds D        seconds ,0625_w14_qp_13,2,110,"Astopwatchisusedtotimearunnerinarace.Thediagramsshowthestopwatchatthestartand
",0
0625_w14_qp_13_02,"2  The graph shows how the speed of a car changes with time. 
 
",49.60731648,406.8472167,2,The graph shows how the speed of a car changes with time    speed UV W X Y time     Between which two times is the car stationary? A U and V B V and W C W and X D X and Y     © UCLES          /  /O/N/   [Turn over,0625_w14_qp_13,2,120,"Thegraphshowshowthespeedofacarchangeswithtime.

",1
0625_w14_qp_13_03,"3  An  aeroplane  flies  from  town  X  to  town  Z,  stopping  for  1  hour  at  town  Y  to  pick  up  more 
",49.60629,75.0785688,3,"An aeroplane flies from town X to town Z, stopping for   hour at town Y to pick up more passengers  The distances between the towns are shown in the diagram         km     kmYX Z   The total time taken between leaving X and arriving at Z is   hours   What is the average speed of the aeroplane in the air? A       km  / h B      km  / h C      km  / h D      km  / h ",0625_w14_qp_13,3,120,"AnaeroplanefliesfromtownXtotownZ,stoppingforhourattownYtopickupmore
",0
0625_w14_qp_13_04,"4  The mass of an astronaut is 70 kg on the Moon. 
 
",49.60673688,320.5590396,4,The mass of an astronaut is     kg on the Moon   What is the mass of the astronaut on the Earth? A    kg B     kg C     kg D      kg ,0625_w14_qp_13,3,130,"ThemassofanastronautiskgontheMoon.

",1
0625_w14_qp_13_05,"5  The weight of an object is found using the balance shown in the diagram. The object is put in the 
",49.60698352,394.799167,5,"The weight of an object is found using the balance shown in the diagram  The object is put in the left-hand pan and various weights are put in the right-hand pan    object weights   These are the results   weights in the right-hand pan effect       N,      N,       N,       N balance tips down slightly on the left-hand side       N,      N,       N balance tips down slightly on the right-hand side   What is the best estimate of the weight of the object? A       N B       N C       N D       N     © UCLES          /  /O/N/  ",0625_w14_qp_13,3,152,"Theweightofanobjectisfoundusingthebalanceshowninthediagram.Theobjectisputinthe
",1
0625_w14_qp_13_06,"6  Diagram 1 shows an empty measuring cylinder on a balance. 
 
",49.60629,87.72133958,6,"Diagram   shows an empty measuring cylinder on a balance   Diagram   shows the same measuring cylinder on the balance, but it now contains a liquid    cm  diagram                              gcm  diagram                              g   What is the density of the liquid? A      g / cm  B      g / cm  C      g / cm  D      g / cm  ",0625_w14_qp_13,4,110,"Diagramshowsanemptymeasuringcylinderonabalance.

",0
0625_w14_qp_13_08,"8  The diagram shows a uniform, flat metal sheet hanging freely from a nail at point A. A weight also 
",49.60629,75.0785688,8,"The diagram shows a uniform, flat metal sheet hanging freely from a nail at point A  A weight also hangs freely on a string tied to A    One of the labelled points is at the centre of mass of the metal sheet   Which point is at the centre of mass?   nail  metal sheet weightA B C D   ",0625_w14_qp_13,5,152,"Thediagramshowsauniform,flatmetalsheethangingfreelyfromanailatpointA.Aweightalso
",0
0625_w14_qp_13_09,"9  When a bicycle lamp is switched on, what is the useful energy change within the battery? 
",49.6066276,426.9149053,9,"When a bicycle lamp is switched on, what is the useful energy change within the battery? A chemical energy to electrical energy B electrical energy to chemical energy C electrical energy to light energy D light energy to chemical energy ",0625_w14_qp_13,5,170,"Whenabicyclelampisswitchedon,whatistheusefulenergychangewithinthebattery?
",0
0625_w14_qp_13_10,"10  A student does some work by pulling a suitcase along a corridor. 
 
",49.60552776,566.0967977,10,A student does some work by pulling a suitcase along a corridor   She now pulls a second suitcase along the corridor   Which row indicates that the student is now doing twice as much work?   the force used to pull suitcase the distance the suitcase is pulled  A is doubled is doubled  B is doubled is halved  C stays the same is doubled  D stays the same is halved      © UCLES          /  /O/N/  ,0625_w14_qp_13,5,170,"Astudentdoessomeworkbypullingasuitcasealongacorridor.

",0
0625_w14_qp_13_11,"11  The scale diagram shows three identical blocks, P, Q and R. The blocks have different areas of 
",49.60629,75.0785688,11,"The scale diagram shows three identical blocks, P, Q and R  The blocks have different areas of contact with the ground    PQ R  Which block exerts the greatest pressure on the ground? A block P B block Q C block R D they all exert the same pressure ",0625_w14_qp_13,6,220,"Thescalediagramshowsthreeidenticalblocks,P,QandR.Theblockshavedifferentareasof
",0
0625_w14_qp_13_12,"12  A manometer is used to measure the pressure of the air in a container. 
 
",49.60771882,366.8504167,12,A manometer is used to measure the pressure of the air in a container    hconnectionto containermanometerliquid   Which change would give a bigger value of height h  ? A using a less dense liquid B using a more dense liquid C using a narrower tube D using a wider tube     © UCLES          /  /O/N/   [Turn over,0625_w14_qp_13,6,180,"Amanometerisusedtomeasurethepressureoftheairinacontainer.

",0
0625_w14_qp_13_13,"13  The  volume  of  a  gas  in  a  sealed  syringe  is  increased.  The  temperature  of  the  gas  does  not 
",49.60629,75.0785688,13,"The volume of a gas in a sealed syringe is increased  The temperature of the gas does not change    before change after change   After this change is made, what has happened to the gas molecules in the syringe? A They move more quickly  B They move more slowly  C They hit the syringe walls less often  D They hit the syringe walls more often  ",0625_w14_qp_13,7,210,"Thevolumeofagasinasealedsyringeisincreased.Thetemperatureofthegasdoesnot
",0
0625_w14_qp_13_14,"14  Some liquid is poured into a metal dish on a wooden table. The dish, the liquid, the table and the 
",49.60659904,430.204446,14,"Some liquid is poured into a metal dish on a wooden table  The dish, the liquid, the table and the air around the dish are all at the same temperature    metal dishliquid wooden table   The temperature of the liquid now starts to decrease   What could cause this temperature decrease? A convection currents in the liquid B conduction of heat through the metal dish C evaporation of the liquid D heat radiation from the liquid     © UCLES          /  /O/N/  ",0625_w14_qp_13,7,220,"Someliquidispouredintoametaldishonawoodentable.Thedish,theliquid,thetableandthe
",0
0625_w14_qp_13_15,"15  The diagram shows four labelled changes of state between solid, liquid and gas. 
 
",49.60629,87.72133958,15,"The diagram shows four labelled changes of state between solid, liquid and gas    solid liquid gasPSQR   Which changes need an energy input? A P and Q B Q and R C R and S D S and P ",0625_w14_qp_13,8,220,"Thediagramshowsfourlabelledchangesofstatebetweensolid,liquidandgas.

",0
0625_w14_qp_13_16,"16  Equal masses of two different liquids are put into identical beakers. 
 
 
 
 
 
",49.60712506,329.857367,16,Equal masses of two different liquids are put into identical beakers    Liquid   is heated for      s and liquid   is heated for      s by heaters of the same power     The temperature of both liquids increases by the same amount    liquid   liquid   heating time =      s heating time =      sheaters ofsame powerdifferent liquidsof same mass   Which statement is correct? A Both liquids receive the same amount of energy  B Liquid   receives more energy than liquid    C Both liquids have equal thermal capacity  D The thermal capacity of liquid   is less than the thermal capacity of liquid        © UCLES          /  /O/N/   [Turn over,0625_w14_qp_13,8,220,"Equalmassesoftwodifferentliquidsareputintoidenticalbeakers.





",1
0625_w14_qp_13_17,"17  Two methods by which thermal energy can be transferred are conduction and radiation. 
",49.60629,75.0785688,17,Two methods by which thermal energy can be transferred are conduction and radiation  Which statement is correct? A Conduction involves density changes in fluids  B Conduction only occurs in solids  C Radiation cannot occur in a vacuum  D Radiation involves electromagnetic waves  ,0625_w14_qp_13,9,230,"Twomethodsbywhichthermalenergycanbetransferredareconductionandradiation.
",0
0625_w14_qp_13_18,"18  A heater is to be fitted in a room to warm the air throughout the room. 
",49.60629,225.2598511,18,"A heater is to be fitted in a room to warm the air throughout the room  The diagram shows two possible positions to fit the heater, P and Q    position Pposition Qroom   Which position is better and why?  position why?  A P warmer air is less dense and rises  B P warmer air is more dense and rises  C Q warmer air is less dense and falls  D Q warmer air is more dense and falls      © UCLES          /  /O/N/  ",0625_w14_qp_13,9,230,"Aheateristobefittedinaroomtowarmtheairthroughouttheroom.
",0
0625_w14_qp_13_19,"19  The diagram shows four waves drawn to the same scale. 
 
",49.60629,87.72133958,19,The diagram shows four waves drawn to the same scale      P distance  Q distance   R distance  S distancedisplacement displacement displacement displacement   Which statement is correct? A The amplitude of wave P is the same as the amplitude of wave R  B The amplitude of wave S is double the amplitude of wave Q  C The wavelength of wave Q is double the wavelength of wave P  D The wavelength of wave S is the same as the wavelength of wave Q  ,0625_w14_qp_13,10,310,"Thediagramshowsfourwavesdrawntothesamescale.

",1
0625_w14_qp_13_20,"20  Waves travel more quickly on the surface of water when the water is deep. 
",49.60499499,460.563436,20,Waves travel more quickly on the surface of water when the water is deep  A stone is dropped at point X into a pool of va rying depth  The diagram shows the first wavefront on the surface of the pool  The region between X and which labelled point is likely to be the deepest?   wavefrontAB DC X       © UCLES          /  /O/N/   [Turn over,0625_w14_qp_13,10,310,"Wavestravelmorequicklyonthesurfaceofwaterwhenthewaterisdeep.
",0
0625_w14_qp_13_21,"21  An intruder alarm sensor detects that a human is warmer than his surroundings. 
 
",49.60629,87.72133958,21,An intruder alarm sensor detects that a human is warmer than his surroundings   Which type of electromagnetic wave does the sensor detect? A infra-red B radio C ultraviolet D visible light ,0625_w14_qp_13,11,330,"Anintruderalarmsensordetectsthatahumaniswarmerthanhissurroundings.

",0
0625_w14_qp_13_22,"22  Which waves are longitudinal? 
 
",49.60629,239.5469926,22,Which waves are longitudinal?     :  BA C D light wavesfrom a lampmicrowavesin an oven water waveson a pondsound wavesfrom a trumpet  ,0625_w14_qp_13,11,310,"Whichwavesarelongitudinal?

",1
0625_w14_qp_13_23,"23  An object is placed in front of a converging lens. The lens has a focal length f. 
",49.60802022,440.4927094,23,An object is placed in front of a converging lens  The lens has a focal length f  In which labelled position should the object be placed in order to produce a real image of the object that is smaller than the object?   A B C D  fflens       © UCLES          /  /O/N/  ,0625_w14_qp_13,11,320,"Anobjectisplacedinfrontofaconverginglens.Thelenshasafocallengthf.
",1
0625_w14_qp_13_24,"24  Three vibrating objects P, Q and R produce waves in the air of different frequencies as shown. 
",49.60629,75.0785688,24,"Three vibrating objects P, Q and R produce waves in the air of different frequencies as shown  object frequency  / Hz  P   Q       R          Which of these waves can be heard by a human ear? A P, Q and R B P and Q only C P and R only D Q and R only ",0625_w14_qp_13,12,340,"ThreevibratingobjectsP,QandRproducewavesintheairofdifferentfrequenciesasshown.
",0
0625_w14_qp_13_25,"25  In  an  experiment  to  measure  the  speed  of  sound,  a  student  uses  a  stopwatch  to  find  the  time 
",49.60608282,318.6044803,25,"In an experiment to measure the speed of sou nd, a student uses a stopwatch to find the time taken for a sound wave to travel from X to Y  She does this six times    sound travels from X to Y X Y  The table shows her results   measurement time  / s  first    second    third    fourth    fifth    sixth     Which value for the time should be used to calculate the speed of sound? A      s B      s C      s D      s      © UCLES          /  /O/N/   [Turn over",0625_w14_qp_13,12,340,"Inanexperimenttomeasurethespeedofsound,astudentusesastopwatchtofindthetime
",1
0625_w14_qp_13_26,"26  The ends of three metal rods are tested by holding end Q of rod 1 close to the others in turn. 
 
",49.60629,87.72133958,26,"The ends of three metal rods are tested by hol ding end Q of rod   close to the others in turn    rod   rod   rod  QRSTU  The results are as follows   End Q: attracts end R, attracts end S, attracts end T, repels end U   Which of the metal rods is a magnet? A rod   only B rod   and rod   C rod   and rod   D rod   only ",0625_w14_qp_13,13,410,"TheendsofthreemetalrodsaretestedbyholdingendQofrodclosetotheothersinturn.

",1
0625_w14_qp_13_27,"27  The  diagram  shows  two  bar  magnets,  stored  with  metal  keepers  across  the  ends.  The  keepers 
",49.60651482,443.1035688,27,"The diagram shows two bar magnets, stored with metal keepers across the ends  The keepers help to keep the magnets magnetised    magnetmagnetkeeper keeper   The material used for the keepers becomes strongly magnetised when placed in contact with the magnets, but does not remain magnetised when taken away from the magnets   What is a suitable metal to use for the magnets and what is a suitable metal to use for the keepers?   metal for magnets metal for keepers  A iron iron  B iron steel  C steel iron   D steel steel      © UCLES          /  /O/N/  ",0625_w14_qp_13,13,410,"Thediagramshowstwobarmagnets,storedwithmetalkeepersacrosstheends.Thekeepers
",0
0625_w14_qp_13_28,"28  Four wires are made from the same material. 
",49.60629,75.0785688,28,Four wires are made from the same material  Which wire has the least resistance?   diameter of wire  / mm length of wire  / cm  A          B          C          D          ,0625_w14_qp_13,14,420,"Fourwiresaremadefromthesamematerial.
",0
0625_w14_qp_13_29,"29  A 30 
",49.60629,260.8332932,29,A     Ω resistor is connected in series with another resistor and a      V battery  The current in the circuit is       A  A voltmeter is connected across the other resistor        Ω V      A    V   What is the reading on the voltmeter? A      V B      V C      V D      V ,0625_w14_qp_13,14,430,"A
",0
0625_w14_qp_13_30,"30  A circuit contains four ammeters A, B, C and D, and three resistors with different values. 
",49.60753808,502.1186812,30,"A circuit contains four ammeters A, B, C and D, and three resistors with different values  Which ammeter shows the largest reading?   AAA A    Ω   Ω    ΩABCD       © UCLES          /  /O/N/   [Turn over",0625_w14_qp_13,14,430,"AcircuitcontainsfourammetersA,B,CandD,andthreeresistorswithdifferentvalues.
",0
0625_w14_qp_13_31,"31  The diagram shows a torch containing two cells, a switch and a lamp. 
 
",49.60629,87.72133958,31,"The diagram shows a torch containing two cells, a switch and a lamp    plastic case brass connecting strip switch lamp cells   Which is the circuit diagram for the torch?   C B A D   ",0625_w14_qp_13,15,430,"Thediagramshowsatorchcontainingtwocells,aswitchandalamp.

",1
0625_w14_qp_13_32,"32  The  diagram  shows  a  circuit  with  a  fixed  resistor  connected  in  series  with  a  light-dependent 
",49.60789168,382.6095052,32,The diagram shows a circuit with a fixed resistor connected in series with a light-dependent resistor (LDR)  A voltmeter is connected across the LDR    V   A bright lamp shines light onto the LDR  The lamp is then switched off and this causes the voltmeter reading to change   Which row shows the change in the resistance of the LDR and the change in the voltmeter reading when the lamp is switched off?  resistance of LDR voltmeter reading  A decreases decreases  B decreases increases  C increases decreases  D increases increases       © UCLES          /  /O/N/  ,0625_w14_qp_13,15,430,"Thediagramshowsacircuitwithafixedresistorconnectedinserieswithalight-dependent
",0
0625_w14_qp_13_33,"33  The current in an electrical heater is 5.0 A. 
 
",49.60629,87.72133958,33,The current in an electrical heater is      A   The heater is connected to the mains by a flexible cable that can carry a current of up to     A  The mains circuit can carry a current of up to     A   Different fuses are available for the heater   Which fuse is the most suitable? A      A B     A C     A D     A ,0625_w14_qp_13,16,440,"Thecurrentinanelectricalheateris.A.

",0
0625_w14_qp_13_34,"34  The diagram shows a thin copper wire in a magnetic field. The current in the wire is from right to 
",49.6069928,225.202267,34,"The diagram shows a thin copper wire in a magnetic field  The current in the wire is from right to left  This causes an upward force on the wire    force on wirecurrent   The direction of the current and the direction of the magnetic field are both reversed   In which direction does the force act on the wire, after these changes are made? A downwards B into the page C out of the page D upwards ",0625_w14_qp_13,16,450,"Thediagramshowsathincopperwireinamagneticfield.Thecurrentinthewireisfromrightto
",0
0625_w14_qp_13_35,"35  A  solenoid  is  connected  to  a  very  sensitive  ammeter.  A  rod  is  inserted  into  one  end  of  the 
solenoid. The ammeter shows that there is a small electric current in the circuit while the rod is 
moving. 
",49.60653616,516.9457391,35,A solenoid is connected to a very sensitive ammeter  A rod is inserted into one end of the solenoid  The ammeter shows that there is a small electric current in the circuit while the rod is moving    solenoidrod A  Which rod is being inserted? A a heated copper rod B a magnetised steel rod C an uncharged nylon rod D a radioactive uranium rod      © UCLES          /  /O/N/   [Turn over,0625_w14_qp_13,16,450,"Asolenoidisconnectedtoaverysensitiveammeter.Arodisinsertedintooneendofthe
solenoid.Theammetershowsthatthereisasmallelectriccurrentinthecircuitwhiletherodis
moving.
",0
0625_w14_qp_13_36,"36  The diagram shows the structure of a transformer. 
 
",49.60629,87.72133958,36,The diagram shows the structure of a transformer      primary coil core   Which row shows a suitable material for the primary coil and a suitable material for the core?   primary coil core  A copper copper  B copper iron  C iron copper  D iron iron  ,0625_w14_qp_13,17,450,"Thediagramshowsthestructureofatransformer.

",0
0625_w14_qp_13_37,"37  In a cathode-ray tube, a hot tungsten cathode releases particles by thermionic emission. 
 
",49.60629,417.618067,37,"In a cathode-ray tube, a hot tungsten cathode releases particles by thermionic emission   What are these particles? A α-particles B electrons C protons D tungsten atoms      © UCLES          /  /O/N/  ",0625_w14_qp_13,17,520,"Inacathode-raytube,ahottungstencathodereleasesparticlesbythermionicemission.

",1
0625_w14_qp_13_38,"38  A radioactive source emits three types of radiation R, S and T. 
 
 
 
",49.60629,113.0068812,38,"A radioactive source emits three types of radiation R, S and T    The diagram shows an experiment set up to study the penetrating properties of R, S and T    paper few mm ofaluminiumfew cmof leadR TS   Which types of radiation are R, S and T?   R S T  A α-particles β-particles γ-rays  B α-particles γ-rays β-particles  C β-particles α-particles γ-rays  D γ-rays β-particles α-particles  ",0625_w14_qp_13,18,520,"AradioactivesourceemitsthreetypesofradiationR,SandT.



",0
0625_w14_qp_13_39,"39  The  half-life  of  a  radioactive  substance  is  10  minutes.  A  sample  of  the  radioactive  substance 
",49.60629,412.2602962,39,The half-life of a radioactive substance is    minutes  A sample of the radioactive substance contains      nuclei  How many radioactive nuclei were in the sample half an hour earlier? A     B      C      D         ,0625_w14_qp_13,18,520,"Thehalf-lifeofaradioactivesubstanceisminutes.Asampleoftheradioactivesubstance
",0
0625_w14_qp_13_40,"40  Which statement about the nuclei of all atoms is correct? 
",49.6069928,510.1406812,40,"Which statement about the nuclei of all atoms is correct? A They are very small compared with the size of the atoms  B They always contain the same number of protons as neutrons  C They contain electrons, neutrons and protons  D They have a total charge of zero       © UCLES          /  /O/N/    BLANK PAGE      Permission to reproduce items where t hird-party owned material protected by copyright  is included has been sought and cleared w here possible  Every reasonable effort has been made by the publisher (UCLES) to trace copyright holder s, but if any items requiring clearance have unwittingly been included, the publisher will be pleased to make amends at the earliest possible opportunity   Cambridge International Examinations is part of the Cambridge Asse ssment Group  Cambridge Assessment is the brand name of Unive rsity of Cambridge Local Examinations Syndicate (UCLES), which is itself a department of the University of Cambridge    © UCLES          /  /O/N/    BLANK PAGE ",0625_w14_qp_13,18,510,"Whichstatementaboutthenucleiofallatomsiscorrect?
",0
0625_w15_qp_11_01,"1  Which  option  contains  only  apparatus  that  could  be  used  to  determine  the  volume  of  a  small 
",49.60629,75.2325464,1,"Which option contains only apparatus that could be used to determine the volume of a small block of unknown material? A measuring cylinder, metre rule B measuring cylinder, stopwatch C metre rule, balance D metre rule, stopwatch ",0625_w15_qp_11,2,110,"Whichoptioncontainsonlyapparatusthatcouldbeusedtodeterminethevolumeofasmall
",0
0625_w15_qp_11_02,"2  The graph represents the motion of a car. 
 
",49.60639998,227.0581995,2,The graph represents the motion of a car                               time  / sspeedm / s   What is the distance travelled by the car while it is moving at a constant speed? A      m B      m C      m D      m ,0625_w15_qp_11,2,120,"Thegraphrepresentsthemotionofacar.

",0
0625_w15_qp_11_03,"3  A car travels along the route PQRST in 30 minutes. 
 
",49.60715938,482.6006154,3,A car travels along the route PQRST in    minutes    PQRST   km  km   km    km   What is the average speed of the car? A     km  / hour B     km  / hour C     km  / hour D     km  / hour     © UCLES          /  /O/N/   [Turn over,0625_w15_qp_11,2,120,"AcartravelsalongtheroutePQRSTinminutes.

",0
0625_w15_qp_11_04,"4  The mass of an object is measured on Earth. The mass is 5.0 kg. 
 
",49.60629,87.87531718,4,"The mass of an object is measured on Earth  The mass is      kg   The object is taken to the Moon  The mass of the object is measured on the Moon   What is the mass of the object on the Moon? A    kg B more than    kg, but less than      kg C      kg D more than      kg ",0625_w15_qp_11,3,130,"ThemassofanobjectismeasuredonEarth.Themassis.kg.

",0
0625_w15_qp_11_05,"5  A student wishes to determine the density of the solid block shown. 
 
",49.60668864,265.0132154,5,A student wishes to determine the density of the solid block shown      Which quantities must be known? A the area of the shaded face and the volume of the block B the area of the shaded face and the weight of the block C the mass of the block and the height of the block D the mass of the block and the volume of the block     © UCLES          /  /O/N/  ,0625_w15_qp_11,3,220,"Astudentwishestodeterminethedensityofthesolidblockshown.

",0
0625_w15_qp_11_06,"6  A  heavy  beam  rests  on  two  supports.  The  diagram  shows  the  only  three  forces  F1,  F2  and  F3 
",49.60629,75.8585552,6,"A heavy beam rests on two supports  The diagram shows the only three forces F  , F   and F   acting on the beam    F  F  F support support beam   The beam is in equilibrium   Which statement is correct? A All the forces are equal in size  B The resultant force on the beam is in the opposite direction to the resultant turning effect  C The resultant force on the beam is zero and the resultant turning effect on the beam is zero  D The total upward force is twice the total downward force  ",0625_w15_qp_11,4,152,"Aheavybeamrestsontwosupports.ThediagramshowstheonlythreeforcesF,FandF
",0
0625_w15_qp_11_07,"7  Which list contains only properties of an object that can be changed by a force? 
",49.60675192,375.6711621,7,"Which list contains only properties of an object that can be changed by a force? A direction of motion, mass, shape B direction of motion, mass, speed C direction of motion, shape, speed D mass, shape, speed ",0625_w15_qp_11,4,120,"Whichlistcontainsonlypropertiesofanobjectthatcanbechangedbyaforce?
",0
0625_w15_qp_11_08,"8  What needs to be known to calculate the work done by a force acting on an object? 
 
",49.60664194,514.8597635,8,What needs to be known to calculate the work done by a force acting on an object?   the size of  the force the distance the force moves the object the time for which the force acts   A /a   /a   /a   key  B /a   /a   /a   /a  = needed  C /a   /a   /a   /a  = not needed  D /a   /a   /a         © UCLES          /  /O/N/   [Turn over,0625_w15_qp_11,4,170,"Whatneedstobeknowntocalculatetheworkdonebyaforceactingonanobject?

",0
0625_w15_qp_11_09,"9  Electrical energy may be obtained from nuclear fission. 
 
",49.60629,87.87531718,9,Electrical energy may be obtained from nuclear fission   In which order is the energy transferred in this process? A nuclear fuel → generator → reactor and boiler → turbines B nuclear fuel → generator → turbines → reactor and boiler C nuclear fuel → reactor and boiler → generator → turbines D nuclear fuel → reactor and boiler → turbines → generator ,0625_w15_qp_11,5,170,"Electricalenergymaybeobtainedfromnuclearfission.

",0
0625_w15_qp_11_10,"10  The  diagram  shows  a  manometer  containing  a  liquid.  The  manometer  is  used  to  find  the 
",49.60749982,230.3947841,10,The diagram shows a manometer containing a liquid  The manometer is used to find the difference between the pressure of a gas and atmospheric pressure   Which distance represents this pressure difference?   BAC Dgaspressure liquid ,0625_w15_qp_11,5,180,"Thediagramshowsamanometercontainingaliquid.Themanometerisusedtofindthe
",0
0625_w15_qp_11_11,"11  Four physics teachers investigate pressure. They wear identical clothes and lie on different beds 
",49.6066176,511.9316838,11,Four physics teachers investigate pressure  They wear identical clothes and lie on different beds of nails   The table gives the weight of each teacher and the total area of contact between the teacher and the nails   Which teacher experiences the least pressure from the nails?   weight of teacher  / N total area of contact  / cm A       B         C       D            © UCLES          /  /O/N/  ,0625_w15_qp_11,5,180,"Fourphysicsteachersinvestigatepressure.Theywearidenticalclothesandlieondifferentbeds
",0
0625_w15_qp_11_12,"12  A cylinder of constant volume contains a fixed mass of gas. The gas is cooled. 
 
",49.60629,87.87531718,12,A cylinder of constant volume contains a fixed mass of gas  The gas is cooled   What happens to the pressure of the gas and what happens to the kinetic energy of the gas molecules?   pressure of gas kinetic energy  of molecules  A decreases decreases  B decreases increases  C increases decreases  D increases increases  ,0625_w15_qp_11,6,210,"Acylinderofconstantvolumecontainsafixedmassofgas.Thegasiscooled.

",0
0625_w15_qp_11_13,"13  A swimmer feels cold after leaving warm water on a warm, windy day. 
 
",49.60629,295.9105446,13,"A swimmer feels cold after leaving warm water on a warm, windy day   Why does she feel cold even though the air is warm? A The less energetic water molecules on her skin escape quickly  B The more energetic water molecules on her skin do not escape quickly  C The water on her skin does not evaporate quickly enough to keep her warm  D The water on her skin evaporates quickly and cools her skin  ",0625_w15_qp_11,6,220,"Aswimmerfeelscoldafterleavingwarmwateronawarm,windyday.

",0
0625_w15_qp_11_14,"14  A circular metal disc is heated. 
 
",49.60716987,447.7639136,14,A circular metal disc is heated   Which quantity decreases? A its density B its diameter C its thickness D its volume ,0625_w15_qp_11,6,220,"Acircularmetaldiscisheated.

",0
0625_w15_qp_11_15,"15  The same quantity of thermal (heat) energy is given to two objects X and Y. The temperature rise 
",49.60716987,586.9687927,15,The same quantity of thermal (heat) energy is given to two objects X and Y  The temperature rise of object X is less than the temperature rise of object Y   What accounts for this difference? A X has a larger thermal capacity than Y  B X is a better thermal conductor than Y  C Y has a larger thermal capacity than X  D Y is a better thermal conductor than X      © UCLES          /  /O/N/   [Turn over,0625_w15_qp_11,6,220,"Thesamequantityofthermal(heat)energyisgiventotwoobjectsXandY.Thetemperaturerise
",0
0625_w15_qp_11_16,"16  The air in a room is heated by a heater. The diagram shows the circulation of the air in the room. 
 
",49.60629,87.87531718,16,The air in a room is heated by a heater  The diagr am shows the circulation of the air in the room    roomcirculationof airheater   Which statement about the air that is heated is correct? A The air contracts and becomes less dense  B The air contracts and becomes more dense  C The air expands and becomes less dense  D The air expands and becomes more dense  ,0625_w15_qp_11,7,230,"Theairinaroomisheatedbyaheater.Thediagramshowsthecirculationoftheairintheroom.

",0
0625_w15_qp_11_17,"17  Four rods are made from different metals P, Q, R and S. The rods have equal lengths and equal 
",49.60751603,358.7195546,17,"Four rods are made from different metals P, Q, R and S  The rods have equal lengths and equal diameters  The rods are heated at one end, in the same way   The table shows the time taken for the temperatur e at the other end of each rod to rise by      °C   Which metal is the best conductor of thermal energy (heat)?  metal time taken  / s  P   Q     R   S      A metal P B metal Q C metal R D metal S     © UCLES          /  /O/N/  ",0625_w15_qp_11,7,230,"FourrodsaremadefromdifferentmetalsP,Q,RandS.Therodshaveequallengthsandequal
",0
0625_w15_qp_11_18,"18  The  diagram  shows  a  side  view  of  a  water  wave  at  a  particular  time.  The  diagram  is  drawn  full 
",49.60629,75.2545432,18,The diagram shows a side view of a water wave at a particular time  The diagram is drawn full size    direction oftravel of wave   Which statement about the wave is correct? A The wave is longitudinal and the frequency can be measured from the diagram  B The wave is longitudinal and the wavelength can be measured from the diagram  C The wave is transverse and the frequency can be measured from the diagram  D The wave is transverse and the wavelength can be measured from the diagram  ,0625_w15_qp_11,8,310,"Thediagramshowsasideviewofawaterwaveataparticulartime.Thediagramisdrawnfull
",0
0625_w15_qp_11_19,"19  The diagram shows a water wave approaching a barrier with a gap. 
 
",49.60670762,341.0094945,19,The diagram shows a water wave approaching a barrier with a gap    barrier directionof travelwater wave P   The wave reaches point P   What is the name of the effect that causes the wave to reach point P? A diffraction B dispersion C reflection D refraction ,0625_w15_qp_11,8,310,"Thediagramshowsawaterwaveapproachingabarrierwithagap.

",0
0625_w15_qp_11_20,"20  The diagram represents the electromagnetic spectrum. 
 
",49.60658048,633.800856,20,"The diagram represents the electromagnetic spectrum   Some regions have been labelled, and some labels are missing   Which region should be labelled as infra-red waves?  radio waves A B visible light C D γ-rays      © UCLES          /  /O/N/   [Turn over",0625_w15_qp_11,8,330,"Thediagramrepresentstheelectromagneticspectrum.

",0
0625_w15_qp_11_21,"21  A  student  draws  a  diagram  representing  three  rays  of  light  from  point  P  passing  through  a 
",49.60629,75.2545432,21,A student draws a diagram representing three rays of light from point P passing through a converging lens  Each point labelled F is a principal focus of the lens    FFP ray X ray Yray Zlens   Which of the rays has the student drawn correctly? A ray X and ray Y B ray X and ray Z C ray Y only D ray Z only ,0625_w15_qp_11,9,320,"AstudentdrawsadiagramrepresentingthreeraysoflightfrompointPpassingthrougha
",0
0625_w15_qp_11_22,"22  The diagram shows a ray of light inside a glass rod. The critical angle for the light in the glass is 
",49.6066605,424.3709445,22,The diagram shows a ray of light inside a glass rod  The critical angle for the light in the glass is   °      °normal glass rodray of lightair surface ofglass rod   Which row shows what happens to the light when it reaches the surface of the glass rod?   any light reflected? any light refracted?  A no no  B no yes  C yes no  D yes yes      © UCLES          /  /O/N/  ,0625_w15_qp_11,9,320,"Thediagramshowsarayoflightinsideaglassrod.Thecriticalangleforthelightintheglassis
",0
0625_w15_qp_11_23,"23  Which row states whether light waves and whether sound waves can travel in a vacuum? 
",49.60629,75.2545432,23,Which row states whether light waves and whether sound waves can travel in a vacuum?  sound waves light waves  A no no  B no yes  C yes no  D yes yes  ,0625_w15_qp_11,10,340,"Whichrowstateswhetherlightwavesandwhethersoundwavescantravelinavacuum?
",0
0625_w15_qp_11_24,"24  Sounds are produced by vibrating objects. A certain object vibrates but a person nearby cannot 
",49.60629,229.5449806,24,Sounds are produced by vibrating objects  A certain object vibrates but a person nearby cannot hear any sound   Which statement could explain why nothing is heard? A The amplitude of the sound waves is too large  B The frequency of the vibration is too high  C The sound waves are transverse  D The speed of the sound waves is too high  ,0625_w15_qp_11,10,340,"Soundsareproducedbyvibratingobjects.Acertainobjectvibratesbutapersonnearbycannot
",0
0625_w15_qp_11_25,"25  Which row states whether each metal is ferrous or non-ferrous? 
",49.60629,394.0409005,25,Which row states whether each metal is ferrous or non-ferrous?  ferrous non-ferrous  A aluminium copper  B copper iron  C iron steel  D steel aluminium  ,0625_w15_qp_11,10,410,"Whichrowstateswhethereachmetalisferrousornon-ferrous?
",0
0625_w15_qp_11_26,"26  Which procedure may be used to demagnetise a steel bar? 
",49.60629,548.3291706,26,Which procedure may be used to demagnetise a steel bar? A cooling it in a freezer for several hours B earthing it with a copper wire for several seconds C removing it slowly from a coil carrying an alternating current (a c ) D rubbing it in one direction with a woollen cloth ,0625_w15_qp_11,10,410,"Whichproceduremaybeusedtodemagnetiseasteelbar?
",0
0625_w15_qp_11_27,"27  What is the unit of electrical power? 
",49.60629,674.8692821,27,What is the unit of electrical power? A ampere B joule C volt D watt     © UCLES          /  /O/N/   [Turn over,0625_w15_qp_11,10,420,"Whatistheunitofelectricalpower?
",0
0625_w15_qp_11_28,"28  Some resistors are made using one type of wire. Two different lengths of wire are available. Each 
",49.60629,75.2545432,28,Some resistors are made using one type of wire  Two different lengths of wire are available  Each length is available in two different diameters    Which wire has the highest resistance? A the wire with the greater length and the larger diameter B the wire with the greater length and the smaller diameter C the wire with the smaller length and the larger diameter D the wire with the smaller length and the smaller diameter ,0625_w15_qp_11,11,420,"Someresistorsaremadeusingonetypeofwire.Twodifferentlengthsofwireareavailable.Each
",0
0625_w15_qp_11_29,"29  Four  students  are  each  given  an  identical  resistor  and  asked  to  find  its  resistance.  They  each 
",49.60618002,238.0776064,29,Four students are each given an identical resistor and asked to find its resistance  They each measure the potential difference across the resistor and the current in it   One student makes a mistake   Which row shows the results of the student that makes a mistake?  potential difference  / V current  / A  A            B            C          D            ,0625_w15_qp_11,11,420,"Fourstudentsareeachgivenanidenticalresistorandaskedtofinditsresistance.Theyeach
",0
0625_w15_qp_11_30,"30  What is the circuit symbol for a variable resistor? 
 
",49.60629,464.9403688,30,What is the circuit symbol for a variable resistor?   A B C D       © UCLES          /  /O/N/  ,0625_w15_qp_11,11,430,"Whatisthecircuitsymbolforavariableresistor?

",0
0625_w15_qp_11_31,"31  The diagram shows a circuit containing three ammeters P, Q and R. 
 
",49.60629,87.87531718,31,"The diagram shows a circuit containing three ammeters P, Q and R    A A A QR P   Which statement about the readings on the ammeters is correct? A The reading on P is equal to the reading on Q  B The reading on P is equal to the reading on R  C The reading on Q is greater than the reading on P  D The reading on Q is greater than the reading on R  ",0625_w15_qp_11,12,430,"ThediagramshowsacircuitcontainingthreeammetersP,QandR.

",0
0625_w15_qp_11_32,"32  The diagram shows a light-dependent resistor (LDR) connected in a potential divider circuit. 
 
",49.60764456,368.3651043,32,"The diagram shows a light-dependent resistor (LDR) connected in a potential divider circuit    V   The brightness of the light falling on the LDR is increased   Which row shows what happens to the resistanc e of the LDR, and what happens to the reading on the voltmeter?   resistance of LDR reading on voltmeter  A decreases decreases  B decreases increases  C increases decreases  D increases increases       © UCLES          /  /O/N/   [Turn over",0625_w15_qp_11,12,430,"Thediagramshowsalight-dependentresistor(LDR)connectedinapotentialdividercircuit.

",0
0625_w15_qp_11_33,"33  Four lamps are each labelled '60 W 230 V'. 
 
",49.60629,87.87531718,33,Four lamps are each labelled '    W      V'   In which circuit are the lamps connected so that they operate at normal brightness?   A     VB     VC      VD      V  ,0625_w15_qp_11,13,430,"Fourlampsareeachlabelled'WV'.

",0
0625_w15_qp_11_34,"34  A step-up transformer is used before electricity is transmitted by overhead cables. 
 
",49.60789168,323.7749495,34,A step-up transformer is used before electricity is transmitted by overhead cables   Which statement explains why the step-up transformer is used? A It increases the current to increase the speed at which the electricity travels  B It increases the current to reduce energy loss in the cables  C It increases the voltage to increase the speed at which the electricity travels  D It increases the voltage to reduce energy loss in the cables       © UCLES          /  /O/N/  ,0625_w15_qp_11,13,450,"Astep-uptransformerisusedbeforeelectricityistransmittedbyoverheadcables.

",0
0625_w15_qp_11_35,"35  A  current-carrying  wire  XY  lies  in  the  magnetic  field  between  the  two  poles  of  a  U-shaped 
",49.60629,75.2545432,35,A current-carrying wire XY lies in the magnetic field between the two poles of a U-shaped electromagnet  A force acts on the wire XY because of the magnetic field    current-carrying wireelectromagnetY X   Each of the following actions is carried out separately   ● The current in the wire XY is reversed  ● The magnetic field is reversed  ● Both the current in the wire XY and the magnetic field are reversed at the same time   How many of these actions cause the directi on of the force on the wire XY to be reversed? A   B   C   D   ,0625_w15_qp_11,14,450,"Acurrent-carryingwireXYliesinthemagneticfieldbetweenthetwopolesofaU-shaped
",0
0625_w15_qp_11_36,"36  A current-carrying coil in a magnetic field experiences a turning effect. 
 
",49.60559064,465.5933848,36,A current-carrying coil in a magnetic field experiences a turning effect    NSpower supply+– coil  How can the turning effect be increased? A Increase the number of turns on the coil  B Reduce the size of the current  C Reverse the direction of the magnetic field  D Use thinner wire for the coil       © UCLES          /  /O/N/   [Turn over,0625_w15_qp_11,14,450,"Acurrent-carryingcoilinamagneticfieldexperiencesaturningeffect.

",0
0625_w15_qp_11_37,"37  The diagram shows cathode rays entering an electric field between two charged plates. 
 
",49.60629,87.87531718,37,The diagram shows cathode rays entering an electric field between two charged plates    ––– –––+++ +++cathode rays  How does the path of the cathode rays change and why? A They move towards the negative plate because cathode rays have a negative charge  B They move towards the negative plate because cathode rays have a positive charge  C They move towards the positive plate because cathode rays have a negative charge  D They move towards the positive plate because cathode rays have a positive charge  ,0625_w15_qp_11,15,520,"Thediagramshowscathoderaysenteringanelectricfieldbetweentwochargedplates.

",0
0625_w15_qp_11_38,"38  The nuclide symbol for radioactive polonium is 
",49.60753458,320.3972267,38,"The nuclide symbol for radioactive polonium is  Po        A nucleus of this type of polonium emits an α-particle   What is the proton number (atomic number) of the nucleus after it has emitted the α-particle? A    B    C    D           Permission to reproduce items where third-par ty owned material protected by copyright is  included has been sought and cleared w here possible  Every reasonable effort has been made by the publisher (UCLES) to trace copyright holder s, but if any items requiring clearance have unwittingly been included, the publisher will be pleased to make amends at the earliest possible opportunity   To avoid the issue of disclosure of answer-related information to candidates, all copyright acknowledgements are reproduced onl ine in the Cambridge International Examinations Copyright Acknowledgements Booklet  This is produced for each series of examinations and is freely a vailable to download at www cie org uk after the live examination series   Cambridge International Examinations is part of the Cambridge Asse ssment Group  Cambridge Assessment is the brand name of Unive rsity of Cambridge Local Examinations Syndicate (UCLES), which is itself a department of the University of Cambridge    © UCLES          /  /O/N/  ",0625_w15_qp_11,15,510,"Thenuclidesymbolforradioactivepoloniumis
",0
0625_w15_qp_11_39,"39  A student investigates how the radiation from a radioactive source changes with time. 
 
",49.60629,87.87531718,39,"A student investigates how the radiation from a radioactive source changes with time   The table shows the results from the detector used by the student   time  /  minutes count rate / counts per minute                                           The experiment is repeated by many other students, who also measure the count rate every two minutes   The half-life of the source is known to be exactly     minutes   Why is the measured count rate always greater than half the previous value? A Radioactive emissions occur randomly with time  B The detector used is very close to the source  C There is background radiation present  D The radioactive source is decaying  ",0625_w15_qp_11,16,520,"Astudentinvestigateshowtheradiationfromaradioactivesourcechangeswithtime.

",0
0625_w15_qp_11_40,"40  The nuclide notation for radium-226 is Ra
",49.60629,471.1994208,40,The nuclide notation for radium-    is Ra        How many electrons orbit the nucleus of a neutral atom of radium-   ? A   B    C     D        ,0625_w15_qp_11,16,510,"Thenuclidenotationforradium-isRa
",0
0625_w15_qp_12_01,"1  The diagram shows a measuring cylinder used to measure the volume of a small stone. 
 
",49.60629,87.87531718,1,The diagram shows a measuring cylinder used to measure the volume of a small stone              cm            cm  stone   What is the volume of the stone? A    cm  B    cm  C     cm  D     cm  ,0625_w15_qp_12,2,110,"Thediagramshowsameasuringcylinderusedtomeasurethevolumeofasmallstone.

",0
0625_w15_qp_12_02,"2  The table shows the readings on a car speedometer at 5 second intervals. 
 
",49.60657978,355.4100254,2,The table shows the readings on a car speedometer at   second intervals   time  / s h/kmspeed                                   Which row describes the speed and the acceleration of the car?  speed acceleration  A decreasing zero  B decreasing not zero  C increasing zero  D increasing not zero      © UCLES          /  /O/N/   [Turn over,0625_w15_qp_12,2,120,"Thetableshowsthereadingsonacarspeedometeratsecondintervals.

",0
0625_w15_qp_12_03,"3  A car travels along the route PQRST in 30 minutes. 
 
",49.60629,87.87531718,3,A car travels along the route PQRST in    minutes    PQRST   km  km   km    km   What is the average speed of the car? A     km  / hour B     km  / hour C     km  / hour D     km  / hour ,0625_w15_qp_12,3,120,"AcartravelsalongtheroutePQRSTinminutes.

",1
0625_w15_qp_12_04,"4  Which statement about mass or weight is correct? 
",49.60681552,345.7720446,4,Which statement about mass or weight is correct? A Mass is a force  B Mass is measured in newtons  C Weight is a force  D Weight is measured in kilograms  ,0625_w15_qp_12,3,130,"Whichstatementaboutmassorweightiscorrect?
",0
0625_w15_qp_12_05,"5  Two  cylinders  are  made  of  the  same  metal.  Both  cylinders  have  the  same  cross-sectional  area 
",49.60681552,472.3111662,5,Two cylinders are made of the same metal  Both cylinders have the same cross-sectional area but one is longer than the other    cylinder   cylinder    Which quantity is the same for both cylinders? A density B mass C resistance D volume     © UCLES          /  /O/N/  ,0625_w15_qp_12,3,110,"Twocylindersaremadeofthesamemetal.Bothcylindershavethesamecross-sectionalarea
",0
0625_w15_qp_12_06,"6  A  heavy  beam  rests  on  two  supports.  The  diagram  shows  the  only  three  forces  F1,  F2  and  F3 
",49.60629,75.2325464,6,"A heavy beam rests on two supports  The diagram shows the only three forces F  , F   and F   acting on the beam    F  F  F support support beam   The beam is in equilibrium   Which statement is correct? A All the forces are equal in size  B The resultant force on the beam is in the opposite direction to the resultant turning effect  C The resultant force on the beam is zero and the resultant turning effect on the beam is zero  D The total upward force is twice the total downward force  ",0625_w15_qp_12,4,152,"Aheavybeamrestsontwosupports.ThediagramshowstheonlythreeforcesF,FandF
",1
0625_w15_qp_12_07,"7  The  diagrams  show  four  solid  cones.  The  centre  of  mass  of  each  cone  is  marked  by  a  point 
",49.60737358,375.6491653,7,The diagrams show four solid cones  The centre of mass of each cone is marked by a point labelled M   Which cone is the most stable?   ABCD MM MM  ,0625_w15_qp_12,4,152,"Thediagramsshowfoursolidcones.Thecentreofmassofeachconeismarkedbyapoint
",0
0625_w15_qp_12_08,"8  A car is stationary at the top of a hill with the engine switched off. The brakes are released and 
",49.60722062,554.2026729,8,A car is stationary at the top of a hill with the engine switched off  The brakes are released and the car rolls down the hill   At which labelled point does the car have the greatest kinetic energy? Ignore friction    AB DC      © UCLES          /  /O/N/   [Turn over,0625_w15_qp_12,4,170,"Acarisstationaryatthetopofahillwiththeengineswitchedoff.Thebrakesarereleasedand
",0
0625_w15_qp_12_09,"9  Electrical energy may be obtained from nuclear fission. 
 
",49.60629,87.87531718,9,Electrical energy may be obtained from nuclear fission   In which order is the energy transferred in this process? A nuclear fuel → generator → reactor and boiler → turbines B nuclear fuel → generator → turbines → reactor and boiler C nuclear fuel → reactor and boiler → generator → turbines D nuclear fuel → reactor and boiler → turbines → generator ,0625_w15_qp_12,5,170,"Electricalenergymaybeobtainedfromnuclearfission.

",1
0625_w15_qp_12_10,"10  The table gives four forces and the surface area on which each force acts. 
 
",49.60749982,243.015558,10,The table gives four forces and the surface area on which each force acts   Which row gives the largest pressure on the surface?   force  / N area  / m A     B     C     D     ,0625_w15_qp_12,5,180,"Thetablegivesfourforcesandthesurfaceareaonwhicheachforceacts.

",0
0625_w15_qp_12_11,"11  What does a barometer measure? 
",49.60629,411.6205738,11,What does a barometer measure? A the current in a circuit B the density of a liquid  C the pressure of air  D the temperature of an object      © UCLES          /  /O/N/  ,0625_w15_qp_12,5,220,"Whatdoesabarometermeasure?
",0
0625_w15_qp_12_12,"12  The  diagrams  represent  the  molecules  in  two  different  states  of  matter.  The  arrows  show  the 
",49.60629,75.2325464,12,"The diagrams represent the molecules in two different states of matter  The arrows show the motion of the molecules    state   state  molecule   What is state  , and what is state  ?   state   state  A gas liquid  B gas solid  C liquid gas  D liquid solid  ",0625_w15_qp_12,6,210,"Thediagramsrepresentthemoleculesintwodifferentstatesofmatter.Thearrowsshowthe
",0
0625_w15_qp_12_13,"13  A swimmer feels cold after leaving warm water on a warm, windy day. 
 
",49.60629,467.4064588,13,"A swimmer feels cold after leaving warm water on a warm, windy day   Why does she feel cold even though the air is warm? A The less energetic water molecules on her skin escape quickly  B The more energetic water molecules on her skin do not escape quickly  C The water on her skin does not evaporate quickly enough to keep her warm  D The water on her skin evaporates quickly and cools her skin  ",0625_w15_qp_12,6,220,"Aswimmerfeelscoldafterleavingwarmwateronawarm,windyday.

",1
0625_w15_qp_12_14,"14  A circular metal disc is heated. 
 
",49.60716987,619.2598278,14,A circular metal disc is heated   Which quantity decreases? A its density B its diameter C its thickness D its volume     © UCLES          /  /O/N/   [Turn over,0625_w15_qp_12,6,220,"Acircularmetaldiscisheated.

",1
0625_w15_qp_12_15,"15  A block of copper and a block of lead are heated. The internal energy of each block increases by 
",49.60629,75.2325464,15,A block of copper and a block of lead are heated  The internal energy of each block increases by the same amount   The block of copper has a lower thermal capacity than the block of lead   Which conclusion can be made from this information? A The temperature increase of the copper is greater than the temperature increase of the lead  B The temperature increase of the copper is the same as the temperature increase of the lead  C The temperature increase of the copper is less than the temperature increase of the lead  D The melting point of copper is lower than the melting point of lead  ,0625_w15_qp_12,7,220,"Ablockofcopperandablockofleadareheated.Theinternalenergyofeachblockincreasesby
",0
0625_w15_qp_12_16,"16  In a refrigerator, the cooling unit can be fitted either at the top or at the bottom. In an oven, the 
",49.60629,265.0149977,16,"In a refrigerator, the cooling unit can be fitted either at the top or at the bottom  In an oven, the heater can be fitted either at the top or at the bottom   Which row shows the best position for the cooling unit and the best position for the heater?   cooling unit heater  A bottom bottom  B bottom top  C top bottom  D top top  ",0625_w15_qp_12,7,230,"Inarefrigerator,thecoolingunitcanbefittedeitheratthetoporatthebottom.Inanoven,the
",0
0625_w15_qp_12_17,"17  A girl is outdoors. She warms her hands by holding them near a fire, as shown. 
 
",49.60629,471.5452546,17,"A girl is outdoors  She warms her hands by holding them near a fire, as shown    hands fire    How does the heat from the fire reach her hands? A conduction only B convection and conduction C convection and radiation D radiation only     © UCLES          /  /O/N/  ",0625_w15_qp_12,7,230,"Agirlisoutdoors.Shewarmsherhandsbyholdingthemnearafire,asshown.

",0
0625_w15_qp_12_18,"18  The diagram represents a water wave. 
 
",49.60629,87.87531718,18,The diagram represents a water wave      m   m   Which row shows the amplitude and the wavelength of the wave?   amplitude  / m wavelength  / m  A    B    C    D        © UCLES          /  /O/N/   [Turn over,0625_w15_qp_12,8,310,"Thediagramrepresentsawaterwave.

",0
0625_w15_qp_12_19,"19  The diagram represents circular wavefronts coming from point S. The wavefronts strike a barrier 
",49.60629,75.2325464,19,The diagram represents circular wavefronts coming from point S  The wavefronts strike a barrier and are reflected so that they appear to come from point S      SS  barrier  Which diagram shows the reflected wavefronts?   C DBASS  SS SS  SS       © UCLES          /  /O/N/  ,0625_w15_qp_12,9,310,"ThediagramrepresentscircularwavefrontscomingfrompointS.Thewavefrontsstrikeabarrier
",0
0625_w15_qp_12_20,"20  A plane mirror is fitted to a wall.  
",49.60629,75.2325464,20,A plane mirror is fitted to a wall    Which statement about the image formed by the mirror is correct? A The image is real  B The image is left to right (laterally inverted)  C The image is smaller than the object  D The image is upside down  ,0625_w15_qp_12,10,320,"Aplanemirrorisfittedtoawall.
",0
0625_w15_qp_12_21,"21  A  student  draws  a  diagram  representing  three  rays  of  light  from  point  P  passing  through  a 
",49.60629,225.4138287,21,A student draws a diagram representing three rays of light from point P passing through a converging lens  Each point labelled F is a principal focus of the lens    FFP ray X ray Yray Zlens   Which of the rays has the student drawn correctly? A ray X and ray Y B ray X and ray Z C ray Y only D ray Z only ,0625_w15_qp_12,10,320,"AstudentdrawsadiagramrepresentingthreeraysoflightfrompointPpassingthrougha
",1
0625_w15_qp_12_22,"22  Which group contains only electromagnetic waves? 
",49.6066605,574.5567236,22,"Which group contains only electromagnetic waves? A light waves, radio waves, γ-rays B light waves, radio waves, sound waves C light waves, sound waves, γ-rays D radio waves, sound waves, γ-rays      © UCLES          /  /O/N/   [Turn over",0625_w15_qp_12,10,330,"Whichgroupcontainsonlyelectromagneticwaves?
",0
0625_w15_qp_12_23,"23  Two sounds X and Y are produced by loudspeakers. 
",49.60629,75.2325464,23,Two sounds X and Y are produced by loudspeakers  The amplitude and frequency of each sound wave is given in the table   amplitude  / mm frequency  / Hz  X        Y         How does sound Y compare with sound X? A Y is louder and has a higher pitch  B Y is louder and has a lower pitch  C Y is quieter and has a higher pitch  D Y is quieter and has a lower pitch  ,0625_w15_qp_12,11,340,"TwosoundsXandYareproducedbyloudspeakers.
",0
0625_w15_qp_12_24,"24  Sounds are produced by vibrating objects. A certain object vibrates but a person nearby cannot 
",49.60599696,325.0516287,24,Sounds are produced by vibrating objects  A certain object vibrates but a person nearby cannot hear any sound   Which statement could explain why nothing is heard? A The amplitude of the sound waves is too large  B The frequency of the vibration is too high  C The sound waves are transverse  D The speed of the sound waves is too high  ,0625_w15_qp_12,11,340,"Soundsareproducedbyvibratingobjects.Acertainobjectvibratesbutapersonnearbycannot
",1
0625_w15_qp_12_25,"25  Which statement about a permanent bar magnet is correct? 
",49.60599696,489.5485384,25,Which statement about a permanent bar magnet is correct? A It is made from a soft magnetic material  B It repels a non-magnetic material  C Its field lines cross each other where the magnetic field is strong  D Its N-pole repels the N-pole of another magnet  ,0625_w15_qp_12,11,410,"Whichstatementaboutapermanentbarmagnetiscorrect?
",0
0625_w15_qp_12_26,"26  Which procedure may be used to demagnetise a steel bar? 
",49.60588698,616.0886499,26,Which procedure may be used to demagnetise a steel bar? A cooling it in a freezer for several hours B earthing it with a copper wire for several seconds C removing it slowly from a coil carrying an alternating current (a c ) D rubbing it in one direction with a woollen cloth      © UCLES          /  /O/N/  ,0625_w15_qp_12,11,410,"Whichproceduremaybeusedtodemagnetiseasteelbar?
",1
0625_w15_qp_12_27,"27  Two plastic rods P and Q are both negatively charged. Rod P hangs freely. 
 
",49.60629,87.87531718,27,"Two plastic rods P and Q are both negatively charged  Rod P hangs freely    XYrod Prod Q   The end of rod Q is brought near to end X of rod P, and then near to end Y of rod P   What happens to the rods in each position?   near end X  near end Y   A they attract they attract  B they attract they repel  C they repel they attract  D they repel they repel       © UCLES          /  /O/N/   [Turn over",0625_w15_qp_12,12,420,"TwoplasticrodsPandQarebothnegativelycharged.RodPhangsfreely.

",0
0625_w15_qp_12_28,"28  Which circuit shows a voltmeter measuring the p.d. across a resistor? 
 
",49.60629,87.87531718,28,Which circuit shows a voltmeter measuring the p d  across a resistor?   VA VB VC VD  ,0625_w15_qp_12,13,430,"Whichcircuitshowsavoltmetermeasuringthep.d.acrossaresistor?

",0
0625_w15_qp_12_29,"29  A student has four pieces of resistance wire made of the same material. Each piece is connected 
",49.60683336,452.807287,29,A student has four pieces of resistance wire made of the same material  Each piece is connected in turn between the terminals X and Y in the circuit    XY   In which wire is the current the largest?   length of wire  / m diameter of wire  / mm  A        B          C        D               © UCLES          /  /O/N/  ,0625_w15_qp_12,13,420,"Astudenthasfourpiecesofresistancewiremadeofthesamematerial.Eachpieceisconnected
",0
0625_w15_qp_12_30,"30  A student connects the circuit shown. 
 
",49.60629,87.87531718,30,"A student connects the circuit shown           Which switches must be closed for both the bell to ring and the lamp to light? A   and   only B   and   only C  ,   and   only D  ,  ,   and   ",0625_w15_qp_12,14,430,"Astudentconnectsthecircuitshown.

",0
0625_w15_qp_12_31,"31  Two resistors are connected in parallel. 
 
",49.60652338,397.3632744,31,Two resistors are connected in parallel        Ω    Ω   Which value could be the resistance of the combination? A     Ω B     Ω C     Ω D     Ω      © UCLES          /  /O/N/   [Turn over,0625_w15_qp_12,14,430,"Tworesistorsareconnectedinparallel.

",0
0625_w15_qp_12_32,"32  The circuit contains a variable potential divider PQ, a lamp and a voltmeter. 
 
",49.60629,87.87531718,32,"The circuit contains a variable potential divider PQ, a lamp and a voltmeter    power supply+–PQ slidingcontact V  The sliding contact of the potential divider is moved towards end Q   What happens to the brightness of the lamp and what happens to the voltmeter reading?   brightness of lamp voltmeter reading  A becomes brighter decreases  B becomes brighter increases  C does not change decreases  D does not change increases  ",0625_w15_qp_12,15,430,"ThecircuitcontainsavariablepotentialdividerPQ,alampandavoltmeter.

",0
0625_w15_qp_12_33,"33  Four lamps are each labelled '60 W 230 V'. 
 
",49.60629,443.0564172,33,Four lamps are each labelled '    W      V'   In which circuit are the lamps connected so that they operate at normal brightness?   A     VB     VC      VD      V       © UCLES          /  /O/N/  ,0625_w15_qp_12,15,430,"Fourlampsareeachlabelled'WV'.

",1
0625_w15_qp_12_34,"34  A fuse is used to protect an electric circuit. 
 
",49.60629,87.87531718,34,A fuse is used to protect an electric circuit   Which diagram shows where the fuse should be connected?   live neutral A  live neutral B  live neutral C D live neutral   ,0625_w15_qp_12,16,440,"Afuseisusedtoprotectanelectriccircuit.

",0
0625_w15_qp_12_35,"35  A transformer has 2400 turns on its primary coil and 200 turns on its secondary coil. 
 
",49.60770882,409.7495536,35,A transformer has      turns on its primary coil and     turns on its secondary coil    secondary coil    turns primary coil     turns output voltage      V   What input voltage is needed to give an output voltage of      V?  A     V B     V C      V D       V      © UCLES          /  /O/N/   [Turn over,0625_w15_qp_12,16,450,"Atransformerhasturnsonitsprimarycoilandturnsonitssecondarycoil.

",0
0625_w15_qp_12_36,"36  A current-carrying coil in a magnetic field experiences a turning effect. 
 
",49.60629,87.87531718,36,A current-carrying coil in a magnetic field experiences a turning effect    NSpower supply+– coil  How can the turning effect be increased? A Increase the number of turns on the coil  B Reduce the size of the current  C Reverse the direction of the magnetic field  D Use thinner wire for the coil  ,0625_w15_qp_12,17,450,"Acurrent-carryingcoilinamagneticfieldexperiencesaturningeffect.

",1
0625_w15_qp_12_37,"37  A beam of cathode rays enters an electric field between two charged plates. 
 
",49.6065276,420.3520985,37,A beam of cathode rays enters an electric field between two charged plates   Which diagram shows a path that the rays could take?   – +A – +B – +C – +Dcathoderays cathoderayscathoderays cathoderays       © UCLES          /  /O/N/  ,0625_w15_qp_12,17,320,"Abeamofcathoderaysentersanelectricfieldbetweentwochargedplates.

",0
0625_w15_qp_12_38,"38  Radioactive  carbon-14  decays  into  nitrogen  by  emitting  a  β-particle.  The  equation  below 
",49.60629,75.9915332,38,Radioactive carbon-   decays into nitrogen by emitting a β-particle  The equation below represents the decay    C  P  →  N     +  β Q   What are the values of P and Q?   P Q  A    B   – C    D   – ,0625_w15_qp_12,18,510,"Radioactivecarbon-decaysintonitrogenbyemittingaβ-particle.Theequationbelow
",0
0625_w15_qp_12_39,"39  A student investigates how the radiation from a radioactive source changes with time. 
 
",49.60629,327.2332588,39,"A student investigates how the radiation from a radioactive source changes with time   The table shows the results from the detector used by the student   time  /  minutes count rate / counts per minute                                           The experiment is repeated by many other students, who also measure the count rate every two minutes   The half-life of the source is known to be exactly     minutes   Why is the measured count rate always greater than half the previous value? A Radioactive emissions occur randomly with time  B The detector used is very close to the source  C There is background radiation present  D The radioactive source is decaying  ",0625_w15_qp_12,18,520,"Astudentinvestigateshowtheradiationfromaradioactivesourcechangeswithtime.

",1
0625_w15_qp_12_40,"40  The nuclide notation for radium-226 is Ra
",49.60629,710.5579107,40,"The nuclide notation for radium-    is Ra        How many electrons orbit the nucleus of a neutral atom of radium-   ? A   B    C     D         © UCLES          /  /O/N/    BLANK PAGE     Permission to reproduce items where third-par ty owned material protected by copyright is  included has been sought and cleared w here possible  Every reasonable effort has been made by the publisher (UCLES) to trace copyright holder s, but if any items requiring clearance have unwittingly been included, the publisher will be pleased to make amends at the earliest possible opportunity   To avoid the issue of disclosure of answer-related information to candidates, all copyright acknowledgements are reproduced onl ine in the Cambridge International Examinations Copyright Acknowledgements Booklet  This is produced for each series of examinations and is freely a vailable to download at www cie org uk after the live examination series   Cambridge International Examinations is part of the Cambridge Asse ssment Group  Cambridge Assessment is the brand name of Unive rsity of Cambridge Local Examinations Syndicate (UCLES), which is itself a department of the University of Cambridge    © UCLES          /  /O/N/    BLANK PAGE ",0625_w15_qp_12,18,510,"Thenuclidenotationforradium-isRa
",1
0625_w15_qp_13_01,"1  A student uses a measuring cylinder to measure the volume of a quantity of water. 
 
",49.60629,87.87531718,1,A student uses a measuring cylinder to measure the volume of a quantity of water   Which action would make her result less accurate? A making sure her eye is level with the water surface B making sure the cylinder is vertical C reading the bottom of the meniscus D using the largest measuring cylinder possible ,0625_w15_qp_13,2,110,"Astudentusesameasuringcylindertomeasurethevolumeofaquantityofwater.

",0
0625_w15_qp_13_02,"2  The diagram shows the distance-time graph for a car. 
 
",49.60738984,239.7009702,2,The diagram shows the distance-time graph for a car   At which labelled point is the car moving with constant speed?   A D B Cdistance  t i m e  ,0625_w15_qp_13,2,120,"Thediagramshowsthedistance-timegraphforacar.

",0
0625_w15_qp_13_03,"3  A car travels along the route PQRST in 30 minutes. 
 
",49.60715496,451.6171336,3,A car travels along the route PQRST in    minutes    PQRST   km  km   km    km   What is the average speed of the car? A     km  / hour B     km  / hour C     km  / hour D     km  / hour     © UCLES          /  /O/N/   [Turn over,0625_w15_qp_13,2,120,"AcartravelsalongtheroutePQRSTinminutes.

",1
0625_w15_qp_13_04,"4  What is the weight of an object? 
",49.60629,75.2325464,4,What is the weight of an object? A the force of gravity on the object B the gravitational potential energy of the object C the internal energy of the object D the mass of the object ,0625_w15_qp_13,3,170,"Whatistheweightofanobject?
",0
0625_w15_qp_13_05,"5  The mass of a piece of metal is 1200 g. 
 
",49.60618002,214.4139172,5,The mass of a piece of metal is       g   A measuring cylinder contains      cm  of water   The piece of metal is put into the measuring cylinder  The water level rises to      cm  and covers the metal   What is the density of the metal? A      g / cm  B      g / cm  C      g / cm  D       g / cm  ,0625_w15_qp_13,3,110,"Themassofapieceofmetalisg.

",0
0625_w15_qp_13_06,"6  A  heavy  beam  rests  on  two  supports.  The  diagram  shows  the  only  three  forces  F1,  F2  and  F3 
",49.60740306,351.8946688,6,"A heavy beam rests on two supports  The diagram shows the only three forces F  , F   and F   acting on the beam    F  F  F support support beam   The beam is in equilibrium   Which statement is correct? A All the forces are equal in size  B The resultant force on the beam is in the opposite direction to the resultant turning effect  C The resultant force on the beam is zero and the resultant turning effect on the beam is zero  D The total upward force is twice the total downward force      © UCLES          /  /O/N/  ",0625_w15_qp_13,3,152,"Aheavybeamrestsontwosupports.ThediagramshowstheonlythreeforcesF,FandF
",1
0625_w15_qp_13_07,"7  A heavy truck on wheels has a platform attached to it. 
 
",49.60629,87.87531718,7,"A heavy truck on wheels has a platform attached to it   A man stands on the platform   The truck does not fall over   Which position A, B, C or D could be the centre of mass of the whole system (truck, platform and man)?   truckABCDplatformman  ",0625_w15_qp_13,4,152,"Aheavytruckonwheelshasaplatformattachedtoit.

",0
0625_w15_qp_13_08,"8  Which row gives the energy change in a battery and the energy change in a solar cell? 
 
",49.60677912,413.0092436,8,Which row gives the energy change in a battery and the energy change in a solar cell?   battery solar cell  A chemical to electrical electrical to light  B chemical to electrical light to electrical  C electrical to chemical electrical to light  D electrical to chemical light to electrical  ,0625_w15_qp_13,4,170,"Whichrowgivestheenergychangeinabatteryandtheenergychangeinasolarcell?

",0
0625_w15_qp_13_09,"9  Electrical energy may be obtained from nuclear fission. 
 
",49.60629,568.9434588,9,Electrical energy may be obtained from nuclear fission   In which order is the energy transferred in this process? A nuclear fuel → generator → reactor and boiler → turbines B nuclear fuel → generator → turbines → reactor and boiler C nuclear fuel → reactor and boiler → generator → turbines D nuclear fuel → reactor and boiler → turbines → generator     © UCLES          /  /O/N/   [Turn over,0625_w15_qp_13,4,170,"Electricalenergymaybeobtainedfromnuclearfission.

",1
0625_w15_qp_13_10,"10  A man is in contact with the floor. 
",49.60629,75.2325464,10,A man is in contact with the floor   In which of these situations does he produce the least pressure on the floor? A kneeling B lying flat on his back C standing on both feet D standing on one foot ,0625_w15_qp_13,5,180,"Amanisincontactwiththefloor.
",0
0625_w15_qp_13_11,"11  The water in a lake is at 5 
",49.60618002,226.1507215,11,The water in a lake is at    °C  A diver measures the pressure of the water at two different depths in the lake  He repeats the measurements on a different day when the water is at     °C   The density of the water decreases when its temperature increases   Which combination of depth and temperat ure produces the greatest water pressure?   depth  / m temperature  / °C  A     B       C     D       ,0625_w15_qp_13,5,180,"Thewaterinalakeisat
",0
0625_w15_qp_13_12,"12  A car tyre has a constant volume. 
 
",49.60629,458.9027446,12,A car tyre has a constant volume   Why does the pressure of the air in the tyre increase when its temperature increases? A The air molecules hit each other less often  B The air molecules hit the inside of the tyre less often  C The average speed of the air molecules in the tyre is greater  D There are more air molecules in the tyre  ,0625_w15_qp_13,5,210,"Acartyrehasaconstantvolume.

",0
0625_w15_qp_13_13,"13  A swimmer feels cold after leaving warm water on a warm, windy day. 
 
",49.60629,610.7571035,13,"A swimmer feels cold after leaving warm water on a warm, windy day   Why does she feel cold even though the air is warm? A The less energetic water molecules on her skin escape quickly  B The more energetic water molecules on her skin do not escape quickly  C The water on her skin does not evaporate quickly enough to keep her warm  D The water on her skin evaporates quickly and cools her skin      © UCLES          /  /O/N/  ",0625_w15_qp_13,5,220,"Aswimmerfeelscoldafterleavingwarmwateronawarm,windyday.

",1
0625_w15_qp_13_14,"14  A circular metal disc is heated. 
 
",49.60629,87.87531718,14,A circular metal disc is heated   Which quantity decreases? A its density B its diameter C its thickness D its volume ,0625_w15_qp_13,6,220,"Acircularmetaldiscisheated.

",1
0625_w15_qp_13_15,"15  The diagram shows a mercury-in-glass thermometer. The scale of the thermometer has not been 
",49.60629,227.0581995,15,"The diagram shows a mercury-in-glass thermometer  The scale of the thermometer has not been marked    l   The length l increases uniformly with temperature   The length l is measured when the thermometer bulb is placed in water at    °C, and also when it is in water at      °C  The table shows the results   temperature  / °C length l /  cm                    What is the value of l when the bulb is placed in water at     °C? A       cm B       cm C       cm D       cm ",0625_w15_qp_13,6,220,"Thediagramshowsamercury-in-glassthermometer.Thescaleofthethermometerhasnotbeen
",0
0625_w15_qp_13_16,"16  A  heating  engineer  fits  a  heater  to  the  ceiling  of  an  office  so  that  workers  in  the  office  are  kept 
",49.60741882,516.5025588,16,A heating engineer fits a heater to the ceiling of an office so that workers in the office are kept warm   How does thermal energy reach the workers below the heater? A conduction and convection B convection and radiation C convection only D radiation only     © UCLES          /  /O/N/   [Turn over,0625_w15_qp_13,6,230,"Aheatingengineerfitsaheatertotheceilingofanofficesothatworkersintheofficearekept
",0
0625_w15_qp_13_17,"17  Which row shows how heating changes the density of air, and the name of the method of energy 
",49.60629,75.2325464,17,"Which row shows how heating changes the density of air, and the name of the method of energy transfer caused by this density change?  density method of energy transfer  A decreases conduction  B decreases convection  C increases conduction  D increases convection  ",0625_w15_qp_13,7,230,"Whichrowshowshowheatingchangesthedensityofair,andthenameofthemethodofenergy
",0
0625_w15_qp_13_18,"18  Which row correctly defines a type of wave and gives a correct example? 
 
",49.60629,254.8080588,18,Which row correctly defines a type of wave and gives a correct example?   wave type direction of vibrations example  A longitudinal parallel to direction of wave travel radio waves  B longitudinal perpendicular to direction of wave travel light waves  C transverse parallel to direction of wave travel light waves  D transverse perpendicular to direction of wave travel radio waves  ,0625_w15_qp_13,7,310,"Whichrowcorrectlydefinesatypeofwaveandgivesacorrectexample?

",0
0625_w15_qp_13_19,"19  A water wave moves quickly in deep water. 
 
",49.60629,410.7704446,19,"A water wave moves quickly in deep water    deepwatershallowwater waterwaves   The wave now enters shallow water and its speed decreases   Which row shows what happens to the frequency of the wave, and what happens to the wavelength of the wave?   frequency wavelength  A decreases decreases  B decreases does not change  C does not change decreases  D does not change does not change      © UCLES          /  /O/N/  ",0625_w15_qp_13,7,310,"Awaterwavemovesquicklyindeepwater.

",0
0625_w15_qp_13_20,"20  The diagram shows the electromagnetic spectrum. 
 
",49.60629,87.87531718,20,The diagram shows the electromagnetic spectrum    γ-rays X-rays ultraviolet visible light infra-red microwaves radiowavesincreasing                          A word is missing from the label below the spectrum   Which word is missing? A amplitude B frequency C speed D wavelength ,0625_w15_qp_13,8,330,"Thediagramshowstheelectromagneticspectrum.

",0
0625_w15_qp_13_21,"21  A  student  draws  a  diagram  representing  three  rays  of  light  from  point  P  passing  through  a 
",49.60760883,354.0210852,21,A student draws a diagram representing three rays of light from point P passing through a converging lens  Each point labelled F is a principal focus of the lens    FFP ray X ray Yray Zlens   Which of the rays has the student drawn correctly? A ray X and ray Y B ray X and ray Z C ray Y only D ray Z only     © UCLES          /  /O/N/   [Turn over,0625_w15_qp_13,8,320,"AstudentdrawsadiagramrepresentingthreeraysoflightfrompointPpassingthrougha
",1
0625_w15_qp_13_22,"22  The diagram shows a ray of light travelling in a substance P. The ray reaches a boundary with a 
",49.60629,75.2325464,22,The diagram shows a ray of light travelling in a substance P  The ray reaches a boundary with a substance Q  Total internal reflection occurs at the boundary    substance P substance Q angle Xray oflightboundarynormal   Which row contains correct statements about angle X and about the optical density of substance Q?   angle X substance Q  A smaller than the critical angle less dense than substance P  B smaller than the critical angle more dense than substance P  C greater than the critical angle less dense than substance P  D greater than the critical angle more dense than substance P  ,0625_w15_qp_13,9,320,"ThediagramshowsarayoflighttravellinginasubstanceP.Therayreachesaboundarywitha
",0
0625_w15_qp_13_23,"23  A pulse of sound is produced at the bottom of a boat. The sound travels through the water and is 
reflected from the sea bed. The sound reaches the boat again after 1.2 s. The speed of sound in 
the water is 1500 m / s. 
",49.60629,483.7052272,23,A pulse of sound is produced at the bottom of a boat  The sound travels through the water and is reflected from the sea bed  The sound reaches the boat again after      s  The speed of sound in the water is       m  / s    sea bedboat   How far below the bottom of the boat is the sea bed? A      m B      m C       m D       m     © UCLES          /  /O/N/  ,0625_w15_qp_13,9,340,"Apulseofsoundisproducedatthebottomofaboat.Thesoundtravelsthroughthewaterandis
reflectedfromtheseabed.Thesoundreachestheboatagainafter.s.Thespeedofsoundin
thewaterism/s.
",0
0625_w15_qp_13_24,"24  Sounds are produced by vibrating objects. A certain object vibrates but a person nearby cannot 
",49.60629,75.2325464,24,Sounds are produced by vibrating objects  A certain object vibrates but a person nearby cannot hear any sound   Which statement could explain why nothing is heard? A The amplitude of the sound waves is too large  B The frequency of the vibration is too high  C The sound waves are transverse  D The speed of the sound waves is too high  ,0625_w15_qp_13,10,340,"Soundsareproducedbyvibratingobjects.Acertainobjectvibratesbutapersonnearbycannot
",1
0625_w15_qp_13_25,"25  Which metal could be used for a permanent magnet and which metal could be used for the core 
",49.60629,239.7002004,25,Which metal could be used for a permanent magnet and which metal could be used for the core of an electromagnet?   permanent magnet core of electromagnet  A iron copper  B iron steel  C steel copper  D steel iron  ,0625_w15_qp_13,10,410,"Whichmetalcouldbeusedforapermanentmagnetandwhichmetalcouldbeusedforthecore
",0
0625_w15_qp_13_26,"26  Which procedure may be used to demagnetise a steel bar? 
",49.60629,422.448788,26,Which procedure may be used to demagnetise a steel bar? A cooling it in a freezer for several hours B earthing it with a copper wire for several seconds C removing it slowly from a coil carrying an alternating current (a c ) D rubbing it in one direction with a woollen cloth ,0625_w15_qp_13,10,410,"Whichproceduremaybeusedtodemagnetiseasteelbar?
",1
0625_w15_qp_13_27,"27  A plastic rod is rubbed with a cotton cloth. This process causes the rod and the cloth to become 
",49.60629,548.9879096,27,"A plastic rod is rubbed with a cotton cloth  This process causes the rod and the cloth to become charged  These charges cause a force between the rod and the cloth   Which row compares the charges on the rod and the cloth, and describes the effect of the force between the rod and the cloth?  charges on rod and cloth effect  A opposite they attract  B opposite they repel  C the same they attract  D the same they repel       © UCLES          /  /O/N/   [Turn over",0625_w15_qp_13,10,420,"Aplasticrodisrubbedwithacottoncloth.Thisprocesscausestherodandtheclothtobecome
",0
0625_w15_qp_13_28,"28  A metal wire of circular cross-section has diameter d and length l. 
 
",49.60530014,88.13007424,28,"A metal wire of circular cross-section has diameter d and length l    current wire dl   Which pair of changes, if both are carried out, must increase the resistance of the wire? A decrease l and decrease d B decrease l and increase d C increase l and decrease d D increase l and increase d ",0625_w15_qp_13,11,420,"Ametalwireofcircularcross-sectionhasdiameterdandlengthl.

",0
0625_w15_qp_13_29,"29  The circuit shown contains a battery, a 6.0 
 
",49.60416661,398.4952949,29,"The circuit shown contains a battery, a      Ω resistor and two meters X and Y   One meter records current and one meter records potential difference    meter X meter Y     Ω   Which row shows possible values for the readings on the meters?   meter X meter Y  A      A     V  B      V     A  C     A      V  D     V      A       © UCLES          /  /O/N/  ",0625_w15_qp_13,11,430,"Thecircuitshowncontainsabattery,a.

",0
0625_w15_qp_13_30,"30  A student designs a circuit to switch on a lamp after a time delay. 
 
",49.60629,87.87531718,30,A student designs a circuit to switch on a lamp after a time delay   Which components are used in a time-delay circuit? A a light-dependent resistor and a relay B a resistor and a capacitor C a resistor and a transformer D a thermistor and a variable resistor ,0625_w15_qp_13,12,430,"Astudentdesignsacircuittoswitchonalampafteratimedelay.

",0
0625_w15_qp_13_31,"31  Identical resistors are connected together to form arrangements X, Y and Z. 
 
",49.60618002,239.7009702,31,"Identical resistors are connected together to form arrangements X, Y and Z    arrangement X arrangement Y arrangement Z  What is the correct order of the resistances of the arrangements from the largest to the smallest? A X → Y → Z B Y → X → Z C Z → X → Y D Z → Y → X      © UCLES          /  /O/N/   [Turn over",0625_w15_qp_13,12,430,"IdenticalresistorsareconnectedtogethertoformarrangementsX,YandZ.

",0
0625_w15_qp_13_32,"32  The diagram shows a potential divider circuit. 
 
",49.60629,87.87531718,32,The diagram shows a potential divider circuit    V QVP   The resistance of the variable resistor is increased   Which row shows what happens to the readings on voltmeter P and on voltmeter Q?   reading on voltmeter P reading on voltmeter Q  A decreases decreases  B decreases increases  C increases decreases  D increases increases  ,0625_w15_qp_13,13,430,"Thediagramshowsapotentialdividercircuit.

",0
0625_w15_qp_13_33,"33  Four lamps are each labelled '60 W 230 V'. 
 
",49.60629,435.0627172,33,Four lamps are each labelled '    W      V'   In which circuit are the lamps connected so that they operate at normal brightness?   A     VB     VC      VD      V       © UCLES          /  /O/N/  ,0625_w15_qp_13,13,430,"Fourlampsareeachlabelled'WV'.

",1
0625_w15_qp_13_34,"34  A student investigates electromagnetic induction. She has a bar magnet and a coil of wire that is 
",49.60629,75.2545432,34,A student investigates electromagnetic induction  She has a bar magnet and a coil of wire that is connected to a sensitive ammeter    NS  sens itive ammeter  coil of wire A magnet  Which movement does not cause a reading on the ammeter? A moving the coil to the right B moving both the magnet and the coil to the left at the same speed C moving both the magnet and the coil towards each other at the same speed D moving the magnet to the left ,0625_w15_qp_13,14,450,"Astudentinvestigateselectromagneticinduction.Shehasabarmagnetandacoilofwirethatis
",0
0625_w15_qp_13_35,"35  The primary coil of a transformer has 200 turns. This primary coil is connected to an a.c. power 
",49.60561498,365.3820204,35,The primary coil of a transformer has     turns  This primary coil is connected to an a c  power supply of     V   A voltmeter connected across the secondary coil reads     V             Va c     Vprimary coil    turns secondary coilV   How many turns are on the secondary coil? A    B     C     D          © UCLES          /  /O/N/   [Turn over,0625_w15_qp_13,14,450,"Theprimarycoilofatransformerhasturns.Thisprimarycoilisconnectedtoana.c.power
",0
0625_w15_qp_13_36,"36  A current-carrying coil in a magnetic field experiences a turning effect. 
 
",49.60629,87.87531718,36,A current-carrying coil in a magnetic field experiences a turning effect    NSpower supply+– coil  How can the turning effect be increased? A Increase the number of turns on the coil  B Reduce the size of the current  C Reverse the direction of the magnetic field  D Use thinner wire for the coil  ,0625_w15_qp_13,15,450,"Acurrent-carryingcoilinamagneticfieldexperiencesaturningeffect.

",1
0625_w15_qp_13_37,"37  The diagram shows a cathode-ray tube. The tube is not working. 
 
",49.6065276,420.3520985,37,"The diagram shows a cathode-ray tube  The tube is not working    powersupply heatedcathode coldanode air   Which change should be made to make the tube work to produce cathode rays? A Change round the connections of the power supply  B Heat the anode instead of the cathode  C Use an a c  power supply instead of a d c  power supply  D Use a vacuum in the tube instead of air         Permission to reproduce items where third-par ty owned material protected by copyright is  included has been sought and cleared w here possible  Every reasonable effort has been made by the publisher (UCLES) to trace copyright holder s, but if any items requiring clearance have unwittingly been included, the publisher will be pleased to make amends at the earliest possible opportunity   To avoid the issue of disclosure of answer-related information to candidates, all copyright acknowledgements are reproduced onl ine in the Cambridge International Examinations Copyright Acknowledgements Booklet  This is produced for each series of examinations and is freely a vailable to download at www cie org uk after the live examination series   Cambridge International Examinations is part of the Cambridge Asse ssment Group  Cambridge Assessment is the brand name of Unive rsity of Cambridge Local Examinations Syndicate (UCLES), which is itself a department of the University of Cambridge    © UCLES          /  /O/N/  ",0625_w15_qp_13,15,450,"Thediagramshowsacathode-raytube.Thetubeisnotworking.

",0
0625_w15_qp_13_38,"38  A radioactive nucleus contains 128 nucleons. It emits a β-particle. 
 
",49.60629,88.69688488,38,A radioactive nucleus contains     nucleons  It emits a β-particle   How many nucleons are now in the nucleus? A     B     C     D     ,0625_w15_qp_13,16,510,"Aradioactivenucleuscontainsnucleons.Itemitsaβ-particle.

",0
0625_w15_qp_13_39,"39  A student investigates how the radiation from a radioactive source changes with time. 
 
",49.60738984,175.5803954,39,"A student investigates how the radiation from a radioactive source changes with time   The table shows the results from the detector used by the student   time  /  minutes count rate / counts per minute                                           The experiment is repeated by many other students, who also measure the count rate every two minutes   The half-life of the source is known to be exactly     minutes   Why is the measured count rate always greater than half the previous value? A Radioactive emissions occur randomly with time  B The detector used is very close to the source  C There is background radiation present  D The radioactive source is decaying  ",0625_w15_qp_13,16,520,"Astudentinvestigateshowtheradiationfromaradioactivesourcechangeswithtime.

",1
0625_w15_qp_13_40,"40  The nuclide notation for radium-226 is Ra
",49.60629,558.9324907,40,The nuclide notation for radium-    is Ra        How many electrons orbit the nucleus of a neutral atom of radium-   ? A   B    C     D        ,0625_w15_qp_13,16,510,"Thenuclidenotationforradium-isRa
",1
0625_w16_qp_21_01,"1  The graph shows how the distance travelled by a vehicle changes with time. 
 
",49.62,87.51642,1,The graph shows how the distance trave lled by a vehicle changes with time      distance timePQR S   Which row describes the speed of the vehicle in each section of the graph?   P to Q Q to R R to S  A constant zero constant  B constant zero decreasing  C increasing constant decreasing  D increasing zero constant  ,0625_w16_qp_21,2,120,"Thegraphshowshowthedistancetravelledbyavehiclechangeswithtime.

",1
0625_w16_qp_21_02,"2  A stone falls freely from the top of a cliff. Air resistance may be ignored. 
 
",49.62,428.91631,2,A stone falls freely from the top of a cliff  Air resistance may be ignored   Which graph shows how the acceleration of the stone varies with time as it falls?     time acceleration A    time acceleration B    time acceleration C    time acceleration D     © UCLES          /  /O/N/   [Turn over,0625_w16_qp_21,2,120,"Astonefallsfreelyfromthetopofacliff.Airresistancemaybeignored.

",0
0625_w16_qp_21_03,"3  A  car  travels  along  a  horizontal  road  in  a  straight  line.  The  driver  presses  the  accelerator  to 
",49.62,74.85648,3,A car travels along a horizontal road in a straight line  The driver presses the accelerator to increase the speed of the car   The speed-time graph for the car is shown                       speedm  / s time  / s  What is the acceleration of the car? A       m  / s  B       m  / s  C       m  / s  D       m  / s  ,0625_w16_qp_21,3,120,"Acartravelsalongahorizontalroadinastraightline.Thedriverpressestheacceleratorto
",0
0625_w16_qp_21_04,"4  A spaceship approaches the Earth from deep space. Near the Earth, a force on the spaceship 
",49.62166016,425.3763,4,"A spaceship approaches the Earth from deep space  Near the Earth, a force on the spaceship causes it to have weight  This causes it to change its speed and direction   Which type of force causes the spaceship’s wei ght, and which property of the spaceship resists its change in speed and direction?  force that causes weight property that resists change in speed and direction  A gravitational mass  B gravitational volume  C magnetic mass  D magnetic volume      © UCLES          /  /O/N/  ",0625_w16_qp_21,3,130,"AspaceshipapproachestheEarthfromdeepspace.NeartheEarth,aforceonthespaceship
",0
0625_w16_qp_21_05,"5  The diagrams show an empty rectangular box, and the same box filled with liquid. 
 
",49.62,87.51642,5,"The diagrams show an empty rectangular box, and the same box filled with liquid   The box has a mass of     g when empty  When filled with liquid, the total mass of the box and the liquid is      g    box filled with liquid     g empty box    g  The density of the liquid is      g / cm    What is the volume of the liquid in the box? A     cm  B      cm  C      cm  D      cm  ",0625_w16_qp_21,4,220,"Thediagramsshowanemptyrectangularbox,andthesameboxfilledwithliquid.

",0
0625_w16_qp_21_06,"6  An object travels in a circular path at constant speed. 
",49.6221926,366.6963,6,An object travels in a circular path at constant speed  Which statement about the object is correct? A It has changing kinetic energy  B It has changing momentum  C It has constant velocity  D It is not accelerating  ,0625_w16_qp_21,4,120,"Anobjecttravelsinacircularpathatconstantspeed.
",0
0625_w16_qp_21_07,"7  Which diagram shows the magnitude and direction of the resultant R of the two forces F1 and F2? 
 
",49.62208284,529.47632,7,Which diagram shows the magnitude and direction of the resultant R of the two forces F   and F  ?   F  F B F  F R RAF  F RCRF  F D      © UCLES          /  /O/N/   [Turn over,0625_w16_qp_21,4,152,"WhichdiagramshowsthemagnitudeanddirectionoftheresultantRofthetwoforcesFandF?

",0
0625_w16_qp_21_08,"8  Two cars, P and Q, have different masses and different speeds as shown. 
 
",49.62,87.51642,8,"Two cars, P and Q, have different masses and different speeds as shown    speed    m  / smass    kgcar Pspeed    m  / smass     kgcar Q   Which row correctly compares the momentum and the kinetic energy of P with the momentum and the kinetic energy of Q?   momentum kinetic energy  A P greater than Q P equal to Q  B P equal to Q P equal to Q  C P equal to Q P less than Q  D P less than Q P greater than Q  ",0625_w16_qp_21,5,170,"Twocars,PandQ,havedifferentmassesanddifferentspeedsasshown.

",0
0625_w16_qp_21_09,"9  A car of mass 800 kg travels over a hill of height h. 
 
",49.62,389.07642,9,"A car of mass      kg travels over a hill of height h    hhill NOT TOSCALE   By travelling to the top of the hill, the car gains          J of gravitational potential energy   The gravitational field strength g is     N  / kg   What is the height h of the hill? A      m B     m C     m D      m ",0625_w16_qp_21,5,170,"Acarofmasskgtravelsoverahillofheighth.

",0
0625_w16_qp_21_10,"10  A lamp has a power input of 5.0 W. It wastes 1.0 W of power heating the surroundings. 
",49.62211006,582.57638,10,A lamp has a power input of      W  It wastes      W of power heating the surroundings  What is the efficiency of the lamp? A   % B   % C   % D    % ,0625_w16_qp_21,5,170,"Alamphasapowerinputof.W.Itwastes.Wofpowerheatingthesurroundings.
",0
0625_w16_qp_21_11,"11  The box contains the names of eight different energy resources. 
 
",49.62023626,680.4357398,11,The box contains the names of eight different energy resources   natural gas geothermal solar waves  hydroelectric oil wind coal   How many of these energy resources are renewable? A   B   C   D     © UCLES          /  /O/N/  ,0625_w16_qp_21,5,170,"Theboxcontainsthenamesofeightdifferentenergyresources.

",0
0625_w16_qp_21_12,"12  The diagram shows a dam holding back water. 
 
",49.62,87.51642,12,The diagram shows a dam holding back water    damwater    m   The depth of the water is     m   The density of the water is       kg  / m   The gravitational field strength g is     N  / kg   What is the pressure exerted at the base of the dam due to the water? A       Pa B      Pa C          Pa D           Pa ,0625_w16_qp_21,6,180,"Thediagramshowsadamholdingbackwater.

",0
0625_w16_qp_21_13,"13  Air is trapped in a cylinder by a piston. The original volume of the trapped air is V and the original 
pressure of the trapped air is P. The piston is pushed to the left. The temperature of the gas does 
not change. 
",49.62158571,357.2758998,13,Air is trapped in a cylinder by a piston  The original volume of the trapped air is V and the original pressure of the trapped air is P  The piston is pushed to the left  The temperature of the gas does not change                trapped airbefore piston is pushed in after piston is pushed inpiston cylinder trapped air  What is the new volume and what is the new pressure of the trapped air?   new volume new pressure  A  V  P  B  V  P  C  V  P  D  V  P      © UCLES          /  /O/N/   [Turn over,0625_w16_qp_21,6,210,"Airistrappedinacylinderbyapiston.TheoriginalvolumeofthetrappedairisVandtheoriginal
pressureofthetrappedairisP.Thepistonispushedtotheleft.Thetemperatureofthegasdoes
notchange.
",0
0625_w16_qp_21_14,"14  When a liquid evaporates, some of its molecules escape from the surface and the temperature of 
",49.62,74.85648,14,"When a liquid evaporates, some of its molecules escape from the surface and the temperature of the liquid changes   Which row describes the escaping molecules and the change in temperature of the liquid?   escaping molecules temperature of the liquid  A less energetic goes down  B less energetic goes up  C more energetic goes down  D more energetic goes up  ",0625_w16_qp_21,7,220,"Whenaliquidevaporates,someofitsmoleculesescapefromthesurfaceandthetemperatureof
",0
0625_w16_qp_21_15,"15  A gas at a constant temperature is in a container of fixed volume. The gas exerts a pressure on 
",49.62,282.93636,15,A gas at a constant temperature is in a container of fixed volume  The gas exerts a pressure on the walls of the container  The pressure is caused by the gas molecules striking the walls  Which statement about the gas molecules when they strike the walls is correct? A The average kinetic energy of the gas molecules changes   B The average momentum of the gas molecules changes  C The average speed of the gas molecules changes  D The chemical energy of the gas molecules changes  ,0625_w16_qp_21,7,210,"Agasataconstanttemperatureisinacontaineroffixedvolume.Thegasexertsapressureon
",0
0625_w16_qp_21_16,"16  A  piece  of  melting  ice  at  0 °C  and  a  beaker  of  boiling  water  are  both  in  a  laboratory.  The 
",49.62010975,446.70432,16,A piece of melting ice at    °C and a beaker of boiling water are both in a laboratory  The laboratory is at     °C    melting iceboiling waterBunsen burnerheating water   What is happening to the temperature of the melting ice and what is happening to the temperature of the boiling water?   temperature of melting ice temperature of boiling water  A constant constant  B constant increasing  C increasing constant  D increasing increasing      © UCLES          /  /O/N/  ,0625_w16_qp_21,7,220,"Apieceofmeltingiceat°Candabeakerofboilingwaterarebothinalaboratory.The
",0
0625_w16_qp_21_17,"17  The diagram shows a liquid-in-glass thermometer. 
 
",49.62,87.51642,17,The diagram shows a liquid-in-glass thermometer    –                                       °Cliquid threadstem glass bulbliquidtube   Which feature would give a thermometer with an increased range? A a smaller internal diameter of the tube containing the liquid thread B a thinner glass bulb C a larger length of the tube and stem D a larger volume of the liquid ,0625_w16_qp_21,8,220,"Thediagramshowsaliquid-in-glassthermometer.

",1
0625_w16_qp_21_18,"18  A copper container of mass 0.20 kg contains 0.10 kg of water. 
 
",49.62153045,338.01642,18,"A copper container of mass       kg contains       kg of water   The specific heat capacity of copper is      J / (kg  °C) and the specific heat capacity of water is       J / (kg  °C)   How much energy, in joules, is needed to raise the temperature of the copper container and the water by     °C? A (     ×     ×   ) – (     ×      ×   ) B (     ×     ×   ) + (     ×      ×   ) C (     +     ) ×  +           ×    D (     +     ) × (     +    ) ×    ",0625_w16_qp_21,8,220,"Acoppercontainerofmass.kgcontains.kgofwater.

",0
0625_w16_qp_21_19,"19  The thermal transfer of energy through a copper rod involves electrons. 
 
",49.61860095,559.836186,19,"The thermal transfer of energy through a copper rod involves electrons   A second process is also involved   What is this method of thermal energy transfer, and what is the second process?  method second process  A conduction density change  B conduction lattice vibration  C convection density change  D convection lattice vibration      © UCLES          /  /O/N/   [Turn over",0625_w16_qp_21,8,230,"Thethermaltransferofenergythroughacopperrodinvolveselectrons.

",0
0625_w16_qp_21_20,"20  The diagrams show four spherical objects at the same temperature. Two of the objects are small 
",49.62,74.85648,20,The diagrams show four spherical objects at the same temperature  Two of the objects are small and two are large  Two of the objects are white and two are black   Which object emits infra-red radiation at the greatest rate?   A B C D  ,0625_w16_qp_21,9,520,"Thediagramsshowfoursphericalobjectsatthesametemperature.Twooftheobjectsaresmall
",0
0625_w16_qp_21_21,"21  The diagram represents plane wavefronts being diffracted by passing through a gap in a barrier. 
 
",49.6213044,244.055622,21,The diagram represents plane wavefronts being diffracted by passing through a gap in a barrier    barrier wavefronts gap   Which pair of changes must increase the amount of diffraction that occurs? A decrease the wavelength and decrease the size of the gap B decrease the wavelength and increase the size of the gap C increase the wavelength and decrease the size of the gap D increase the wavelength and increase the size of the gap ,0625_w16_qp_21,9,310,"Thediagramrepresentsplanewavefrontsbeingdiffractedbypassingthroughagapinabarrier.

",0
0625_w16_qp_21_22,"22  An image is formed by a plane mirror. A second image is formed by a lens used as a magnifying 
",49.6213563,535.896948,22,An image is formed by a plane mirror  A second image is formed by a lens used as a magnifying glass  Which row states the nature of each of these images?  plane mirror magnifying glass  A real real  B real virtual  C virtual real  D virtual virtual      © UCLES          /  /O/N/  ,0625_w16_qp_21,9,320,"Animageisformedbyaplanemirror.Asecondimageisformedbyalensusedasamagnifying
",0
0625_w16_qp_21_23,"23  Light travelling at a speed of 3.0 × 108
",49.62,75.78432,23,Light travelling at a speed of     ×      m  / s strikes the surface of a glass block and undergoes refraction as it enters the block   The diagram shows a ray of this light before and after it enters the block      °  °glass block   What is the speed of light in the glass? A     ×       m  / s B     ×       m  / s C     ×       m  / s D     ×       m  / s ,0625_w16_qp_21,10,320,"Lighttravellingataspeedof.×
",0
0625_w16_qp_21_24,"24  Radiation from which part of the electromagnetic spectrum is used in the remote controller for a 
",49.62066255,418.41591,24,Radiation from which part of the electromagnetic spectrum is used in the remote controller for a television? A infra-red waves B microwaves C radio waves D ultraviolet waves ,0625_w16_qp_21,10,330,"Radiationfromwhichpartoftheelectromagneticspectrumisusedintheremotecontrollerfora
",0
0625_w16_qp_21_25,"25  A girl notices that, when she shouts into a cave, she hears an echo. 
 
",49.62066255,570.275898,25,"A girl notices that, when she shouts into a cave, she hears an echo   Which wave property causes the echo? A diffraction B dispersion C reflection D refraction      © UCLES          /  /O/N/   [Turn over",0625_w16_qp_21,10,340,"Agirlnoticesthat,whensheshoutsintoacave,shehearsanecho.

",0
0625_w16_qp_21_26,"26  The  diagrams  represent  the  displacement  in  four  different  sound  waves.  All  the  diagrams  are 
",49.62,74.85648,26,The diagrams represent the displacement in four different sound waves  All the diagrams are drawn to the same scale   Which diagram represents the sound with the highest pitch?   A B D Ctime time time time displacementdisplacement displacementdisplacement                 ,0625_w16_qp_21,11,340,"Thediagramsrepresentthedisplacementinfourdifferentsoundwaves.Allthediagramsare
",0
0625_w16_qp_21_27,"27  A student suggests three methods for demagnetising a piece of steel. 
 
",49.6219542,402.03633,27,"A student suggests three methods for demagnetising a piece of steel     placing it in an east-west direction and hammering it hard   placing it in an east-west direction and heating it until red hot   removing it slowly from a coil carrying alternating current  Which of the methods will demagnetise the piece of steel? A   only B   only C   only D  ,   and        © UCLES          /  /O/N/  ",0625_w16_qp_21,11,410,"Astudentsuggeststhreemethodsfordemagnetisingapieceofsteel.

",0
0625_w16_qp_21_28,"28  In two separate experiments, a magnet is brought near to an unmagnetised iron bar. This causes 
",49.62,74.85648,28,"In two separate experiments, a magnet is brought near to an unmagnetised iron bar  This causes the bar to become magnetised    NSmagnet X iron bar NS magnet Yiron barexperiment  experiment     Which magnetic pole is induced at X and at Y?   pole induced at X pole induced at Y  A N N  B N S  C S N  D S S  ",0625_w16_qp_21,12,410,"Intwoseparateexperiments,amagnetisbroughtneartoanunmagnetisedironbar.Thiscauses
",0
0625_w16_qp_21_29,"29  A  polythene  rod  is  rubbed  with  a  cloth.  The  rod  becomes  positively  charged  because  of  the 
",49.62,378.39597,29,"A polythene rod is rubbed with a cloth  The rod becomes positively charged because of the movement of charged particles   Which row gives the name of these charged particles, and the direction in which they move?   charged particles direction of movement  A electrons from cloth to rod  B electrons from rod to cloth  C protons from cloth to rod  D protons from rod to cloth       © UCLES          /  /O/N/   [Turn over",0625_w16_qp_21,12,420,"Apolythenerodisrubbedwithacloth.Therodbecomespositivelychargedbecauseofthe
",0
0625_w16_qp_21_30,"30  The diagram shows a lamp in a circuit. 
 
",49.62,87.51642,30,The diagram shows a lamp in a circuit    P   Which change to the circuit would increase the current in the lamp? A adding another resistor in parallel with the one in the circuit B adding another resistor in series with the one in the circuit C decreasing the electromotive force (e m f ) of the battery in the circuit D moving the lamp to point P in the circuit ,0625_w16_qp_21,13,430,"Thediagramshowsalampinacircuit.

",0
0625_w16_qp_21_31,"31  A 12.0 Ω resistor and a 6.0 Ω resistor are connected in parallel. 
 
",49.62042885,341.85642,31,A       Ω resistor and a      Ω resistor are connected in parallel   Another      Ω resistor is then connected in series with the parallel combination         Ω      Ω     Ω  What is the combined resistance of all three resistors?  A      Ω B     Ω C     Ω D     Ω ,0625_w16_qp_21,13,430,"A.Ωresistoranda.Ωresistorareconnectedinparallel.

",0
0625_w16_qp_21_32,"32  The circuit shows a 12 V battery connected to a lamp of resistance 3.0 Ω. 
 
",49.6206132,572.79593,32,The circuit shows a     V battery connected to a lamp of resistance      Ω        V   How much energy is transferred to the surroundings by the lamp in     minutes? A     J B     J C       J D       J      © UCLES          /  /O/N/  ,0625_w16_qp_21,13,430,"ThecircuitshowsaVbatteryconnectedtoalampofresistance.Ω.

",0
0625_w16_qp_21_33,"33  The diagram shows a circuit containing a battery, a resistor with high resistance, a switch and a 
",49.62,74.85648,33,"The diagram shows a circuit containing a battery, a resistor with high resistance, a switch and a lamp        Vbattery    Vlampresistor   Initially the switch is open   What happens to the lamp when the switch is closed? A It glows more brightly  B It glows less brightly  C It goes out  D Its brightness does not change  ",0625_w16_qp_21,14,430,"Thediagramshowsacircuitcontainingabattery,aresistorwithhighresistance,aswitchanda
",0
0625_w16_qp_21_34,"34  This is the truth table for a logic gate. 
 
",49.62134715,438.936378,34,This is the truth table for a logic gate   input   input   output                         Which symbol represents the logic gate?   ABC D  ,0625_w16_qp_21,14,450,"Thisisthetruthtableforalogicgate.

",0
0625_w16_qp_21_35,"35  Why is a fuse used in an electrical circuit? 
",49.6222509,663.27717,35,Why is a fuse used in an electrical circuit? A so that the current can have only one value B to prevent the current becoming too large C to provide a path to earth if a fault occurs D to save electrical energy       © UCLES          /  /O/N/   [Turn over,0625_w16_qp_21,14,440,"Whyisafuseusedinanelectricalcircuit?
",0
0625_w16_qp_21_36,"36  An electric current can produce a heating effect and a magnetic effect. 
 
",49.62,87.51642,36,An electric current can produce a heating effect and a magnetic effect   Which row shows the effect that a relay uses and one application of a relay?   effect used by a relay one application of a relay  A heating effect allowing a small current to switch on a large current  B heating effect changing the voltage of an a c  supply  C magnetic effect allowing a small current to switch on a large current  D magnetic effect changing the voltage of an a c  supply  ,0625_w16_qp_21,15,430,"Anelectriccurrentcanproduceaheatingeffectandamagneticeffect.

",1
0625_w16_qp_21_37,"37  A very important experiment improved scientists’ understanding of the structure of matter. 
",49.62,255.69675,37,A very important experiment improved scientists’ understanding of the structure of matter  The experiment involved α-particles being fired at a thin gold foil  What happened? A All the α-particles were absorbed by the nuclei of the gold atoms  B All the α-particles were unaffected by the gold atoms  C Some of the α-particles were attracted by the neutrons in the nuclei of the gold atoms  D Some of the α-particles were repelled by the protons in the nuclei of the gold atoms  ,0625_w16_qp_21,15,510,"Averyimportantexperimentimprovedscientists’understandingofthestructureofmatter.
",0
0625_w16_qp_21_38,"38  What is meant by nuclear fusion? 
",49.62109755,433.656198,38,What is meant by nuclear fusion? A the emission of an electron from a nucleus B the emission of two protons from a nucleus C the joining together of two nuclei D the splitting of a nucleus into two smaller nuclei ,0625_w16_qp_21,15,510,"Whatismeantbynuclearfusion?
",0
0625_w16_qp_21_39,"39  A  nucleus  undergoes  radioactive  decay.  The  proton  number  increases  by  one.  The  nucleon 
",49.62109755,560.135916,39,"A nucleus undergoes radioactive decay  The proton number increases by one  The nucleon number does not change   Which particle has been emitted in this decay? A a neutron B a proton C an α-particle D a β-particle        Permission to reproduce items where third-party owned material pr otected by copyright is included has been sought and cleared w here possible  Every reasonable effort has been made by the publisher (UCLES) to trac e copyright holders, but if any items requiring clearance have unwittingly been included, the publisher will be pleased to make amends  at the earliest possible opportunity   To avoid the issue of disclosure of ans wer-related information to candidates, all copyright acknowledgements are reproduced onl ine in the Cambridge International Examinations Copyright Acknow ledgements Booklet  This is produced for each  series of examinations and is freely a vailable to download at www cie org uk after the live examination series   Cambridge International Examinations is part of the Cambridge As sessment Group  Cambridge Assessment is the brand name of Unive rsity of Cambridge Local Examinations Syndicate (UCLES), which is itself a department of the University of Cambridge    © UCLES          /  /O/N/  ",0625_w16_qp_21,15,510,"Anucleusundergoesradioactivedecay.Theprotonnumberincreasesbyone.Thenucleon
",0
0625_w16_qp_21_40,"40  Radioactive  source  S  emits  α-particles,  β-particles  and  γ-rays.  A  detector  is  placed  5 cm  away 
",49.62,75.78432,40,"Radioactive source S emits α-particles, β-particles and γ-rays  A detector is placed    cm away from S  A thin sheet of paper is placed as shown in the diagram    S   cmthin sheet of paper detecto r   Which emissions from the source can be detected? A α-particles and β-particles only B α-particles and γ-rays only C β-particles and γ-rays only D α-particles, β-particles and γ-rays    ",0625_w16_qp_21,16,520,"RadioactivesourceSemitsα-particles,β-particlesandγ-rays.Adetectorisplacedcmaway
",0
0625_w16_qp_22_01,"1  The graph shows how the distance travelled by a vehicle changes with time. 
 
",49.62,87.51642,1,The graph shows how the distance trave lled by a vehicle changes with time      distance timePQR S   Which row describes the speed of the vehicle in each section of the graph?   P to Q Q to R R to S  A constant zero constant  B constant zero decreasing  C increasing constant decreasing  D increasing zero constant  ,0625_w16_qp_22,2,120,"Thegraphshowshowthedistancetravelledbyavehiclechangeswithtime.

",1
0625_w16_qp_22_02,"2  A stone falls freely from the top of a cliff. Air resistance may be ignored. 
 
",49.62,428.91631,2,A stone falls freely from the top of a cliff  Air resistance may be ignored   Which graph shows how the acceleration of the stone varies with time as it falls?     time acceleration A    time acceleration B    time acceleration C    time acceleration D     © UCLES          /  /O/N/   [Turn over,0625_w16_qp_22,2,120,"Astonefallsfreelyfromthetopofacliff.Airresistancemaybeignored.

",1
0625_w16_qp_22_03,"3  The speed-time graph for an object is shown. 
 
",49.62,87.51642,3,The speed-time graph for an object is shown                  time  / sspeedm / sPXYZ W   Below are four statements about the acceleration of the object   Which statement is correct? A The acceleration in the first    s is given by area P  B The acceleration increases between W and X  C The acceleration is negative between Y and Z  D The deceleration between Y and Z is (   ÷   )  m  / s   ,0625_w16_qp_22,3,120,"Thespeed-timegraphforanobjectisshown.

",0
0625_w16_qp_22_04,"4  An object tends to keep moving with the same speed and in the same direction due to a certain 
",49.62138909,383.4960198,4,"An object tends to keep moving with the same speed and in the same direction due to a certain property   The object also has weight due to the action of a field   What is the name of the property, and what is the name of the field?  property field  A mass electric  B mass gravitational  C volume electric  D volume gravitational      © UCLES          /  /O/N/  ",0625_w16_qp_22,3,130,"Anobjecttendstokeepmovingwiththesamespeedandinthesamedirectionduetoacertain
",0
0625_w16_qp_22_05,"5  A student uses a measuring cylinder and a balance to find the density of oil. The diagram shows 
",49.62,74.85648,5,A student uses a measuring cylinder and a balance to find the density of oil  The diagram shows the arrangement used    g g m  m emptymeasuringcylinder measuringcylinder containingvolume V of oiloil   Which calculation gives the density of the oil? A   mV B ()   mmV− C  Vm  D ( ) Vmm   − ,0625_w16_qp_22,4,110,"Astudentusesameasuringcylinderandabalancetofindthedensityofoil.Thediagramshows
",0
0625_w16_qp_22_06,"6  An object travels in a circular path at constant speed. 
",49.62205275,392.497254,6,An object travels in a circular path at constant speed  Which statement about the object is correct? A It has changing kinetic energy  B It has changing momentum  C It has constant velocity  D It is not accelerating      © UCLES          /  /O/N/   [Turn over,0625_w16_qp_22,4,120,"Anobjecttravelsinacircularpathatconstantspeed.
",1
0625_w16_qp_22_07,"7  The diagrams show a spring and a graph of the length of the spring against the load applied to it. 
 
",49.62,87.51642,7,The diagrams show a spring and a graph of the length of the spring against the load applied to it    loadlengthspring                    load  / N      length  / cm   What is the extension of the spring when a load of     N is applied to it? A      cm B      cm C      cm D      cm ,0625_w16_qp_22,5,151,"Thediagramsshowaspringandagraphofthelengthofthespringagainsttheloadappliedtoit.

",0
0625_w16_qp_22_08,"8  A girl of mass 50 kg runs at 6.0 m / s. 
 
",49.6211505,457.05642,8,A girl of mass     kg runs at      m  / s   What is her momentum? A      J B      kg  m  / s C      J D      kg  m  / s ,0625_w16_qp_22,5,130,"Agirlofmasskgrunsat.m/s.

",0
0625_w16_qp_22_09,"9  Which list contains only vector quantities? 
",49.62205635,531.3363,9,"Which list contains only vector quantities? A acceleration, energy, force, mass B acceleration, force, momentum, velocity C distance, energy, mass, speed D distance, momentum, power, speed ",0625_w16_qp_22,5,170,"Whichlistcontainsonlyvectorquantities?
",1
0625_w16_qp_22_10,"10  Electricity can be generated using different energy resources. 
",49.62205635,657.876408,10,Electricity can be generated using different energy resources  Which energy resource is used to generate electricity without needing any moving parts? A geothermal B hydroelectric C solar D water waves   © UCLES          /  /O/N/  ,0625_w16_qp_22,5,170,"Electricitycanbegeneratedusingdifferentenergyresources.
",0
0625_w16_qp_22_11,"11  A lamp has a power input of 5.0 W. It wastes 1.0 W of power heating the surroundings. 
",49.62,74.91648,11,A lamp has a power input of      W  It wastes      W of power heating the surroundings  What is the efficiency of the lamp? A   % B   % C   % D    % ,0625_w16_qp_22,6,170,"Alamphasapowerinputof.W.Itwastes.Wofpowerheatingthesurroundings.
",1
0625_w16_qp_22_12,"12  A pendulum bob swings along the path WXYZ and back again. 
 
",49.62001185,172.77573,12,"A pendulum bob swings along the path WXYZ and back again   Resistive forces can be ignored    pendulum bobWZXY   Which statement describes the total energy of the bob? A It has a maximum value at X  B It has a maximum value at Y  C It has a maximum value at Z  D It has the same value at W, X, Y and Z  ",0625_w16_qp_22,6,152,"ApendulumbobswingsalongthepathWXYZandbackagain.

",0
0625_w16_qp_22_13,"13  The equation used to find the pressure caused by a liquid can be written as 
 
",49.6213509,484.53579,13,The equation used to find the pressure caused by a liquid can be written as  p = h × Y × Z  where p is the pressure and h is the depth of the liquid   Which row gives the quantities Y and Z?   Y Z  A cross-sectional area gravitational field strength  B cross-sectional area volume  C density cross-sectional area  D density gravitational field strength      © UCLES          /  /O/N/   [Turn over,0625_w16_qp_22,6,180,"Theequationusedtofindthepressurecausedbyaliquidcanbewrittenas

",0
0625_w16_qp_22_14,"14  The  diagram  shows  a  gas  that  is  trapped  in  a  cylinder  by  a  piston.  The  volume  of  the  gas  is 
",49.62,74.85648,14,"The diagram shows a gas that is trapped in a cylinder by a piston  The volume of the gas is      cm  and the pressure of the gas is P    gaspiston  The piston is moved slowly to the left so that the volume of the gas is reduced to     cm   The temperature of the gas does not change   What is the new pressure of the trapped gas? A   P B  P C P D  P       A piece of melting ice at    °C and a beaker of boiling water are both in a laboratory  The laboratory is at     °C    melting iceboiling waterBunsen burnerheating water   What is happening to the temperature of the melting ice and what is happening to the temperature of the boiling water?    temperature of melting ice temperature of boiling water  A constant constant  B constant increasing  C increasing constant  D increasing increasing      © UCLES          /  /O/N/       A puddle of water is formed after a rain shower on a windy day   Which statement explains the effect of the wind on the rate of evaporation of the water in the puddle? A The wind gives molecules in the water extra kinetic energy and so increases the rate of evaporation  B The wind removes evaporated water from near the surface and so decreases the rate of evaporation  C The wind removes evaporated water from near the surface and so increases the rate of evaporation  D The wind takes energy from molecules near the surface and so decreases the rate of evaporation       A copper container of mass       kg contains       kg of water   The specific heat capacity of copper is      J / (kg  °C) and the specific heat capacity of water is       J / (kg  °C)   How much energy, in joules, is needed to raise the temperature of the copper container and the water by     °C? A (     ×     ×   ) – (     ×      ×   ) B (     ×     ×   ) + (     ×      ×   ) C (     +     ) ×  +           ×    D (     +     ) × (     +    ) ×         On a very cold day, a boy puts one hand on the metal handlebars of his bicycle  He puts the other hand on the rubber hand grip    The metal feels colder than the rubber hand grip, although they are both at the same temperature   Why is this? A The metal has a higher melting point than the rubber  B The metal has a lower thermal capacity than the rubber  C The metal is a better thermal conductor than the rubber  D The metal radiates more infra-red radiation than the rubber      © UCLES          /  /O/N/   [Turn over     The diagrams show four spherical objects of the same colour and same type of surface  Two of the objects are small and two are large  Two of the objects are at the same high temperature and two are at the same low temperature   Which object emits infra-red radiation at the greatest rate?   A B C Dhightemperaturelowtemperaturehightemperaturelowtemperature       Which wave has an amplitude equal to half its wavelength?   displacement/  cm    –          distance  / cm Adisplacement/  cm    –          distance  / cm Bdisplacement/  cm    –          distance  / cm Cdisplacement/  cm    –          distance  / cm D    © UCLES          /  /O/N/       Which diagram shows what happens when plane waves pass the edge of the object shown?   A objectB C Dobject object object      An image is formed by a plane mirror  A second image is formed by a lens used as a magnifying glass  Which row states the nature of each of these images?  plane mirror magnifying glass  A real real  B real virtual  C virtual real  D virtual virtual       © UCLES          /  /O/N/   [Turn over     The diagram shows light passing from air into glass  Two angles p and q are marked    airglassnormalpq   Which pair of equations can both be used to calculate the refractive index n of the glass? A n =  glass in light of speedair in light of speed, n =  qp sin sin B  n =  air in light of speedglass in light of speed, n =  qp sin sin C n =  glass in light of speedair in light of speed, n =  pq sin sin D n =  air in light of speedglass in light of speed, n =  pq sin sin      Which part of the electromagnetic spectrum is used to send television signals from a satellite to Earth? A infra-red B microwaves C ultraviolet D visible light      A girl notices that, when she shouts into a cave, she hears an echo   Which wave property causes the echo? A diffraction B dispersion C reflection D refraction      © UCLES          /  /O/N/       Which property of a sound wave affects the loudness of the sound? A amplitude B frequency C speed D wavelength      In two separate experiments, a magnet is brought near to an unmagnetised iron bar  This causes the bar to become magnetised    NSmagnet X iron bar NS magnet Yiron barexperiment  experiment     Which magnetic pole is induced at X and at Y?   pole induced at X pole induced at Y  A N N  B N S  C S N  D S S       A student suggests three methods for demagnetising a piece of steel     placing it in an east-west direction and hammering it hard   placing it in an east-west direction and heating it until red hot   removing it slowly from a coil carrying alternating current  Which of the methods will demagnetise the piece of steel? A   only B   only C   only D  ,   and        © UCLES          /  /O/N/   [Turn over     The diagram shows a lamp in a circuit    P   Which change to the circuit would increase the current in the lamp? A adding another resistor in parallel with the one in the circuit B adding another resistor in series with the one in the circuit C decreasing the electromotive force (e m f ) of the battery in the circuit D moving the lamp to point P in the circuit      The diagram shows a circuit    A  The reading on the ammeter is     A   How much charge passes through the ammeter in     minutes? A       C B      C C     C D       C      A copper wire has a resistance of      Ω   A second copper wire is twice as long as the firs t wire, and its diameter is twice the diameter of the first wire   What is the resistance of the second wire? A      Ω B      Ω C      Ω D       Ω      © UCLES          /  /O/N/       Which combination of resistors in parallel has an effective resistance of       Ω?   A B C D    Ω      Ω      Ω      Ω    Ω      Ω      Ω      Ω       In the circuit shown, the voltmeter reads      V  A charge of      C passes through the resistor in a certain time    V  How much energy is supplied to the resistor in this time? A       J B      J C     J D     J      Two NAND gates are connected together as shown    input  input   output   The arrangement acts like a single logic gate   What is the name of this single logic gate? A AND B NOR C NOT D OR      © UCLES          /  /O/N/   [Turn over     An electric kettle has a metal casing  The cable for the kettle contains a wire that is connected to the earth pin of the plug   Which danger does this guard against? A the cable to the kettle becoming too hot B the casing of the kettle becoming live C the casing of the kettle becoming wet on the outside D the casing of the kettle overheating      An electric current can produce a heating effect and a magnetic effect   Which row shows the effect that a relay uses and one application of a relay?   effect used by a relay one application of a relay  A heating effect allowing a small current to switch on a large current  B heating effect changing the voltage of an a c  supply  C magnetic effect allowing a small current to switch on a large current  D magnetic effect changing the voltage of an a c  supply       What happens in the process of nuclear fission? A electrons are added to a nucleus B electrons are removed from a nucleus C the nucleus of an atom splits D two atomic nuclei join together      A β-particle enters a uniform magnetic field directed out of the page    uniformmagnetic fieldout of the page β-particle   In which direction is the β-particle deflected by the field? A towards the top of the page B into the page C out of the page D towards the bottom of the page        Permission to reproduce items where third-party owned material pr otected by copyright is included has been sought and cleared w here possible  Every reasonable effort has been made by the publisher (UCLES) to trac e copyright holders, but if any items requiring clearance have unwittingly been included, the publisher will be pleased to make amends  at the earliest possible opportunity   To avoid the issue of disclosure of ans wer-related information to candidates, all copyright acknowledgements are reproduced onl ine in the Cambridge International Examinations Copyright Acknow ledgements Booklet  This is produced for each  series of examinations and is freely a vailable to download at www cie org uk after the live examination series   Cambridge International Examinations is part of the Cambridge As sessment Group  Cambridge Assessment is the brand name of Unive rsity of Cambridge Local Examinations Syndicate (UCLES), which is itself a department of the University of Cambridge    © UCLES          /  /O/N/       The radioactive nucleus Bi        decays to another nucleus by the emission of a β-particle  What is the proton number and what is the nucleon number of the nucleus formed by this decay?  proton number nucleon number  A      B       C       D            Radioactive source S emits α-particles, β-particles and γ-rays  A detector is placed    cm away from S  A thin sheet of paper is placed as shown in the diagram    S   cmthin sheet of paper detecto r   Which emissions from the source can be detected? A α-particles and β-particles only B α-particles and γ-rays only C β-particles and γ-rays only D α-particles, β-particles and γ-rays    ",0625_w16_qp_22,7,220,"Thediagramshowsagasthatistrappedinacylinderbyapiston.Thevolumeofthegasis
",0
0625_w16_qp_22_16,"16  A puddle of water is formed after a rain shower on a windy day. 
 
",49.62,87.51642,16,A puddle of water is formed after a rain shower on a windy day   Which statement explains the effect of the wind on the rate of evaporation of the water in the puddle? A The wind gives molecules in the water extra kinetic energy and so increases the rate of evaporation  B The wind removes evaporated water from near the surface and so decreases the rate of evaporation  C The wind removes evaporated water from near the surface and so increases the rate of evaporation  D The wind takes energy from molecules near the surface and so decreases the rate of evaporation  ,0625_w16_qp_22,8,220,"Apuddleofwaterisformedafterarainshoweronawindyday.

",0
0625_w16_qp_22_17,"17  A copper container of mass 0.20 kg contains 0.10 kg of water. 
 
",49.62,302.61632,17,"A copper container of mass       kg contains       kg of water   The specific heat capacity of copper is      J / (kg  °C) and the specific heat capacity of water is       J / (kg  °C)   How much energy, in joules, is needed to raise the temperature of the copper container and the water by     °C? A (     ×     ×   ) – (     ×      ×   ) B (     ×     ×   ) + (     ×      ×   ) C (     +     ) ×  +           ×    D (     +     ) × (     +    ) ×    ",0625_w16_qp_22,8,220,"Acoppercontainerofmass.kgcontains.kgofwater.

",1
0625_w16_qp_22_18,"18  On  a  very  cold  day,  a  boy  puts  one  hand  on  the  metal  handlebars of his bicycle. He puts the 
",49.61860095,511.715856,18,"On a very cold day, a boy puts one hand on the metal handlebars of his bicycle  He puts the other hand on the rubber hand grip    The metal feels colder than the rubber hand grip, although they are both at the same temperature   Why is this? A The metal has a higher melting point than the rubber  B The metal has a lower thermal capacity than the rubber  C The metal is a better thermal conductor than the rubber  D The metal radiates more infra-red radiation than the rubber      © UCLES          /  /O/N/   [Turn over",0625_w16_qp_22,8,230,"Onaverycoldday,aboyputsonehandonthemetalhandlebarsofhisbicycle.Heputsthe
",0
0625_w16_qp_22_19,"19  The diagrams show four spherical objects of the same colour and same type of surface. Two of 
the objects are small and two are large. Two of the objects are at the same high temperature and 
two are at the same low temperature. 
",49.62,100.17636,19,The diagrams show four spherical objects of the same colour and same type of surface  Two of the objects are small and two are large  Two of the objects are at the same high temperature and two are at the same low temperature   Which object emits infra-red radiation at the greatest rate?   A B C Dhightemperaturelowtemperaturehightemperaturelowtemperature  ,0625_w16_qp_22,9,230,"Thediagramsshowfoursphericalobjectsofthesamecolourandsametypeofsurface.Twoof
theobjectsaresmallandtwoarelarge.Twooftheobjectsareatthesamehightemperatureand
twoareatthesamelowtemperature.
",0
0625_w16_qp_22_20,"20  Which wave has an amplitude equal to half its wavelength? 
 
",49.6221609,289.71672,20,Which wave has an amplitude equal to half its wavelength?   displacement/  cm    –          distance  / cm Adisplacement/  cm    –          distance  / cm Bdisplacement/  cm    –          distance  / cm Cdisplacement/  cm    –          distance  / cm D    © UCLES          /  /O/N/  ,0625_w16_qp_22,9,151,"Whichwavehasanamplitudeequaltohalfitswavelength?

",0
0625_w16_qp_22_21,"21  Which diagram shows what happens when plane waves pass the edge of the object shown? 
 
",49.62,87.51642,21,Which diagram shows what happens when plane waves pass the edge of the object shown?   A objectB C Dobject object object ,0625_w16_qp_22,10,320,"Whichdiagramshowswhathappenswhenplanewavespasstheedgeoftheobjectshown?

",0
0625_w16_qp_22_22,"22  An image is formed by a plane mirror. A second image is formed by a lens used as a magnifying 
",49.62228675,458.43639,22,An image is formed by a plane mirror  A second image is formed by a lens used as a magnifying glass  Which row states the nature of each of these images?  plane mirror magnifying glass  A real real  B real virtual  C virtual real  D virtual virtual       © UCLES          /  /O/N/   [Turn over,0625_w16_qp_22,10,320,"Animageisformedbyaplanemirror.Asecondimageisformedbyalensusedasamagnifying
",1
0625_w16_qp_22_23,"23  The diagram shows light passing from air into glass. Two angles p and q are marked. 
 
",49.62,87.51642,23,"The diagram shows light passing from air into glass  Two angles p and q are marked    airglassnormalpq   Which pair of equations can both be used to calculate the refractive index n of the glass? A n =  glass in light of speedair in light of speed, n =  qp sin sin B  n =  air in light of speedglass in light of speed, n =  qp sin sin C n =  glass in light of speedair in light of speed, n =  pq sin sin D n =  air in light of speedglass in light of speed, n =  pq sin sin ",0625_w16_qp_22,11,320,"Thediagramshowslightpassingfromairintoglass.Twoanglespandqaremarked.

",0
0625_w16_qp_22_24,"24  Which part of the electromagnetic spectrum is used to send television signals from a satellite to 
",49.62125505,467.736126,24,Which part of the electromagnetic spectrum is used to send television signals from a satellite to Earth? A infra-red B microwaves C ultraviolet D visible light ,0625_w16_qp_22,11,330,"Whichpartoftheelectromagneticspectrumisusedtosendtelevisionsignalsfromasatelliteto
",0
0625_w16_qp_22_25,"25  A girl notices that, when she shouts into a cave, she hears an echo. 
 
",49.62125505,619.596114,25,"A girl notices that, when she shouts into a cave, she hears an echo   Which wave property causes the echo? A diffraction B dispersion C reflection D refraction      © UCLES          /  /O/N/  ",0625_w16_qp_22,11,340,"Agirlnoticesthat,whensheshoutsintoacave,shehearsanecho.

",1
0625_w16_qp_22_26,"26  Which property of a sound wave affects the loudness of the sound? 
",49.62,74.91648,26,Which property of a sound wave affects the loudness of the sound? A amplitude B frequency C speed D wavelength ,0625_w16_qp_22,12,340,"Whichpropertyofasoundwaveaffectstheloudnessofthesound?
",0
0625_w16_qp_22_27,"27  In two separate experiments, a magnet is brought near to an unmagnetised iron bar. This causes 
",49.62,201.396198,27,"In two separate experiments, a magnet is brought near to an unmagnetised iron bar  This causes the bar to become magnetised    NSmagnet X iron bar NS magnet Yiron barexperiment  experiment     Which magnetic pole is induced at X and at Y?   pole induced at X pole induced at Y  A N N  B N S  C S N  D S S  ",0625_w16_qp_22,12,410,"Intwoseparateexperiments,amagnetisbroughtneartoanunmagnetisedironbar.Thiscauses
",1
0625_w16_qp_22_28,"28  A student suggests three methods for demagnetising a piece of steel. 
 
",49.62,517.59591,28,"A student suggests three methods for demagnetising a piece of steel     placing it in an east-west direction and hammering it hard   placing it in an east-west direction and heating it until red hot   removing it slowly from a coil carrying alternating current  Which of the methods will demagnetise the piece of steel? A   only B   only C   only D  ,   and        © UCLES          /  /O/N/   [Turn over",0625_w16_qp_22,12,410,"Astudentsuggeststhreemethodsfordemagnetisingapieceofsteel.

",1
0625_w16_qp_22_29,"29  The diagram shows a lamp in a circuit. 
 
",49.62,87.51642,29,The diagram shows a lamp in a circuit    P   Which change to the circuit would increase the current in the lamp? A adding another resistor in parallel with the one in the circuit B adding another resistor in series with the one in the circuit C decreasing the electromotive force (e m f ) of the battery in the circuit D moving the lamp to point P in the circuit ,0625_w16_qp_22,13,430,"Thediagramshowsalampinacircuit.

",1
0625_w16_qp_22_30,"30  The diagram shows a circuit. 
 
",49.6209459,341.016788,30,The diagram shows a circuit    A  The reading on the ammeter is     A   How much charge passes through the ammeter in     minutes? A       C B      C C     C D       C ,0625_w16_qp_22,13,430,"Thediagramshowsacircuit.

",1
0625_w16_qp_22_31,"31  A copper wire has a resistance of 2.0 Ω. 
 
",49.6205748,544.65603,31,"A copper wire has a resistance of      Ω   A second copper wire is twice as long as the firs t wire, and its diameter is twice the diameter of the first wire   What is the resistance of the second wire? A      Ω B      Ω C      Ω D       Ω      © UCLES          /  /O/N/  ",0625_w16_qp_22,13,420,"Acopperwirehasaresistanceof.Ω.

",0
0625_w16_qp_22_32,"32  Which combination of resistors in parallel has an effective resistance of 0.50 Ω? 
 
",49.62,88.35642,32,Which combination of resistors in parallel has an effective resistance of       Ω?   A B C D    Ω      Ω      Ω      Ω    Ω      Ω      Ω      Ω  ,0625_w16_qp_22,14,430,"Whichcombinationofresistorsinparallelhasaneffectiveresistanceof.Ω?

",0
0625_w16_qp_22_33,"33  In the circuit shown, the voltmeter reads 2.0 V. A charge of 5.0 C passes through the resistor in a 
",49.6213692,353.31678,33,"In the circuit shown, the voltmeter reads      V  A charge of      C passes through the resistor in a certain time    V  How much energy is supplied to the resistor in this time? A       J B      J C     J D     J ",0625_w16_qp_22,14,430,"Inthecircuitshown,thevoltmeterreads.V.Achargeof.Cpassesthroughtheresistorina
",0
0625_w16_qp_22_34,"34  Two NAND gates are connected together as shown. 
 
",49.62171075,589.11585,34,Two NAND gates are connected together as shown    input  input   output   The arrangement acts like a single logic gate   What is the name of this single logic gate? A AND B NOR C NOT D OR      © UCLES          /  /O/N/   [Turn over,0625_w16_qp_22,14,450,"TwoNANDgatesareconnectedtogetherasshown.

",0
0625_w16_qp_22_35,"35  An electric kettle has a metal casing. The cable for the kettle contains a wire that is connected to 
",49.62,74.85648,35,An electric kettle has a metal casing  The cable for the kettle contains a wire that is connected to the earth pin of the plug   Which danger does this guard against? A the cable to the kettle becoming too hot B the casing of the kettle becoming live C the casing of the kettle becoming wet on the outside D the casing of the kettle overheating ,0625_w16_qp_22,15,440,"Anelectrickettlehasametalcasing.Thecableforthekettlecontainsawirethatisconnectedto
",0
0625_w16_qp_22_36,"36  An electric current can produce a heating effect and a magnetic effect. 
 
",49.62,251.975958,36,An electric current can produce a heating effect and a magnetic effect   Which row shows the effect that a relay uses and one application of a relay?   effect used by a relay one application of a relay  A heating effect allowing a small current to switch on a large current  B heating effect changing the voltage of an a c  supply  C magnetic effect allowing a small current to switch on a large current  D magnetic effect changing the voltage of an a c  supply  ,0625_w16_qp_22,15,430,"Anelectriccurrentcanproduceaheatingeffectandamagneticeffect.

",1
0625_w16_qp_22_37,"37  What happens in the process of nuclear fission? 
",49.62,420.15675,37,What happens in the process of nuclear fission? A electrons are added to a nucleus B electrons are removed from a nucleus C the nucleus of an atom splits D two atomic nuclei join together ,0625_w16_qp_22,15,510,"Whathappensintheprocessofnuclearfission?
",0
0625_w16_qp_22_38,"38  A β-particle enters a uniform magnetic field directed out of the page. 
 
",49.62,560.136378,38,"A β-particle enters a uniform magnetic field directed out of the page    uniformmagnetic fieldout of the page β-particle   In which direction is the β-particle deflected by the field? A towards the top of the page B into the page C out of the page D towards the bottom of the page        Permission to reproduce items where third-party owned material pr otected by copyright is included has been sought and cleared w here possible  Every reasonable effort has been made by the publisher (UCLES) to trac e copyright holders, but if any items requiring clearance have unwittingly been included, the publisher will be pleased to make amends  at the earliest possible opportunity   To avoid the issue of disclosure of ans wer-related information to candidates, all copyright acknowledgements are reproduced onl ine in the Cambridge International Examinations Copyright Acknow ledgements Booklet  This is produced for each  series of examinations and is freely a vailable to download at www cie org uk after the live examination series   Cambridge International Examinations is part of the Cambridge As sessment Group  Cambridge Assessment is the brand name of Unive rsity of Cambridge Local Examinations Syndicate (UCLES), which is itself a department of the University of Cambridge    © UCLES          /  /O/N/  ",0625_w16_qp_22,15,450,"Aβ-particleentersauniformmagneticfielddirectedoutofthepage.

",0
0625_w16_qp_22_39,"39  The radioactive nucleus  Bi
",49.62,77.6806789,39,The radioactive nucleus Bi        decays to another nucleus by the emission of a β-particle  What is the proton number and what is the nucleon number of the nucleus formed by this decay?  proton number nucleon number  A      B       C       D       ,0625_w16_qp_22,16,510,"TheradioactivenucleusBi
",0
0625_w16_qp_22_40,"40  Radioactive  source  S  emits  α-particles,  β-particles  and  γ-rays.  A  detector  is  placed  5 cm  away 
",49.62,259.08417,40,"Radioactive source S emits α-particles, β-particles and γ-rays  A detector is placed    cm away from S  A thin sheet of paper is placed as shown in the diagram    S   cmthin sheet of paper detecto r   Which emissions from the source can be detected? A α-particles and β-particles only B α-particles and γ-rays only C β-particles and γ-rays only D α-particles, β-particles and γ-rays    ",0625_w16_qp_22,16,520,"RadioactivesourceSemitsα-particles,β-particlesandγ-rays.Adetectorisplacedcmaway
",1
0625_w16_qp_23_01,"1  The graph shows how the distance travelled by a vehicle changes with time. 
 
",49.62,87.51642,1,The graph shows how the distance trave lled by a vehicle changes with time      distance timePQR S   Which row describes the speed of the vehicle in each section of the graph?   P to Q Q to R R to S  A constant zero constant  B constant zero decreasing  C increasing constant decreasing  D increasing zero constant  ,0625_w16_qp_23,2,120,"Thegraphshowshowthedistancetravelledbyavehiclechangeswithtime.

",1
0625_w16_qp_23_02,"2  A stone falls freely from the top of a cliff. Air resistance may be ignored. 
 
",49.62,428.91631,2,A stone falls freely from the top of a cliff  Air resistance may be ignored   Which graph shows how the acceleration of the stone varies with time as it falls?     time acceleration A    time acceleration B    time acceleration C    time acceleration D     © UCLES          /  /O/N/   [Turn over,0625_w16_qp_23,2,120,"Astonefallsfreelyfromthetopofacliff.Airresistancemaybeignored.

",1
0625_w16_qp_23_03,"3  The speed-time graph for an object is shown. 
 
",49.62,87.51642,3,The speed-time graph for an object is shown                    time  / sspeedm / sXYZ W   Below are four statements about the acceleration of the object   Which statement is true? A The acceleration in the first     s is (   ÷   )  m  / s   B The acceleration increases between W and X  C The acceleration decreases between Y and Z  D The deceleration between Y and Z is (   ÷   )  m  / s   ,0625_w16_qp_23,3,120,"Thespeed-timegraphforanobjectisshown.

",1
0625_w16_qp_23_04,"4  An astronaut on the Moon weighs less than on Earth. 
",49.62138909,384.3965802,4,"An astronaut on the Moon weighs less than on Earth  What is the reason for this difference, and how does his mass on the Moon compare with his mass on Earth?  reason for weight difference mass on Moon  A the Moon has a weaker gravitational field less than on Earth  B the Moon has a weaker gravitational field same as on Earth  C the Moon has a weaker magnetic field less than on Earth  D the Moon has a weaker magnetic field same as on Earth      © UCLES          /  /O/N/  ",0625_w16_qp_23,3,130,"AnastronautontheMoonweighslessthanonEarth.
",0
0625_w16_qp_23_05,"5  The diagrams show an empty container, and the same container filled with liquid. 
 
",49.62,87.51642,5,"The diagrams show an empty container, and the same container filled with liquid   The empty container has a mass of      g  When filled with the liquid, the total mass of the container and the liquid is      g    container filled with liquid     g empty container     g  The volume of liquid in the container is      cm    What is the density of the liquid? A        g / cm  B       g / cm  C      g / cm   D      g / cm  ",0625_w16_qp_23,4,180,"Thediagramsshowanemptycontainer,andthesamecontainerfilledwithliquid.

",0
0625_w16_qp_23_06,"6  An object travels in a circular path at constant speed. 
",49.6218862,348.036282,6,An object travels in a circular path at constant speed  Which statement about the object is correct? A It has changing kinetic energy  B It has changing momentum  C It has constant velocity  D It is not accelerating      © UCLES          /  /O/N/   [Turn over,0625_w16_qp_23,4,120,"Anobjecttravelsinacircularpathatconstantspeed.
",1
0625_w16_qp_23_07,"7  Different loads are hung on a spring. The diagram shows the length of the spring with and without 
",49.62,74.85648,7,Different loads are hung on a spring  The diagram shows the length of the spring with and without the loads attached         N     N    cm    cm    cm   What is the extension of the spring when the load is      N? A    cm B     cm C     cm D     cm ,0625_w16_qp_23,5,151,"Differentloadsarehungonaspring.Thediagramshowsthelengthofthespringwithandwithout
",0
0625_w16_qp_23_08,"8  A vehicle of mass 900 kg is travelling with a velocity of 20 m / s. 
 
",49.62125369,457.71642,8,A vehicle of mass      kg is travelling with a velocity of     m  / s   What is the momentum of the vehicle? A     kg  m  / s B      kg  m  / s C          kg  m  / s D           kg  m  / s ,0625_w16_qp_23,5,130,"Avehicleofmasskgistravellingwithavelocityofm/s.

",0
0625_w16_qp_23_09,"9  Which list contains only scalar quantities? 
",49.62214146,531.9962,9,"Which list contains only scalar quantities? A acceleration, energy, force, mass B acceleration, force, momentum, velocity C distance, energy, mass, speed D distance, momentum, speed, velocity     © UCLES          /  /O/N/  ",0625_w16_qp_23,5,170,"Whichlistcontainsonlyscalarquantities?
",0
0625_w16_qp_23_10,"10  A ball is dropped onto a floor. 
 
",49.62,87.51642,10,A ball is dropped onto a floor   Its speed just before hitting the floor is      m  / s   Which change would result in a speed of      m  / s just before hitting the floor? Ignore any effects due to air resistance  A Drop the ball from double the height above the floor  B Drop the ball from four times the height above the floor  C Use a ball with double the mass  D Use a ball with four times the mass  ,0625_w16_qp_23,6,170,"Aballisdroppedontoafloor.

",0
0625_w16_qp_23_11,"11  Which list contains only energy resources that derive their energy from the Sun? 
",49.62058611,275.7366984,11,"Which list contains only energy resource s that derive their energy from the Sun? A geothermal, nuclear, tidal B hydroelectric, water waves, wind C geothermal, hydroelectric, solar D nuclear, solar, water waves ",0625_w16_qp_23,6,170,"WhichlistcontainsonlyenergyresourcesthatderivetheirenergyfromtheSun?
",0
0625_w16_qp_23_12,"12  A lamp has a power input of 5.0 W. It wastes 1.0 W of power heating the surroundings. 
",49.62058611,402.2766966,12,A lamp has a power input of      W  It wastes      W of power heating the surroundings  What is the efficiency of the lamp? A   % B   % C   % D    % ,0625_w16_qp_23,6,170,"Alamphasapowerinputof.W.Itwastes.Wofpowerheatingthesurroundings.
",1
0625_w16_qp_23_13,"13  A container is filled with liquid to a certain depth h. 
 
",49.62023626,500.0755596,13,A container is filled with liquid to a certain depth h    hcontainer liquid   The pressure of the liquid at the bottom of the container depends on several factors   Which is one factor on which the pressure does not depend? A the strength of the Earth’s gravitational field B the density of the liquid C the depth of the liquid D the strength of the Earth’s magnetic field     © UCLES          /  /O/N/   [Turn over,0625_w16_qp_23,6,180,"Acontainerisfilledwithliquidtoacertaindepthh.

",0
0625_w16_qp_23_14,"14  Which diagram best represents the movement of a smoke particle displaying Brownian motion? 
 
",49.62,87.51642,14,Which diagram best represents the movement of a smoke particle displaying Brownian motion?   AB CD smokeparticle smokeparticle smokeparticlesmokeparticle  ,0625_w16_qp_23,7,210,"WhichdiagrambestrepresentsthemovementofasmokeparticledisplayingBrownianmotion?

",0
0625_w16_qp_23_15,"15  The volume of a gas is measured at different pressures. 
",49.6219611,324.51717,15,The volume of a gas is measured at different pressures   The pressure p and the volume V of the gas are found to be related by the equation: pV = constant  Which quantities are kept constant and which quantities change?  density of gas mass of gas temperature of gas   A    key  B    = constant  C    = changed  D          © UCLES          /  /O/N/  ,0625_w16_qp_23,7,210,"Thevolumeofagasismeasuredatdifferentpressures.
",0
0625_w16_qp_23_16,"16  A  piece  of  melting  ice  at  0 °C  and  a  beaker  of  boiling  water  are  both  in  a  laboratory.  The 
",49.62,75.78432,16,A piece of melting ice at    °C and a beaker of boiling water are both in a laboratory  The laboratory is at     °C    melting iceboiling waterBunsen burnerheating water   What is happening to the temperature of the melting ice and what is happening to the temperature of the boiling water?   temperature of melting ice temperature of boiling water  A constant constant  B constant increasing  C increasing constant  D increasing increasing  ,0625_w16_qp_23,8,220,"Apieceofmeltingiceat°Candabeakerofboilingwaterarebothinalaboratory.The
",1
0625_w16_qp_23_17,"17  A  scientist  has  two  thermometers  available:  a  liquid-in-glass  thermometer  and  a  thermocouple 
",49.62,411.87636,17,"A scientist has two thermometers available: a liquid-in-glass thermometer and a thermocouple thermometer  Which thermometer is better for measuring a very high temperature, and which thermometer is better for measuring a rapidly varying temperature?  very high temperature rapidly varying temperature  A liquid-in-glass liquid-in-glass  B liquid-in-glass thermocouple  C thermocouple liquid-in-glass  D thermocouple thermocouple      © UCLES          /  /O/N/   [Turn over",0625_w16_qp_23,8,220,"Ascientisthastwothermometersavailable:aliquid-in-glassthermometerandathermocouple
",0
0625_w16_qp_23_18,"18  A copper container of mass 0.20 kg contains 0.10 kg of water. 
 
",49.62,87.51642,18,"A copper container of mass       kg contains       kg of water   The specific heat capacity of copper is      J / (kg  °C) and the specific heat capacity of water is       J / (kg  °C)   How much energy, in joules, is needed to raise the temperature of the copper container and the water by     °C? A (     ×     ×   ) – (     ×      ×   ) B (     ×     ×   ) + (     ×      ×   ) C (     +     ) ×  +           ×    D (     +     ) × (     +    ) ×    ",0625_w16_qp_23,9,220,"Acoppercontainerofmass.kgcontains.kgofwater.

",1
0625_w16_qp_23_19,"19  The diagrams show four spherical objects of the same size. Two of the objects are white and two 
are  black.  Two  of  the  objects  are  at  the  same  high  temperature  and  two  are  at  the  same  low 
temperature. 
",49.61860095,321.935736,19,The diagrams show four spherical objects of the same size  Two of the objects are white and two are black  Two of the objects are at the same high temperature and two are at the same low temperature   Which object emits infra-red radiation at the greatest rate?   A BCDhightemperaturehightemperaturelowtemperaturelowtemperature  ,0625_w16_qp_23,9,230,"Thediagramsshowfoursphericalobjectsofthesamesize.Twooftheobjectsarewhiteandtwo
areblack.Twooftheobjectsareatthesamehightemperatureandtwoareatthesamelow
temperature.
",0
0625_w16_qp_23_20,"20  A man is talking at the side of a house. He can be heard by a woman at the front of the house 
",49.6221609,482.79639,20,A man is talking at the side of a house  He can be heard by a woman at the front of the house even though she cannot see him      What is the explanation for this? A Sound waves are longitudinal and light waves are transverse  B Sound waves are transverse and light waves are longitudinal  C The sound waves have a long wavelength and the light waves have short wavelength  D The sound waves have a short wavelength and the light waves have long wavelength      © UCLES          /  /O/N/  ,0625_w16_qp_23,9,310,"Amanistalkingatthesideofahouse.Hecanbeheardbyawomanatthefrontofthehouse
",0
0625_w16_qp_23_21,"21  An image is formed by a plane mirror. A second image is formed by a lens used as a magnifying 
",49.62,74.85648,21,An image is formed by a plane mirror  A second image is formed by a lens used as a magnifying glass  Which row states the nature of each of these images?  plane mirror magnifying glass  A real real  B real virtual  C virtual real  D virtual virtual  ,0625_w16_qp_23,10,320,"Animageisformedbyaplanemirror.Asecondimageisformedbyalensusedasamagnifying
",1
0625_w16_qp_23_22,"22  The speed of light in air is 3.0 × 108
 
",49.62,278.91593,22,The speed of light in air is     ×       m  / s   The critical angle for light in a transparent plastic material placed in air is    °   What is the speed of light in the plastic material? A     ×       m  / s B     ×       m  / s C     ×       m  / s D     ×       m  / s ,0625_w16_qp_23,10,320,"Thespeedoflightinairis.×

",0
0625_w16_qp_23_23,"23  Which description applies to infra-red radiation? 
",49.6202973,447.6363,23,Which description applies to infra-red radiation? A longitudinal and electromagnetic B longitudinal but not electromagnetic C transverse and electromagnetic D transverse but not electromagnetic ,0625_w16_qp_23,10,330,"Whichdescriptionappliestoinfra-redradiation?
",0
0625_w16_qp_23_24,"24  A girl notices that, when she shouts into a cave, she hears an echo. 
 
",49.6202973,586.775958,24,"A girl notices that, when she shouts into a cave, she hears an echo   Which wave property causes the echo? A diffraction B dispersion C reflection D refraction      © UCLES          /  /O/N/   [Turn over",0625_w16_qp_23,10,340,"Agirlnoticesthat,whensheshoutsintoacave,shehearsanecho.

",1
0625_w16_qp_23_25,"25  A man stands 110 m from a high wall. He makes a short, sharp sound and then hears an echo 
",49.62,74.85648,25,"A man stands      m from a high wall  He makes a short, sharp sound and then hears an echo from the wall  The speed of sound in air is      m  / s  How long after making the sound does the man hear the echo? A       s B       s C      s D      s ",0625_w16_qp_23,11,340,"Amanstandsmfromahighwall.Hemakesashort,sharpsoundandthenhearsanecho
",0
0625_w16_qp_23_26,"26  A student suggests three methods for demagnetising a piece of steel. 
 
",49.62174135,209.07624,26,"A student suggests three methods for demagnetising a piece of steel     placing it in an east-west direction and hammering it hard   placing it in an east-west direction and heating it until red hot   removing it slowly from a coil carrying alternating current  Which of the methods will demagnetise the piece of steel? A   only B   only C   only D  ,   and   ",0625_w16_qp_23,11,410,"Astudentsuggeststhreemethodsfordemagnetisingapieceofsteel.

",1
0625_w16_qp_23_27,"27  In two separate experiments, a magnet is brought near to an unmagnetised iron bar. This causes 
",49.6206438,351.875532,27,"In two separate experiments, a magnet is brought near to an unmagnetised iron bar  This causes the bar to become magnetised    NSmagnet X iron bar NS magnet Yiron barexperiment  experiment     Which magnetic pole is induced at X and at Y?   pole induced at X pole induced at Y  A N N  B N S  C S N  D S S       © UCLES          /  /O/N/  ",0625_w16_qp_23,11,410,"Intwoseparateexperiments,amagnetisbroughtneartoanunmagnetisedironbar.Thiscauses
",1
0625_w16_qp_23_28,"28  A student holds a rod in his hand. 
 
",49.62,87.51642,28,"A student holds a rod in his hand    rodhandcloth   He rubs the rod with a cloth  The rod gains a positive charge    Of which material could the rod be made, and which transfer of charge has happened?   material of rod transfer of charge  A metal negative charge from rod to cloth  B metal positive charge from cloth to rod  C plastic negative charge from rod to cloth  D plastic positive charge from cloth to rod  ",0625_w16_qp_23,12,420,"Astudentholdsarodinhishand.

",0
0625_w16_qp_23_29,"29  The diagram shows a lamp in a circuit. 
 
",49.62,418.7163,29,The diagram shows a lamp in a circuit    P   Which change to the circuit would increase the current in the lamp? A adding another resistor in parallel with the one in the circuit B adding another resistor in series with the one in the circuit C decreasing the electromotive force (e m f ) of the battery in the circuit D moving the lamp to point P in the circuit      © UCLES          /  /O/N/   [Turn over,0625_w16_qp_23,12,430,"Thediagramshowsalampinacircuit.

",1
0625_w16_qp_23_30,"30  The graph shows the relationship between the current in a circuit component and the potential 
",49.62,74.85648,30,The graph shows the relationship between the current in a circuit component and the potential difference (p d ) across it  The graph has a straight section and a curved section    currentp d      What happens to the resistance of the component in these two sections as the current increases?   straight section curved section  A resistance increases resistance decreases  B resistance increases resistance increases  C no change in resistance resistance decreases  D no change in resistance resistance increases  ,0625_w16_qp_23,13,430,"Thegraphshowstherelationshipbetweenthecurrentinacircuitcomponentandthepotential
",0
0625_w16_qp_23_31,"31  In the circuit shown there is a current of 10 A. 
 
",49.62,412.05642,31,In the circuit shown there is a current of     A      How much charge passes through the resistor in     minutes? A        C B    C C     C D       C      © UCLES          /  /O/N/  ,0625_w16_qp_23,13,430,"InthecircuitshownthereisacurrentofA.

",0
0625_w16_qp_23_32,"32  The four circuits shown each contain four diodes. 
 
",49.62,87.51642,32,The four circuits shown each contain four diodes   In which circuit is the direction of the current in the resistor always from the red terminal to the black terminal?   redterminalblackterminal   VA redterminalblackterminal   VB redterminalblackterminal   VC redterminalblackterminal   VD       © UCLES          /  /O/N/   [Turn over,0625_w16_qp_23,14,430,"Thefourcircuitsshowneachcontainfourdiodes.

",0
0625_w16_qp_23_33,"33  The diagram shows a potential divider. 
 
",49.62,87.51642,33,"The diagram shows a potential divider      V    V   When brighter light falls on the light-dependent resistor (LDR), its resistance changes   What happens to the resistance of the LDR and what happens to the current in it?   resistance of LDR current in LDR  A decreases decreases  B decreases increases  C increases decreases  D increases increases  ",0625_w16_qp_23,15,430,"Thediagramshowsapotentialdivider.

",0
0625_w16_qp_23_34,"34  The diagram shows two logic gates connected together. 
 
",49.62,459.69591,34,The diagram shows two logic gates connected together    low ( )low ( )P Q   The two inputs are both low ( )   What are the logic states at P and at Q?   P Q  A high ( ) high ( )  B high ( ) low ( )  C low ( ) high ( )  D low ( ) low ( )       © UCLES          /  /O/N/  ,0625_w16_qp_23,15,170,"Thediagramshowstwologicgatesconnectedtogether.

",0
0625_w16_qp_23_35,"35  Two electrical appliances are connected to the mains supply. 
 
 
 
 
 
",49.62,138.09579,35,"Two electrical appliances are connected to the mains supply     The cable connected to one appliance includes an earth wire     The cable connected to the second appliance does not need an earth wire   What is a reason for this difference? A One appliance has a metal case, but the other appliance does not  B One appliance is fitted with a fuse, but the other appliance is not  C One appliance is fitted with a switch, but the other appliance is not  D One appliance needs more current than the other appliance  ",0625_w16_qp_23,16,440,"Twoelectricalappliancesareconnectedtothemainssupply.





",0
0625_w16_qp_23_36,"36  An electric current can produce a heating effect and a magnetic effect. 
 
",49.62,289.955778,36,An electric current can produce a heating effect and a magnetic effect   Which row shows the effect that a relay uses and one application of a relay?   effect used by a relay one application of a relay  A heating effect allowing a small current to switch on a large current  B heating effect changing the voltage of an a c  supply  C magnetic effect allowing a small current to switch on a large current  D magnetic effect changing the voltage of an a c  supply  ,0625_w16_qp_23,16,430,"Anelectriccurrentcanproduceaheatingeffectandamagneticeffect.

",1
0625_w16_qp_23_37,"37  Which particle is absorbed by a nucleus to cause nuclear fission? 
",49.62,458.07636,37,Which particle is absorbed by a nucleus to cause nuclear fission? A a neutron B a proton C an α-particle D a β-particle      © UCLES          /  /O/N/   [Turn over,0625_w16_qp_23,16,510,"Whichparticleisabsorbedbyanucleustocausenuclearfission?
",0
0625_w16_qp_23_38,"38  An α-particle enters a uniform magnetic field directed out of the page. 
 
",49.62,88.35642,38,An α-particle enters a uniform magnetic field directed out of the page    uniformmagnetic fieldout of the page α-particle  In which direction is the α-particle deflected by the field? A into the page B out of the page C to the left D to the right ,0625_w16_qp_23,17,450,"Anα-particleentersauniformmagneticfielddirectedoutofthepage.

",0
0625_w16_qp_23_39,"39  Radioactive  source  S  emits  α-particles,  β-particles  and  γ-rays.  A  detector  is  placed  5 cm  away 
",49.62273825,377.944728,39,"Radioactive source S emits α-particles, β-particles and γ-rays  A detector is placed    cm away from S  A thin sheet of paper is placed as shown in the diagram    S   cmthin sheet of paper detecto r   Which emissions from the source can be detected? A α-particles and β-particles only B α-particles and γ-rays only C β-particles and γ-rays only D α-particles, β-particles and γ-rays      © UCLES          /  /O/N/  ",0625_w16_qp_23,17,520,"RadioactivesourceSemitsα-particles,β-particlesandγ-rays.Adetectorisplacedcmaway
",1
0625_w16_qp_23_40,"40  Uranium-238 is radioactive and decays to thorium-234 by the emission of a particle. 
 
",49.62,87.51642,40,"Uranium-    is radioactive and decays to thorium-    by the emission of a particle    U       →  Th       +  particle  Which particle is emitted in this process? A an α-particle B a β-particle C a neutron D a proton        BLANK PAGE  © UCLES          /  /O/N/         BLANK PAGE    Permission to reproduce items where third-party owned material protected by copyright is included has been sought and cleared w here possible  Every reasonable effort has been made by the publisher (UCLES) to trac e copyright holders, but if any items requiring clearance have unwittingly been included, the publisher will be pleased to make amends  at the earliest possible opportunity   To avoid the issue of disclosure of ans wer-related information to candidates, all copyright acknowledgements are reproduced onl ine in the Cambridge International Examinations Copyright Acknow ledgements Booklet  This is produced for each  series of examinations and is freely a vailable to download at www cie org uk after the live examination series   Cambridge International Examinations is part of the Cambridge As sessment Group  Cambridge Assessment is the brand name of Unive rsity of Cambridge Local Examinations Syndicate (UCLES), which is itself a department of the University of Cambridge    © UCLES          /  /O/N/     ",0625_w16_qp_23,18,520,"Uranium-isradioactiveanddecaystothorium-bytheemissionofaparticle.

",0
0625_w17_qp_21_01,"1  A student measures the volume of a cork. 
 
",49.62,87.51642,1,"A student measures the volume of a cork   He puts some water into a measuring cylinder and then one glass ball  He puts the cork and then a second, identical glass ball into the water as shown               diagram  cm             diagram  cm             diagram  cm  glass ball glass ballcorkglass ball   Diagram   shows the first water level   Diagram   shows the water level after one glass ball is added   Diagram   shows the water level after the cork and the second glass ball are added   What is the volume of the cork? A     cm  B     cm  C     cm  D      cm  ",0625_w17_qp_21,2,110,"Astudentmeasuresthevolumeofacork.

",0
0625_w17_qp_21_02,"2  Four balls with different masses are dropped from the heights shown. 
 
",49.6221926,495.8759698,2,Four balls with different masses are dropped from the heights shown   Air resistance may be ignored   Which ball has the smallest average speed?        kgA      m     kgB      m     kgC      m     kgD      mground      © UCLES          /  /O/N/   [Turn over,0625_w17_qp_21,2,120,"Fourballswithdifferentmassesaredroppedfromtheheightsshown.

",1
0625_w17_qp_21_03,"3  An ice crystal falls vertically from a cloud. 
 
",49.62,87.51642,3,An ice crystal falls vertically from a cloud   What happens to the acceleration of the ice crystal as it falls? A It decreases because of air resistance  B It decreases because of gravity  C It increases because of air resistance  D It increases because of gravity  ,0625_w17_qp_21,3,151,"Anicecrystalfallsverticallyfromacloud.

",0
0625_w17_qp_21_04,"4  A spring is stretched by hanging a piece of metal from it. 
 
",49.62,239.7364422,4,A spring is stretched by hanging a piece of metal from it    spring metal   Which name is given to the force that stretches the spring? A friction B mass C pressure D weight ,0625_w17_qp_21,3,151,"Aspringisstretchedbyhangingapieceofmetalfromit.

",0
0625_w17_qp_21_05,"5  Which object has the greatest weight? 
",49.62116566,478.657338,5,Which object has the greatest weight? A an object of mass     kg in a     N  / kg gravitational field B an object of mass     kg in a     N  / kg gravitational field C an object of mass     kg in a      N  / kg gravitational field D an object of mass     kg in a      N  / kg gravitational field     © UCLES          /  /O/N/  ,0625_w17_qp_21,3,130,"Whichobjecthasthegreatestweight?
",0
0625_w17_qp_21_06,"6  A uniform beam XY is 100 cm long and weighs 4.0 N. 
 
",49.62,87.51642,6,A uniform beam XY is      cm long and weighs      N    F XY      Ncentreof beampivot    cm    cm    cm   The beam rests on a pivot     cm from end X   A load of      N hangs from the beam     cm from end X   The beam is kept balanced by a force F acting on the beam     cm from end X   What is the magnitude of force F  ? A      N B     N C     N D     N ,0625_w17_qp_21,4,152,"AuniformbeamXYiscmlongandweighs.N.

",0
0625_w17_qp_21_07,"7  The  diagrams  show  four  table  lamps  resting  on  a  table.  The  position  of  the  centre  of  mass  of 
",49.62214304,380.3163,7,The diagrams show four table lamps resting on a table  The position of the centre of mass of each lamp is labelled X   Which lamp is the most stable?   A B C D XXXXX XX      © UCLES          /  /O/N/   [Turn over,0625_w17_qp_21,4,430,"Thediagramsshowfourtablelampsrestingonatable.Thepositionofthecentreofmassof
",0
0625_w17_qp_21_08,"8  The diagram shows an incomplete scale drawing to find the resultant of two 10 N forces acting at 
",49.62,74.85648,8,The diagram shows an incomplete scale drawing to find the resultant of two     N forces acting at a point in the directions shown        N    N   What is the magnitude of the resultant force? A      N B      N C     N D     N ,0625_w17_qp_21,5,152,"ThediagramshowsanincompletescaledrawingtofindtheresultantoftwoNforcesactingat
",0
0625_w17_qp_21_09,"9  A tennis ball of mass 0.060 kg travels horizontally at a speed of 25 m / s. The ball hits a tennis 
",49.62214304,358.05648,9,A tennis ball of mass        kg travels horizontally at a speed of     m  / s  The ball hits a tennis racket and rebounds horizontally at a speed of     m  / s    ballracket before hitting racket    m / s after hitting racket    m / s   The ball is in contact with the racket for     ms   What force does the racket exert on the ball? A        N B        N C     N D     N     © UCLES          /  /O/N/  ,0625_w17_qp_21,5,120,"Atennisballofmass.kgtravelshorizontallyataspeedofm/s.Theballhitsatennis
",0
0625_w17_qp_21_10,"10  The diagram shows the path of a stone that is thrown from X and reaches its maximum height 
",49.62,74.85648,10,The diagram shows the path of a stone that is thrown from X and reaches its maximum height at Y    path ofstoneYX   The stone gains     J of gravitational potential energy as it moves from X to Y   The stone has      J of kinetic energy at Y   Air resistance can be ignored   How much kinetic energy did the stone have immediately after it was thrown at X? A      J B      J C     J D     J ,0625_w17_qp_21,6,170,"ThediagramshowsthepathofastonethatisthrownfromXandreachesitsmaximumheight
",0
0625_w17_qp_21_11,"11  A motor is used to lift a load of 40 N. 
 
",49.62139818,384.5761398,11,A motor is used to lift a load of     N        Nloadmotorload liftedthrough       m   The power of the motor is     W and the system is   % efficient   How long does it take the motor to lift the load through       m? A       s B      s C      s D     s     © UCLES          /  /O/N/   [Turn over,0625_w17_qp_21,6,170,"AmotorisusedtoliftaloadofN.

",0
0625_w17_qp_21_12,"12  A student runs up a flight of stairs. 
 
",49.62,90.3361298,12,A student runs up a flight of stairs    lengthheight   Which information is not needed to calculate the rate at which the student is doing work against gravity? A the height of the flight of stairs B the length of the flight of stairs C the time taken to run up the stairs D the weight of the student ,0625_w17_qp_21,7,170,"Astudentrunsupaflightofstairs.

",0
0625_w17_qp_21_13,"13  The diagram shows a simple mercury barometer. 
 
",49.62119453,365.4959496,13,The diagram shows a simple mercury barometer                      cmvacuummetre rule mercury   Which length is used to find the value of atmospheric pressure? A     cm B     cm C     cm D      cm     © UCLES          /  /O/N/  ,0625_w17_qp_21,7,180,"Thediagramshowsasimplemercurybarometer.

",1
0625_w17_qp_21_14,"14  The diagram shows a glass flask, sealed with a small volume of mercury in a glass tube. When 
",49.62,74.85648,14,"The diagram shows a glass flask, sealed with a small volume of mercury in a glass tube  When the flask is gently warmed the mercury rises up the tube    airwatermercuryglass tube   What is the main cause of the movement of the mercury? A expansion of air in the flask B expansion of the glass flask C expansion of the glass tube D expansion of the mercury ",0625_w17_qp_21,8,220,"Thediagramshowsaglassflask,sealedwithasmallvolumeofmercuryinaglasstube.When
",0
0625_w17_qp_21_15,"15  A pollen grain in a beaker of still water is viewed through a microscope. 
 
",49.62202514,470.6767782,15,A pollen grain in a beaker of still water is viewed through a microscope   Which diagram shows the most likely movement of the pollen grain?   A B C D      © UCLES          /  /O/N/   [Turn over,0625_w17_qp_21,8,210,"Apollengraininabeakerofstillwaterisviewedthroughamicroscope.

",0
0625_w17_qp_21_16,"16  The diagram shows an air-filled rubber toy. A child sits on the toy and its volume decreases. 
 
",49.62,87.51642,16,The diagram shows an air-filled rubber toy  A child sits on the toy and its volume decreases   The temperature of the air in the toy does not change      How does the air pressure in the toy change and why?   pressure reason  A decreases air molecules move more slowly  B decreases air molecules strike the rubber less frequently  C increases air molecules move more quickly  D increases air molecules strike the rubber more frequently  ,0625_w17_qp_21,9,210,"Thediagramshowsanair-filledrubbertoy.Achildsitsonthetoyanditsvolumedecreases.

",0
0625_w17_qp_21_17,"17  A strip of iron and a strip of brass are firmly attached to each other along their entire length. This 
",49.62,403.05635,17,A strip of iron and a strip of brass are firmly attached to each other along their entire length  This combination is a bimetallic strip    iron stripbrass strip   This bimetallic strip is heated and it bends as shown    fixed supportironbrass   The bimetallic strip is now cooled and becomes straight again   What causes the bimetallic strip to become straight again? A The brass contracts more than the iron  B The brass expands more than the iron  C The iron contracts more than the brass  D The iron expands more than the brass      © UCLES          /  /O/N/  ,0625_w17_qp_21,9,410,"Astripofironandastripofbrassarefirmlyattachedtoeachotheralongtheirentirelength.This
",0
0625_w17_qp_21_18,"18  An aluminium block has a mass of 200 g. 
 
",49.62,87.51642,18,An aluminium block has a mass of      g   The specific heat capacity of aluminium is      J / (kg  °C)   How much energy is needed to raise the temperature of the block from     °C to      °C? A      J B      J C          J D               J ,0625_w17_qp_21,10,220,"Analuminiumblockhasamassofg.

",0
0625_w17_qp_21_19,"19  Which statement about convection currents is correct? 
",49.62245733,188.7965802,19,"Which statement about convection currents is correct? A Convection currents occur because, when cooled, liquids contract and become more dense  B Convection currents occur because, when warmed, liquids expand and become more dense  C Convection currents only occur in liquids  D Convection currents only occur in solids and liquids       © UCLES          /  /O/N/   [Turn over",0625_w17_qp_21,10,230,"Whichstatementaboutconvectioncurrentsiscorrect?
",0
0625_w17_qp_21_20,"20  The diagram represents plane wavefronts of a water wave about to strike a solid barrier. 
 
",49.62,87.51642,20,The diagram represents plane wavefronts of a water wave about to strike a solid barrier    wavefronts   Which diagram shows the position of the wavefronts after reflection at the barrier?   reflectedAreflectedB reflectedC reflectedD       © UCLES          /  /O/N/  ,0625_w17_qp_21,11,310,"Thediagramrepresentsplanewavefrontsofawaterwaveabouttostrikeasolidbarrier.

",0
0625_w17_qp_21_21,"21  The diagram shows an object in front of a plane mirror. A ray of light from the object is incident on 
",49.62,74.85648,21,"The diagram shows an object in front of a plane mirror  A ray of light from the object is incident on the mirror    objectQPRS planemirror   Through which point does the reflected ray pass, and at which point is the image of the object formed?   point through which reflected ray passes point at which image is formed  A P R  B P S  C Q R  D Q S  ",0625_w17_qp_21,12,320,"Thediagramshowsanobjectinfrontofaplanemirror.Arayoflightfromtheobjectisincidenton
",0
0625_w17_qp_21_22,"22  A laser is a source of light with a single frequency. 
 
",49.62,447.8763,22,A laser is a source of light with a single frequency   Which description of this type of light is correct? A dispersed B focused C monochromatic D refracted ,0625_w17_qp_21,12,320,"Alaserisasourceoflightwithasinglefrequency.

",0
0625_w17_qp_21_23,"23  Visible light, X-rays and microwaves are all components of the electromagnetic spectrum. 
 
",49.62,599.675898,23,"Visible light, X-rays and microwaves are all components of the electromagnetic spectrum   Which statement about the waves is correct? A In a vacuum, microwaves travel faster than visible light and have a shorter wavelength  B In a vacuum, microwaves travel at the same speed as visible light and have a shorter wavelength  C In a vacuum, X-rays travel faster than visible light and have a shorter wavelength  D In a vacuum, X-rays travel at the same speed as visible light and have a shorter wavelength       © UCLES          /  /O/N/   [Turn over",0625_w17_qp_21,12,330,"Visiblelight,X-raysandmicrowavesareallcomponentsoftheelectromagneticspectrum.

",0
0625_w17_qp_21_24,"24  The  Moon  is  380 000 km  from  the  Earth.  A  laser  light  beam  is  directed  from  the  Earth  to  the 
",49.62,74.85648,24,The Moon is           km from the Earth  A laser light beam is directed from the Earth to the Moon  The beam is reflected back to the Earth   How long does it take for the light to travel to the Moon and back to the Earth? A       ms B       ms C       s D       s ,0625_w17_qp_21,13,130,"TheMooniskmfromtheEarth.AlaserlightbeamisdirectedfromtheEarthtothe
",0
0625_w17_qp_21_25,"25  Which wavefront is travelling at a speed closest to that of a sound wave through a solid? 
",49.62213345,174.4563,25,Which wavefront is travelling at a speed closest to that of a sound wave through a solid? A one that moves     m in       s B one that moves     m in      s C one that moves       m in      s D one that moves       m in       s ,0625_w17_qp_21,13,310,"Whichwavefrontistravellingataspeedclosesttothatofasoundwavethroughasolid?
",0
0625_w17_qp_21_26,"26  Different waves travel through air. 
 
",49.62069194,313.5959698,26,Different waves travel through air   Which waves have the greatest difference in speed? A ultrasound waves and sound waves B ultrasound waves and ultraviolet waves C ultraviolet waves and light waves D ultraviolet waves and radio waves ,0625_w17_qp_21,13,330,"Differentwavestravelthroughair.

",0
0625_w17_qp_21_27,"27  A student stands 180 m in front of a vertical, flat cliff and bangs together two pieces of wood to 
",49.62069194,452.79649,27,"A student stands      m in front of a vertical, flat cliff and bangs together two pieces of wood to make a short, loud sound   A timer records the echo of the sound     seconds after the pieces of wood are banged together   Based on this result, what is the speed of sound? A      m  / s B      m  / s C      m  / s D      m  / s      © UCLES          /  /O/N/  ",0625_w17_qp_21,13,340,"Astudentstandsminfrontofavertical,flatcliffandbangstogethertwopiecesofwoodto
",0
0625_w17_qp_21_28,"28  A train of steel nails and a train of iron nails hang from a strong magnet. 
 
",49.62,87.51642,28,A train of steel nails and a train of iron nails hang from a strong magnet    magnettrain ofsteel nails train ofiron nails   The trains are then carefully removed from the magnet   What happens to the trains? A Both trains fall apart  B Both trains stay together  C Only the train of iron nails falls apart  D Only the train of steel nails falls apart  ,0625_w17_qp_21,14,410,"Atrainofsteelnailsandatrainofironnailshangfromastrongmagnet.

",0
0625_w17_qp_21_29,"29  How can a permanent magnet be demagnetised? 
",49.62172308,344.7369884,29,How can a permanent magnet be demagnetised? A Cool the magnet for a long time  B Place it next to another magnet  C Slowly pull it out of a coil connected to an a c  supply  D Slowly pull it out of a coil connected to a d c  supply  ,0625_w17_qp_21,14,410,"Howcanapermanentmagnetbedemagnetised?
",1
0625_w17_qp_21_30,"30  A positively-charged rod is held near to, but not touching, an uncharged metal sphere. 
 
",49.62183284,483.8163662,30,"A positively-charged rod is held near to, but not touching, an uncharged metal sphere   The sphere is briefly now connected to earth   The rod is removed   Which statement about the charge on the sphere is correct? A It is charged negatively because negative charges have moved from earth to the sphere  B It is charged negatively because positive charges have moved from the sphere to earth  C It is charged positively because negative charges have moved from the sphere to earth  D It is charged positively because positive charges have moved to earth from the sphere       © UCLES          /  /O/N/   [Turn over",0625_w17_qp_21,14,420,"Apositively-chargedrodisheldnearto,butnottouching,anunchargedmetalsphere.

",0
0625_w17_qp_21_31,"31  The diagram shows a circuit with a gap between points P and Q. 
 
",49.62,87.51642,31,"The diagram shows a circuit with a gap between points P and Q   Four pieces of metal wire of the same material are connected, in turn, between points P and Q in the circuit    APQ   The table gives the diameters and lengths of the wires   In which wire is the current the largest? diameter  / mm length  / m  A           B           C           D           ",0625_w17_qp_21,15,420,"ThediagramshowsacircuitwithagapbetweenpointsPandQ.

",0
0625_w17_qp_21_32,"32  A torch has a simple circuit with a 3.0 V battery and a lamp. There is a 20 mA current in the lamp. 
 
",49.62,431.01642,32,A torch has a simple circuit with a      V battery and a lamp  There is a     mA current in the lamp   How much energy is transferred to the lamp in     minutes? A       J B     J C     J D       kJ      © UCLES          /  /O/N/  ,0625_w17_qp_21,15,430,"Atorchhasasimplecircuitwitha.Vbatteryandalamp.ThereisamAcurrentinthelamp.

",0
0625_w17_qp_21_33,"33  A student connects the circuit shown. 
 
",49.62,87.51642,33,A student connects the circuit shown      Which graph shows the variation with time of the current in the resistor?   current   timeA currenttimeB      current   timeCcurrenttimeD       © UCLES          /  /O/N/   [Turn over,0625_w17_qp_21,16,430,"Astudentconnectsthecircuitshown.

",1
0625_w17_qp_21_34,"34  The diagram shows a circuit with a fixed resistor connected in series with a thermistor and an 
",49.62,74.85648,34,The diagram shows a circuit with a fixed resistor connected in series with a thermistor and an ammeter    A   Which row shows how temperature change affects the resistance of the thermistor and the current in the circuit?   temperature resistance of thermistor current in circuit  A decreases decreases increases  B decreases increases decreases  C increases decreases decreases  D increases increases increases  ,0625_w17_qp_21,17,430,"Thediagramshowsacircuitwithafixedresistorconnectedinserieswithathermistorandan
",0
0625_w17_qp_21_35,"35  What does the symbol shown represent? 
 
",49.62,448.3560298,35,What does the symbol shown represent?     A an AND gate B a NOR gate C a NOT gate D an OR gate      © UCLES          /  /O/N/  ,0625_w17_qp_21,17,430,"Whatdoesthesymbolshownrepresent?

",1
0625_w17_qp_21_36,"36  The diagram shows a copper wire XY connected to a resistor. 
 
",49.62,87.51642,36,The diagram shows a copper wire XY connected to a resistor   The wire is moved in the magnetic field between the poles of a magnet   There is an induced current in the wire from X to Y   In which labelled direction is the wire moving?   NSABCDC YX  ,0625_w17_qp_21,18,450,"ThediagramshowsacopperwireXYconnectedtoaresistor.

",0
0625_w17_qp_21_37,"37  The graph shows how the voltage induced across a coil changes with time as the coil spins in a 
",49.62211588,342.3365098,37,The graph shows how the voltage induced across a coil changes with time as the coil spins in a magnetic field    voltage    time   Which graph shows what happens when the coil spins more quickly?  (All graphs are drawn to the same scale )   voltageA    timevoltageB    time voltageC   timevoltageD   time       © UCLES          /  /O/N/   [Turn over,0625_w17_qp_21,18,450,"Thegraphshowshowthevoltageinducedacrossacoilchangeswithtimeasthecoilspinsina
",0
0625_w17_qp_21_38,"38  Emissions X and Y from radioactive material are passed through a magnetic field. The diagram 
shows  the  direction  of  the  emissions,  the  direction  of  the  magnetic  field  and  the  effect  on  the 
emissions. 
",49.62,100.17636,38,"Emissions X and Y from radioactive material are passed through a magnetic field  The diagram shows the direction of the emissions, the direction of the magnetic field and the effect on the emissions    emission Xemission Y magnetic fieldinto the page   Which type of emission is X, and which type of emission is Y?   emission X emission Y  A α-particles β-particles  B α-particles γ-rays  C β-particles α-particles  D β-particles γ-rays  ",0625_w17_qp_21,19,520,"EmissionsXandYfromradioactivematerialarepassedthroughamagneticfield.Thediagram
showsthedirectionoftheemissions,thedirectionofthemagneticfieldandtheeffectonthe
emissions.
",0
0625_w17_qp_21_39,"39  What is meant by the half-life of a radioactive isotope? 
",49.62,389.13675,39,"What is meant by the half-life of a radioactive isotope? A half of the time taken for all of the original nuclei to decay B the time taken for half of the original nuclei to decay C the time taken for the charges on all the nuclei to halve D the time taken for the mass of each nucleus to halve       Permission to reproduce items where third-party owned material protected by copyright is included has been sought and cleared w here possible  Every reasonable effort has been made by the publisher (UCLES) to trac e copyright holders, but if any items requiring clearance have unwittingly been included, the publisher will be pleased to make amends  at the earliest possible opportunity   To avoid the issue of disclosure of ans wer-related information to candidates, all copyright acknowledgements are reproduced onl ine in the Cambridge International Examinations Copyright Acknow ledgements Booklet  This is produced for each  series of examinations and is freely a vailable to download at www cie org uk after the live examination series   Cambridge International Examinations is part of the Cambridge As sessment Group  Cambridge Assessment is the brand name of Unive rsity of Cambridge Local Examinations Syndicate (UCLES), which is itself a department of the University of Cambridge    © UCLES          /  /O/N/  ",0625_w17_qp_21,19,520,"Whatismeantbythehalf-lifeofaradioactiveisotope?
",0
0625_w17_qp_21_40,"40  The  rate  of  emission  of  a  radioactive  source  is  measured  until  the  reading  reaches  the 
",49.62,74.85648,40,The rate of emission of a radioactive source is measured until the reading reaches the background rate of    counts per minute   The results are shown                                                                            rate of emissioncounts / minute time  / minute  What is the best estimate of the half-life of the source? A    minutes B    minutes C    minutes D    minutes    ,0625_w17_qp_21,20,520,"Therateofemissionofaradioactivesourceismeasureduntilthereadingreachesthe
",0
0625_w17_qp_22_01,"1  A student investigates the rate of flow of oil through a funnel. 
 
",49.62,87.51642,1,"A student investigates the rate of flow of oil through a funnel   The diagrams show the experiment and the volume of oil in the measuring cylinder at the start of the experiment, and one minute later             cm         cm   initialmeasurementafter    minute   What is the rate of flow of oil through the funnel during the one minute? A       cm   / s B       cm   / s C     cm   / s D     cm   / s ",0625_w17_qp_22,2,110,"Astudentinvestigatestherateofflowofoilthroughafunnel.

",0
0625_w17_qp_22_02,"2  Four balls with different masses are dropped simultaneously from the heights shown. 
 
",49.6221926,429.9959598,2,Four balls with different masses are dropped simultaneously from the heights shown   Air resistance may be ignored   Which ball hits the floor last?        kgA      m     kgB      m     kgC      m     kgD      mground      © UCLES          /  /O/N/   [Turn over,0625_w17_qp_22,2,120,"Fourballswithdifferentmassesaredroppedsimultaneouslyfromtheheightsshown.

",0
0625_w17_qp_22_03,"3  The gravitational field strength on the Earth is greater than the gravitational field strength on the 
",49.62,74.85648,3,"The gravitational field strength on the Earth is greater than the gravitational field strength on the Moon  The Earth has an atmosphere, but the Moon does not   Which speed-time graph represents the motion of a light ball dropped from a great height near the surface of the Earth and near the surface of the Moon?     speedtimeAEarthMoon   speedtimeBEarthMoon   speedtimeCEarthMoon   speedtimeDEarthMoon  ",0625_w17_qp_22,3,130,"ThegravitationalfieldstrengthontheEarthisgreaterthanthegravitationalfieldstrengthonthe
",0
0625_w17_qp_22_04,"4  A spring is stretched by hanging a piece of metal from it. 
 
",49.62220419,479.73672,4,A spring is stretched by hanging a piece of metal from it    spring metal   Which name is given to the force that stretches the spring? A friction B mass C pressure D weight     © UCLES          /  /O/N/  ,0625_w17_qp_22,3,151,"Aspringisstretchedbyhangingapieceofmetalfromit.

",1
0625_w17_qp_22_05,"5  A body of mass m has a weight W in a location where the gravitational field strength is g. 
 
",49.61868294,87.51642,5,A body of mass m has a weight W in a location where the gravitational field strength is g   Which statement about these quantities is correct? A m and W are both forces  B m and W are both vector quantities  C m and W are related by the equation  mW= g  D m and W have the same unit  ,0625_w17_qp_22,4,130,"AbodyofmassmhasaweightWinalocationwherethegravitationalfieldstrengthisg.

",0
0625_w17_qp_22_06,"6  An object is pivoted at point P. A student ties a length of string to a peg on the object. He pulls 
",49.61935719,225.0364498,6,An object is pivoted at point P  A student ties a length of string to a peg on the object  He pulls the string with a force F    PqrstF objectstringpeg   What is the moment of the force F about the point P? A F × q B F × r C F × s D F × t ,0625_w17_qp_22,4,151,"AnobjectispivotedatpointP.Astudenttiesalengthofstringtoapegontheobject.Hepulls
",0
0625_w17_qp_22_07,"7  Each diagram shows a metal plate with four parallel forces acting on it. These are the only forces 
",49.62420985,496.05619,7,Each diagram shows a metal plate with four parallel forces acting on it  These are the only forces acting on the plates   In which diagram is the plate in equilibrium?   A      N     N    N     NB      N     N    N     N C      N     N    N     ND      N     N    N     N    © UCLES          /  /O/N/   [Turn over,0625_w17_qp_22,4,151,"Eachdiagramshowsametalplatewithfourparallelforcesactingonit.Thesearetheonlyforces
",0
0625_w17_qp_22_08,"8  The diagram shows an incomplete scale drawing to find the resultant of two 10 N forces acting at 
",49.62,74.85648,8,The diagram shows an incomplete scale drawing to find the resultant of two     N forces acting at a point in the directions shown        N    N   What is the magnitude of the resultant force? A      N B      N C     N D     N ,0625_w17_qp_22,5,152,"ThediagramshowsanincompletescaledrawingtofindtheresultantoftwoNforcesactingat
",1
0625_w17_qp_22_09,"9  A ball has a mass of 0.30 kg. It moves horizontally with a speed of 3.0 m / s in the direction shown. 
 
",49.62179384,370.71642,9,A ball has a mass of       kg  It moves horizontally with a speed of      m  / s in the direction shown   The ball hits a wall    before hitting the wall    m / s after hitting the wall    m / swallballwall ball   The ball rebounds from the wall with a horizontal speed of      m  / s   What is the change in momentum of the ball? A       kg  m  / s B      kg  m  / s C      kg  m  / s D      kg  m  / s ,0625_w17_qp_22,5,170,"Aballhasamassof.kg.Itmoveshorizontallywithaspeedof.m/sinthedirectionshown.

",0
0625_w17_qp_22_10,"10  An object has a mass of 500 kg. 
 
",49.62103132,636.8161398,10,An object has a mass of      kg   It moves with a speed of     m  / s   What is its kinetic energy? A      kJ B     kJ C      kJ D      kJ     © UCLES          /  /O/N/  ,0625_w17_qp_22,5,170,"Anobjecthasamassofkg.

",0
0625_w17_qp_22_11,"11  Different processes have different efficiencies. 
 
",49.62,87.51642,11,Different processes have different efficiencies   Which row shows the most efficient process?   energy input  / J useful energy output  / J  A     B     C       D           ,0625_w17_qp_22,6,170,"Differentprocesseshavedifferentefficiencies.

",0
0625_w17_qp_22_12,"12  A student runs up a flight of stairs. 
 
",49.62,282.9362,12,A student runs up a flight of stairs    lengthheight   Which information is not needed to calculate the rate at which the student is doing work against gravity? A the height of the flight of stairs B the length of the flight of stairs C the time taken to run up the stairs D the weight of the student     © UCLES          /  /O/N/   [Turn over,0625_w17_qp_22,6,170,"Astudentrunsupaflightofstairs.

",1
0625_w17_qp_22_13,"13  The diagram shows a simple mercury barometer. 
 
",49.62,87.51642,13,The diagram shows a simple mercury barometer                      cmvacuummetre rule mercury   Which length is used to find the value of atmospheric pressure? A     cm B     cm C     cm D      cm ,0625_w17_qp_22,7,180,"Thediagramshowsasimplemercurybarometer.

",1
0625_w17_qp_22_14,"14  A pollen grain in a beaker of still water is viewed through a microscope. 
 
",49.62211006,438.0359498,14,A pollen grain in a beaker of still water is viewed through a microscope   Which diagram shows the most likely movement of the pollen grain?   A B C D      © UCLES          /  /O/N/  ,0625_w17_qp_22,7,210,"Apollengraininabeakerofstillwaterisviewedthroughamicroscope.

",1
0625_w17_qp_22_15,"15  The diagram shows an air-filled rubber toy. A child sits on the toy and its volume decreases. 
 
",49.62,87.51642,15,The diagram shows an air-filled rubber toy  A child sits on the toy and its volume decreases   The temperature of the air in the toy does not change      How does the air pressure in the toy change and why?   pressure reason  A decreases air molecules move more slowly  B decreases air molecules strike the rubber less frequently  C increases air molecules move more quickly  D increases air molecules strike the rubber more frequently  ,0625_w17_qp_22,8,210,"Thediagramshowsanair-filledrubbertoy.Achildsitsonthetoyanditsvolumedecreases.

",1
0625_w17_qp_22_16,"16  The diagram shows a glass flask, sealed with a small volume of mercury in a glass tube. When 
",49.62,403.05635,16,"The diagram shows a glass flask, sealed with a small volume of mercury in a glass tube  When the flask is gently warmed the mercury rises up the tube    airwatermercuryglass tube   What is the main cause of the movement of the mercury? A expansion of air in the flask B expansion of the glass flask C expansion of the glass tube D expansion of the mercury     © UCLES          /  /O/N/   [Turn over",0625_w17_qp_22,8,220,"Thediagramshowsaglassflask,sealedwithasmallvolumeofmercuryinaglasstube.When
",1
0625_w17_qp_22_17,"17  Which row identifies the fixed points on the Celsius scale? 
 
",49.62,87.51642,17,Which row identifies the fixed points on the Celsius scale?   lower fixed point upper fixed point  A boiling point of mercury melting point of pure ice  B boiling point of pure water melting point of pure ice  C melting point of mercury boiling point of pure water  D melting point of pure ice boiling point of pure water  ,0625_w17_qp_22,9,220,"WhichrowidentifiesthefixedpointsontheCelsiusscale?

",0
0625_w17_qp_22_18,"18  Aluminium has a specific heat capacity of 900 J / (kg °C). 
 
",49.62,243.81643,18,Aluminium has a specific heat capacity of      J / (kg  °C)   The internal energy of a      kg block of aluminium increases by          J   By how much does the temperature of the block increase? A        °C B       °C C      °C D     °C ,0625_w17_qp_22,9,220,"AluminiumhasaspecificheatcapacityofJ/(kg°C).

",0
0625_w17_qp_22_19,"19  Why does a balloon filled with hot air rise? 
",49.62192353,344.1963,19,Why does a balloon filled with hot air rise? A Cold air is less dense than hot air  B Cold air is more dense than hot air  C Heat rises  D The density of the balloon is greater than the density of the surrounding gas      © UCLES          /  /O/N/  ,0625_w17_qp_22,9,230,"Whydoesaballoonfilledwithhotairrise?
",0
0625_w17_qp_22_20,"20  The diagram represents plane wavefronts of a water wave about to strike a solid barrier. 
 
",49.62,87.51642,20,The diagram represents plane wavefronts of a water wave about to strike a solid barrier    wavefronts   Which diagram shows the position of the wavefronts after reflection at the barrier?   reflectedAreflectedB reflectedC reflectedD       © UCLES          /  /O/N/   [Turn over,0625_w17_qp_22,10,310,"Thediagramrepresentsplanewavefrontsofawaterwaveabouttostrikeasolidbarrier.

",1
0625_w17_qp_22_21,"21  The diagram shows an object O in front of a thin converging lens of focal length f. 
 
",49.62,87.51642,21,The diagram shows an object O in front of a thin converging lens of focal length f   At which point will the lens form a sharp image of the object?   ffABCDO  ,0625_w17_qp_22,11,320,"ThediagramshowsanobjectOinfrontofathinconverginglensoffocallengthf.

",0
0625_w17_qp_22_22,"22  The diagram shows a ray of light incident on the surface of a rectangular glass block at 90° to the 
",49.6223065,276.663492,22,The diagram shows a ray of light incident on the surface of a rectangular glass block at    ° to the surface    ray of light glass block   Which quantities remain unchanged as the light enters the glass block? A direction and frequency B direction and speed C frequency and speed D speed and wavelength ,0625_w17_qp_22,11,320,"Thediagramshowsarayoflightincidentonthesurfaceofarectangularglassblockat°tothe
",0
0625_w17_qp_22_23,"23  Which piece of equipment is designed to produce a type of electromagnetic wave? 
",49.62206679,554.7971184,23,Which piece of equipment is designed to produce a type of electromagnetic wave? A electric fire B electric generator C electric motor D electromagnet ,0625_w17_qp_22,11,450,"Whichpieceofequipmentisdesignedtoproduceatypeofelectromagneticwave?
",0
0625_w17_qp_22_24,"24  The  Moon  is  380 000 km  from  the  Earth.  A  laser  light  beam  is  directed  from  the  Earth  to  the 
",49.62217655,681.2768364,24,The Moon is           km from the Earth  A laser light beam is directed from the Earth to the Moon  The beam is reflected back to the Earth   How long does it take for the light to travel to the Moon and back to the Earth? A       ms B       ms C       s D       s      © UCLES          /  /O/N/  ,0625_w17_qp_22,11,130,"TheMooniskmfromtheEarth.AlaserlightbeamisdirectedfromtheEarthtothe
",1
0625_w17_qp_22_25,"25  Different waves travel through air. 
 
",49.62,87.51642,25,Different waves travel through air   Which waves have the greatest difference in speed? A ultrasound waves and sound waves B ultrasound waves and ultraviolet waves C ultraviolet waves and light waves D ultraviolet waves and radio waves ,0625_w17_qp_22,12,330,"Differentwavestravelthroughair.

",1
0625_w17_qp_22_26,"26  The speed of sound is different in different states of matter. 
 
",49.62,239.3762982,26,The speed of sound is different in different states of matter   The speed of sound in water is       m  / s   Which row correctly compares the speed of sound in ice and the speed of sound in steam with the speed of sound in water?   speed of sound in ice  m  / s speed of sound in steam m  / s  A less than      less than       B less than      more than       C more than      less than       D more than      more than       ,0625_w17_qp_22,12,340,"Thespeedofsoundisdifferentindifferentstatesofmatter.

",0
0625_w17_qp_22_27,"27  A student finds that it takes sound 0.33 seconds to travel 100 metres. 
 
",49.62,472.71629,27,"A student finds that it takes sound      seconds to travel     metres   From this information, what is the speed of sound? A     m  / s B     m  / s C      m  / s D      m  / s      © UCLES          /  /O/N/   [Turn over",0625_w17_qp_22,12,340,"Astudentfindsthatittakessound.secondstotravelmetres.

",0
0625_w17_qp_22_28,"28  A train of steel nails and a train of iron nails hang from a strong magnet. 
 
",49.62,87.51642,28,A train of steel nails and a train of iron nails hang from a strong magnet    magnettrain ofsteel nails train ofiron nails   The trains are then carefully removed from the magnet   What happens to the trains? A Both trains fall apart  B Both trains stay together  C Only the train of iron nails falls apart  D Only the train of steel nails falls apart  ,0625_w17_qp_22,13,410,"Atrainofsteelnailsandatrainofironnailshangfromastrongmagnet.

",1
0625_w17_qp_22_29,"29  An old and expensive steel watch becomes magnetised. 
 
",49.62172308,357.276368,29,An old and expensive steel watch becomes magnetised   The owner wants to use the watch again  He must demagnetise the watch   What is the best method to do this? A Insert the watch in a solenoid that carries alternating current and then slowly remove it  B Insert the watch in a solenoid that carries direct current and then slowly remove it  C Pass alternating current through the watch  D Pass direct current through the watch  ,0625_w17_qp_22,13,410,"Anoldandexpensivesteelwatchbecomesmagnetised.

",1
0625_w17_qp_22_30,"30  Which diagram represents the electric field due to a negatively-charged conducting sphere? 
 
",49.62150357,534.4561262,30,Which diagram represents the electric field due to a negatively-charged conducting sphere?   A – – – –BCD       © UCLES          /  /O/N/  ,0625_w17_qp_22,13,420,"Whichdiagramrepresentstheelectricfieldduetoanegatively-chargedconductingsphere?

",0
0625_w17_qp_22_31,"31  The diagram shows a circuit with a gap between points P and Q. 
 
",49.62,87.51642,31,"The diagram shows a circuit with a gap between points P and Q   Four pieces of metal wire of the same material are connected, in turn, between points P and Q in the circuit    APQ   The table gives the diameters and lengths of the wires   In which wire is the current the largest? diameter  / mm length  / m  A           B           C           D           ",0625_w17_qp_22,14,420,"ThediagramshowsacircuitwithagapbetweenpointsPandQ.

",1
0625_w17_qp_22_32,"32  The graph shows the way in which one physical quantity y varies with another physical quantity x. 
 
",49.62,431.0163,32,The graph shows the way in which one physical quantity y varies with another physical quantity x      yx   Which row gives suitable quantities for y and x?   y x  A  the number of atoms of a radioactive isotope present the time taken   B  the potential difference across a metallic conductor the current in the metallic conductor   C the resistance of a length of wire the diameter of the wire  D  the volume of a      kg object  the density of the material from which the object is made       © UCLES          /  /O/N/   [Turn over,0625_w17_qp_22,14,420,"Thegraphshowsthewayinwhichonephysicalquantityyvarieswithanotherphysicalquantityx.

",0
0625_w17_qp_22_33,"33  The potential difference across a car headlamp is 12 V. The current in the lamp is 2.5 A. 
 
",49.62,87.51642,33,The potential difference across a car headlamp is     V  The current in the lamp is      A   How much energy is transferred by the lamp in     hour? A       J B       W C           J D           W ,0625_w17_qp_22,15,430,"ThepotentialdifferenceacrossacarheadlampisV.Thecurrentinthelampis.A.

",0
0625_w17_qp_22_34,"34  The diagram shows a circuit with a fixed resistor connected in series with a thermistor and an 
",49.62158571,161.7360098,34,The diagram shows a circuit with a fixed resistor connected in series with a thermistor and an ammeter    A   Which row shows how temperature change affects the resistance of the thermistor and the current in the circuit?   temperature resistance of thermistor current in circuit  A decreases decreases increases  B decreases increases decreases  C increases decreases decreases  D increases increases increases       © UCLES          /  /O/N/  ,0625_w17_qp_22,15,430,"Thediagramshowsacircuitwithafixedresistorconnectedinserieswithathermistorandan
",1
0625_w17_qp_22_35,"35  An incomplete truth table for a NAND gate is shown. 
 
",49.62,87.51642,35,"An incomplete truth table for a NAND gate is shown   input P input Q output      W      X      Y      Z   What are the values of W, X, Y and Z?   W X Y Z  A        B        C          D          ",0625_w17_qp_22,16,450,"AnincompletetruthtableforaNANDgateisshown.

",0
0625_w17_qp_22_36,"36  The diagram shows a wire hanging freely between the poles of a magnet. There is a current in 
",49.62,374.13635,36,The diagram shows a wire hanging freely between the poles of a magnet  There is a current in the wire in the direction shown    S N currentwire   The magnet and current cause a force to act on the wire   In which direction does this force act? A into the page (away from you) B out of the page (toward you) C to the left D to the right      © UCLES          /  /O/N/   [Turn over,0625_w17_qp_22,16,450,"Thediagramshowsawirehangingfreelybetweenthepolesofamagnet.Thereisacurrentin
",0
0625_w17_qp_22_37,"37  A 100% efficient transformer has 6000 turns on its primary coil and 600 turns on its secondary 
",49.62,74.85648,37,A    % efficient transformer has      turns on its primary coil and     turns on its secondary coil  The output voltage of the transformer is     V   A resistor is connected across the secondary coil and dissipates     W of power    primary coil     turns secondary coil    turns  output voltage     Vpower     W   What is the current in the primary coil of the transformer? A        A B       A C      A D     A ,0625_w17_qp_22,17,450,"A%efficienttransformerhasturnsonitsprimarycoilandturnsonitssecondary
",0
0625_w17_qp_22_38,"38  In the diagram, the circle represents an atom (not to scale) with the nucleus at its centre. 
 
",49.62171075,359.01585,38,"In the diagram, the circle represents an atom (not to scale) with the nucleus at its centre   A particle is emitted by a radioactive source and approaches the nucleus of the atom  The curved arrow shows the path of the particle    path ofparticlenucleus   What is the nature and charge of the particle?   nature of particle charge of particle  A α-particle negative  B α-particle positive  C β-particle negative  D β-particle positive       © UCLES          /  /O/N/  ",0625_w17_qp_22,17,510,"Inthediagram,thecirclerepresentsanatom(nottoscale)withthenucleusatitscentre.

",0
0625_w17_qp_22_39,"39  Which row describes the behaviour of γ-rays in an electric field and in a magnetic field? 
 
",49.62,88.35642,39,Which row describes the behaviour of γ-rays in an electric field and in a magnetic field?   electric field magnetic field  A deflected deflected  B deflected undeflected  C undeflected deflected  D undeflected undeflected  ,0625_w17_qp_22,18,450,"Whichrowdescribesthebehaviourofγ-raysinanelectricfieldandinamagneticfield?

",0
0625_w17_qp_22_40,"40  A radioactive source has a half-life of 0.5 hours. 
 
",49.62,244.2963,40,"A radioactive source has a half-life of     hours   A detector near the source shows a reading of      counts per second   Background radiation can be ignored   What is the reading on the detector     hours later? A     counts per second B      counts per second C      counts per second D      counts per second      © UCLES          /  /O/N/    BLANK PAGE    Permission to reproduce items where third-party owned material protected by copyright is included has been sought and cleared w here possible  Every reasonable effort has been made by the publisher (UCLES) to trac e copyright holders, but if any items requiring clearance have unwittingly been included, the publisher will be pleased to make amends  at the earliest possible opportunity   To avoid the issue of disclosure of ans wer-related information to candidates, all copyright acknowledgements are reproduced onl ine in the Cambridge International Examinations Copyright Acknow ledgements Booklet  This is produced for each  series of examinations and is freely a vailable to download at www cie org uk after the live examination series   Cambridge International Examinations is part of the Cambridge As sessment Group  Cambridge Assessment is the brand name of Unive rsity of Cambridge Local Examinations Syndicate (UCLES), which is itself a department of the University of Cambridge    © UCLES          /  /O/N/    BLANK PAGE ",0625_w17_qp_22,18,520,"Aradioactivesourcehasahalf-lifeof.hours.

",0
0625_w17_qp_23_01,"1  A measuring cylinder contains some water. A small metal block is slowly lowered into the water 
",49.62,74.85648,1,A measuring cylinder contains some water  A small metal block is slowly lowered into the water and is then removed   Finally a piece of plastic is attached to the metal block and the block is again slowly lowered into the water   The diagrams show the measuring cylinder at each stage of this process                         cm                        cm                        cm   metal block metal block plastic   What is the volume of the piece of plastic? A     cm  B     cm  C     cm  D     cm  ,0625_w17_qp_23,2,110,"Ameasuringcylindercontainssomewater.Asmallmetalblockisslowlyloweredintothewater
",0
0625_w17_qp_23_02,"2  Four balls with different masses are dropped simultaneously from the heights shown. 
 
",49.62223558,506.97624,2,Four balls with different masses are dropped simultaneously from the heights shown   Air resistance may be ignored   Which ball hits the floor first?        kgA      m     kgB      m     kgC      m     kgD      mground      © UCLES          /  /O/N/   [Turn over,0625_w17_qp_23,2,120,"Fourballswithdifferentmassesaredroppedsimultaneouslyfromtheheightsshown.

",1
0625_w17_qp_23_03,"3  The diagram shows the vertical forces acting on a ball as it falls vertically through the air. The ball 
",49.62,74.85648,3,The diagram shows the vertical forces acting on a ball as it falls vertically through the air  The ball does not reach terminal velocity    air resistance weight   Which row describes what happens to the resultant force on the ball and what happens to the acceleration of the ball as it falls through the air?   resultant force acceleration  A decreases decreases  B decreases increases  C increases decreases  D increases increases  ,0625_w17_qp_23,3,151,"Thediagramshowstheverticalforcesactingonaballasitfallsverticallythroughtheair.Theball
",0
0625_w17_qp_23_04,"4  A spring is stretched by hanging a piece of metal from it. 
 
",49.62,446.6760198,4,A spring is stretched by hanging a piece of metal from it    spring metal   Which name is given to the force that stretches the spring? A friction B mass C pressure D weight     © UCLES          /  /O/N/  ,0625_w17_qp_23,3,151,"Aspringisstretchedbyhangingapieceofmetalfromit.

",1
0625_w17_qp_23_05,"5  On the Moon, all objects fall with the same acceleration. 
 
",49.62,87.51642,5,"On the Moon, all objects fall with the same acceleration   Which statement explains this? A On the Moon, all objects have the same weight  B The Moon has a smaller gravitational field strength than the Earth  C The weight of an object is directly proportional to its mass  D The weight of an object is inversely proportional to its mass  ",0625_w17_qp_23,4,130,"OntheMoon,allobjectsfallwiththesameacceleration.

",0
0625_w17_qp_23_06,"6  A pair of cutters is used to cut a rope. 
 
",49.62,239.3762982,6,A pair of cutters is used to cut a rope    RSQPblade bladehandle handle   Where should the rope be positioned and at which labelled points should the hands be positioned to produce the greatest cutting force?   rope positioned hands positioned  A P R  B P S  C Q R  D Q S      © UCLES          /  /O/N/   [Turn over,0625_w17_qp_23,4,430,"Apairofcuttersisusedtocutarope.

",0
0625_w17_qp_23_07,"7  The lamp in the diagram is not very stable and falls over easily. 
 
",49.62,87.51642,7,The lamp in the diagram is not very stable and falls over easily    basestemshade   Which row shows changes that would definitely make the lamp more stable?   base centre of gravity  A narrower higher  B narrower lower  C wider higher  D wider lower  ,0625_w17_qp_23,5,220,"Thelampinthediagramisnotverystableandfallsovereasily.

",0
0625_w17_qp_23_08,"8  The diagram shows an incomplete scale drawing to find the resultant of two 10 N forces acting at 
",49.62,435.27648,8,The diagram shows an incomplete scale drawing to find the resultant of two     N forces acting at a point in the directions shown        N    N   What is the magnitude of the resultant force? A      N B      N C     N D     N     © UCLES          /  /O/N/  ,0625_w17_qp_23,5,152,"ThediagramshowsanincompletescaledrawingtofindtheresultantoftwoNforcesactingat
",1
0625_w17_qp_23_09,"9  An object has a mass of 60 kg. 
 
",49.62,87.51642,9,An object has a mass of     kg   It decelerates from     m  / s to     m  / s when a resultant force of      N acts on it   For how long does the force act? A        s B       s C      s D     s ,0625_w17_qp_23,6,152,"Anobjecthasamassofkg.

",1
0625_w17_qp_23_10,"10  A car, starting from rest at position X, accelerates up a hill. The car reaches a speed of 10 m / s at 
",49.62214304,187.05648,10,"A car, starting from rest at position X, accelerates up a hill  The car reaches a speed of     m  / s at position Y   The kinetic energy of the car at position Y is equal to its gain in gravitational potential energy from X to Y    XYgain inheightof car   Take the gravitational field strength g to be     N  / kg   What is the gain in height of the car between X and Y? A       m B      m C     m D     m ",0625_w17_qp_23,6,170,"Acar,startingfromrestatpositionX,acceleratesupahill.Thecarreachesaspeedofm/sat
",0
0625_w17_qp_23_11,"11  A 150 W filament lamp has an efficiency of 10%. A 40 W compact fluorescent lamp (CFL) has an 
",49.62214304,447.51649,11,A      W filament lamp has an efficiency of   %  A     W compact fluorescent lamp (CFL) has an efficiency of   %   Each lamp is switched on for the same amount of time   Which lamp produces more light and which lamp converts more energy into other forms of energy?   produces more light converts more energy into other forms  A CFL lamp CFL lamp  B CFL lamp filament lamp  C filament lamp CFL lamp  D filament lamp filament lamp      © UCLES          /  /O/N/   [Turn over,0625_w17_qp_23,6,430,"AWfilamentlamphasanefficiencyof%.AWcompactfluorescentlamp(CFL)hasan
",0
0625_w17_qp_23_12,"12  A student runs up a flight of stairs. 
 
",49.62,90.3361298,12,A student runs up a flight of stairs    lengthheight   Which information is not needed to calculate the rate at which the student is doing work against gravity? A the height of the flight of stairs B the length of the flight of stairs C the time taken to run up the stairs D the weight of the student ,0625_w17_qp_23,7,170,"Astudentrunsupaflightofstairs.

",1
0625_w17_qp_23_13,"13  The diagram shows a simple mercury barometer. 
 
",49.62119453,365.4959496,13,The diagram shows a simple mercury barometer                      cmvacuummetre rule mercury   Which length is used to find the value of atmospheric pressure? A     cm B     cm C     cm D      cm     © UCLES          /  /O/N/  ,0625_w17_qp_23,7,180,"Thediagramshowsasimplemercurybarometer.

",1
0625_w17_qp_23_14,"14  A pollen grain in a beaker of still water is viewed through a microscope. 
 
",49.62,87.51642,14,A pollen grain in a beaker of still water is viewed through a microscope   Which diagram shows the most likely movement of the pollen grain?   A B C D  ,0625_w17_qp_23,8,210,"Apollengraininabeakerofstillwaterisviewedthroughamicroscope.

",1
0625_w17_qp_23_15,"15  The diagram shows an air-filled rubber toy. A child sits on the toy and its volume decreases. 
 
",49.62254784,278.43672,15,The diagram shows an air-filled rubber toy  A child sits on the toy and its volume decreases   The temperature of the air in the toy does not change      How does the air pressure in the toy change and why?   pressure reason  A decreases air molecules move more slowly  B decreases air molecules strike the rubber less frequently  C increases air molecules move more quickly  D increases air molecules strike the rubber more frequently      © UCLES          /  /O/N/   [Turn over,0625_w17_qp_23,8,210,"Thediagramshowsanair-filledrubbertoy.Achildsitsonthetoyanditsvolumedecreases.

",1
0625_w17_qp_23_16,"16  The diagram shows a glass flask, sealed with a small volume of mercury in a glass tube. When 
",49.62,74.85648,16,"The diagram shows a glass flask, sealed with a small volume of mercury in a glass tube  When the flask is gently warmed the mercury rises up the tube    airwatermercuryglass tube   What is the main cause of the movement of the mercury? A expansion of air in the flask B expansion of the glass flask C expansion of the glass tube D expansion of the mercury ",0625_w17_qp_23,9,220,"Thediagramshowsaglassflask,sealedwithasmallvolumeofmercuryinaglasstube.When
",1
0625_w17_qp_23_17,"17  Which property cannot be used for the measurement of temperature? 
",49.62202514,458.0771184,17,Which property cannot be used for the measurement of temperature? A half-life of a radioactive isotope B length of a solid metal bar C pressure of a gas D volume of a liquid ,0625_w17_qp_23,9,220,"Whichpropertycannotbeusedforthemeasurementoftemperature?
",0
0625_w17_qp_23_18,"18  A student uses an immersion heater to heat some water in a beaker. 
 
",49.62213489,597.2167764,18,A student uses an immersion heater to heat some water in a beaker   The water is heated from     °C to     °C   The energy supplied to the water is       kJ   What is the thermal capacity of the water? (Ignore any heat loss ) A      J / °C B      J / °C C       J / °C D       J / °C     © UCLES          /  /O/N/  ,0625_w17_qp_23,9,220,"Astudentusesanimmersionheatertoheatsomewaterinabeaker.

",0
0625_w17_qp_23_19,"19  Why is the heating coil of a domestic immersion heater placed at the bottom of the tank? 
",49.62,74.91648,19,Why is the heating coil of a domestic immersion heater placed at the bottom of the tank? A Cold water is less dense than hot water and therefore sinks  B Cold water is more dense than hot water and therefore rises  C Hot water is less dense than cold water and therefore rises  D Hot water is more dense than cold water and therefore sinks  ,0625_w17_qp_23,10,230,"Whyistheheatingcoilofadomesticimmersionheaterplacedatthebottomofthetank?
",0
0625_w17_qp_23_20,"20  The diagram represents plane wavefronts of a water wave about to strike a solid barrier. 
 
",49.62010975,214.0563576,20,The diagram represents plane wavefronts of a water wave about to strike a solid barrier    wavefronts   Which diagram shows the position of the wavefronts after reflection at the barrier?   reflectedAreflectedB reflectedC reflectedD       © UCLES          /  /O/N/   [Turn over,0625_w17_qp_23,10,310,"Thediagramrepresentsplanewavefrontsofawaterwaveabouttostrikeasolidbarrier.

",1
0625_w17_qp_23_21,"21  The diagram shows a ray of light in glass. The ray reaches a boundary with air. 
 
",49.62,87.51642,21,"The diagram shows a ray of light in glass  The ray reaches a boundary with air   One weak ray of light is missing from the diagram      °airglass   Which statement is correct? A At the boundary, the speed of the light will become less  B The critical angle for light at this boundary is    °  C The diagram shows an example of diffraction of light  D The missing ray is a weak reflected ray  ",0625_w17_qp_23,11,320,"Thediagramshowsarayoflightinglass.Therayreachesaboundarywithair.

",0
0625_w17_qp_23_22,"22  Light travelling in air enters a plastic block at an angle of incidence of 62°. 
 
",49.62163066,392.9769278,22,Light travelling in air enters a plastic block at an angle of incidence of    °   The plastic has a refractive index of           ° ray oflightplastic block   What is the angle of refraction? A   ° B   ° C   ° D   °      © UCLES          /  /O/N/  ,0625_w17_qp_23,11,320,"Lighttravellinginairentersaplasticblockatanangleofincidenceof°.

",0
0625_w17_qp_23_23,"23  A sound wave travels from a medium in one state into the same medium but in another state. 
This  causes  the  speed  of  the  wave  to  change  from  approximately  300 m / s  to  approximately 
3000 m / s. 
",49.62,100.17648,23,A sound wave travels from a medium in one state into the same medium but in another state  This causes the speed of the wave to change from approximately      m  / s to approximately       m  / s   Between which two states is the sound wave travelling? A gas to solid B liquid to gas C liquid to solid D solid to liquid ,0625_w17_qp_23,12,330,"Asoundwavetravelsfromamediuminonestateintothesamemediumbutinanotherstate.
Thiscausesthespeedofthewavetochangefromapproximatelym/stoapproximately
m/s.
",0
0625_w17_qp_23_24,"24  The  Moon  is  380 000 km  from  the  Earth.  A  laser  light  beam  is  directed  from  the  Earth  to  the 
",49.62089298,251.97648,24,The Moon is           km from the Earth  A laser light beam is directed from the Earth to the Moon  The beam is reflected back to the Earth   How long does it take for the light to travel to the Moon and back to the Earth? A       ms B       ms C       s D       s ,0625_w17_qp_23,12,130,"TheMooniskmfromtheEarth.AlaserlightbeamisdirectedfromtheEarthtothe
",1
0625_w17_qp_23_25,"25  Which statement about radio waves is correct? 
",49.62213345,351.6365702,25,Which statement about radio waves is correct? A They are used in television remote controllers  B They can be detected by the human eye  C They travel as longitudinal waves  D They have the same speed in a vacuum as ultraviolet waves  ,0625_w17_qp_23,12,330,"Whichstatementaboutradiowavesiscorrect?
",0
0625_w17_qp_23_26,"26  The diagram shows the Earth and its surroundings. 
 
",49.6222432,490.715948,26,The diagram shows the Earth and its surroundings   Through which labelled region can sound not be transmitted?   Asea(water)Bland(rock)Catmosphere(air)Douter space(vacuum) not to scale      © UCLES          /  /O/N/   [Turn over,0625_w17_qp_23,12,310,"ThediagramshowstheEarthanditssurroundings.

",0
0625_w17_qp_23_27,"27  Different waves travel through air. 
 
",49.62,87.51642,27,Different waves travel through air   Which waves have the greatest difference in speed? A ultrasound waves and sound waves B ultrasound waves and ultraviolet waves C ultraviolet waves and light waves D ultraviolet waves and radio waves ,0625_w17_qp_23,13,330,"Differentwavestravelthroughair.

",1
0625_w17_qp_23_28,"28  A train of steel nails and a train of iron nails hang from a strong magnet. 
 
",49.62,239.376408,28,A train of steel nails and a train of iron nails hang from a strong magnet    magnettrain ofsteel nails train ofiron nails   The trains are then carefully removed from the magnet   What happens to the trains? A Both trains fall apart  B Both trains stay together  C Only the train of iron nails falls apart  D Only the train of steel nails falls apart  ,0625_w17_qp_23,13,410,"Atrainofsteelnailsandatrainofironnailshangfromastrongmagnet.

",1
0625_w17_qp_23_29,"29  What is the best method to demagnetise a steel rod? 
",49.6213959,496.53612,29,What is the best method to demagnetise a steel rod? A Pass the rod through a coil connected to an a c  supply  B Pass the rod through a coil connected to a d c  supply  C Place the rod next to another magnet  D Stroke the rod with another magnet  ,0625_w17_qp_23,13,410,"Whatisthebestmethodtodemagnetiseasteelrod?
",0
0625_w17_qp_23_30,"30  There is a current in a metal wire. 
 
",49.6213959,635.675778,30,There is a current in a metal wire   Which particles in the wire move to cause this current? A α-particles B electrons C neutrons D protons      © UCLES          /  /O/N/  ,0625_w17_qp_23,13,420,"Thereisacurrentinametalwire.

",0
0625_w17_qp_23_31,"31  The diagram shows a circuit with a gap between points P and Q. 
 
",49.62,87.51642,31,"The diagram shows a circuit with a gap between points P and Q   Four pieces of metal wire of the same material are connected, in turn, between points P and Q in the circuit    APQ   The table gives the diameters and lengths of the wires   In which wire is the current the largest? diameter  / mm length  / m  A           B           C           D           ",0625_w17_qp_23,14,420,"ThediagramshowsacircuitwithagapbetweenpointsPandQ.

",1
0625_w17_qp_23_32,"32  A battery is connected to a circuit. It is switched on for 1.0 minute. During that time, there is a 
",49.62,418.35636,32,"A battery is connected to a circuit  It is switched on for     minute  During that time, there is a current of       A in the circuit and the battery supplies a total of     J of energy   Which row gives the charge that passes and the electromotive force (e m f ) of the battery?   charge that passes in     minute  / C e m f  of the battery  / V  A           B        C         D           © UCLES          /  /O/N/   [Turn over",0625_w17_qp_23,14,430,"Abatteryisconnectedtoacircuit.Itisswitchedonfor.minute.Duringthattime,thereisa
",0
0625_w17_qp_23_33,"33  Identical cells and identical resistors are used to make the circuits shown. 
 
",49.62,87.51642,33,"Identical cells and identical resistors are used to make the circuits shown    A A circuit   circuit     In circuit  , the ammeter reads      A   What is the ammeter reading in circuit  ? A      A B      A C      A D      A ",0625_w17_qp_23,15,430,"Identicalcellsandidenticalresistorsareusedtomakethecircuitsshown.

",0
0625_w17_qp_23_34,"34  The diagram shows a circuit with a fixed resistor connected in series with a thermistor and an 
",49.62174135,352.7163,34,The diagram shows a circuit with a fixed resistor connected in series with a thermistor and an ammeter    A   Which row shows how temperature change affects the resistance of the thermistor and the current in the circuit?   temperature resistance of thermistor current in circuit  A decreases decreases increases  B decreases increases decreases  C increases decreases decreases  D increases increases increases       © UCLES          /  /O/N/  ,0625_w17_qp_23,15,430,"Thediagramshowsacircuitwithafixedresistorconnectedinserieswithathermistorandan
",1
0625_w17_qp_23_35,"35  The diagram shows an AND gate and an OR gate connected together. 
 
",49.62,87.51642,35,"The diagram shows an AND gate and an OR gate connected together    outputXYZ   Which combination of inputs X, Y and Z gives an output of  ?   X Y Z  A      B      C        D        ",0625_w17_qp_23,16,430,"ThediagramshowsanANDgateandanORgateconnectedtogether.

",0
0625_w17_qp_23_36,"36  The  diagram  shows  a  short-circuited  copper  coil  swinging  about  an  axis  at  right-angles  to  a 
",49.62,336.75636,36,"The diagram shows a short-circuited copper coil swinging about an axis at right-angles to a strong magnetic field  The motion induces a current in the coil    magnetic fieldaxis of rotationof coil coil direction ofswing of coil   What is the effect, if any, of this induced current in the coil? A The induced current has no effect on the movement of the coil because copper is non-magnetic  B The induced current produces a magnetic field of constant magnitude in the coil  C The induced current produces forces that assist the change causing it  D The induced current produces forces that oppose the changes causing it       © UCLES          /  /O/N/   [Turn over",0625_w17_qp_23,16,450,"Thediagramshowsashort-circuitedcoppercoilswingingaboutanaxisatright-anglestoa
",0
0625_w17_qp_23_37,"37  Diagram  1  shows  a  magnet  being  pushed  into  a  coil  that  is  connected  to  a  centre-zero 
",49.62,74.85648,37,Diagram   shows a magnet being pushed into a coil that is connected to a centre-zero galvanometer    NS diagram    NSdiagram    NSdiagram   stationarymagnet   Which row shows the directions of the pointer when the magnet is as shown in diagrams    and  ?   diagram   diagram  A     B     C     D          © UCLES          /  /O/N/  ,0625_w17_qp_23,17,450,"Diagramshowsamagnetbeingpushedintoacoilthatisconnectedtoacentre-zero
",0
0625_w17_qp_23_38,"38  Radioactive carbon-14 decays to nitrogen-14 by the emission of a particle. 
 
",49.62,87.51642,38,Radioactive carbon-   decays to nitrogen-   by the emission of a particle    C     →  N     +  particle  Which particle has been emitted in this process? A a β-particle B an α-particle C a neutron D a proton ,0625_w17_qp_23,18,510,"Radioactivecarbon-decaystonitrogen-bytheemissionofaparticle.

",0
0625_w17_qp_23_39,"39  As  α-particles  pass  through  the  electric  field  between  two  charged  plates,  they  are  deflected 
",49.621068,260.94417,39,"As α-particles pass through the electric field be tween two charged plates, they are deflected downwards    +++++++++ –––––––––α-particles   What happens to γ-rays passing through the same electric field? A They are deflected downwards more than the α-particles  B They are deflected upwards  C They are not deflected at all  D They follow the same path as the α-particles  ",0625_w17_qp_23,18,520,"Asα-particlespassthroughtheelectricfieldbetweentwochargedplates,theyaredeflected
",0
0625_w17_qp_23_40,"40  Radioactive  iodine-131  emits  β-particles  and  has  a  half-life  of  8  days.  It  decays  to  produce  
",49.62145005,534.364278,40,"Radioactive iodine-    emits β-particles and has a half-life of   days  It decays to produce  xenon-      Which statement about this decay is correct? A After   days no more β-particles are emitted  B After   days the number of xenon-    atoms has halved  C After    days the iodine-    has decayed completely  D After    days the number of iodine-    atoms has reduced to one quarter       © UCLES          /  /O/N/    BLANK PAGE    Permission to reproduce items where third-party owned material protected by copyright is included has been sought and cleared w here possible  Every reasonable effort has been made by the publisher (UCLES) to trac e copyright holders, but if any items requiring clearance have unwittingly been included, the publisher will be pleased to make amends  at the earliest possible opportunity   To avoid the issue of disclosure of ans wer-related information to candidates, all copyright acknowledgements are reproduced onl ine in the Cambridge International Examinations Copyright Acknow ledgements Booklet  This is produced for each  series of examinations and is freely a vailable to download at www cie org uk after the live examination series   Cambridge International Examinations is part of the Cambridge As sessment Group  Cambridge Assessment is the brand name of Unive rsity of Cambridge Local Examinations Syndicate (UCLES), which is itself a department of the University of Cambridge    © UCLES          /  /O/N/    BLANK PAGE ",0625_w17_qp_23,18,520,"Radioactiveiodine-emitsβ-particlesandhasahalf-lifeofdays.Itdecaystoproduce
",0
