question_id,question_number,question_text,question_file
0625_m15_qp_12_01,1,"A student uses a measuring cylinder to measure the volume of some water. The diagram shows part of the measuring cylinder. The top and bottom of the meniscus are labelled.  
504540
top of meniscusbottomof meniscuscm3
  What is the volume of the water? A 47.0
 cm3 B 47.5  cm3 C 49.0  cm3 D 49.5  cm3 ",0625_m15_qp_12
0625_m15_qp_12_02,2,"The graph represents the motion of a train travelling between two stations.  
00100 200 300 400 5002010
600 700 800 900speedm
 / s
time
 / s  Which statement about the train is correct? A Its acceleration takes a longer time than its deceleration. B It travels at constant speed for less than half of its journey time. C It travels 2000
 m in the first 100  s. D It travels 10
 000  m at constant speed.     © UCLES 2015 0625/12/F/M/15 [Turn over",0625_m15_qp_12
0625_m15_qp_12_03,3,"A car travels 6.0  km along a main road in 6.0 minutes. It then travels 2.0  km along a minor road in 6.0 minutes.  
mainroadminorroad 6.0 km6.0 minutes2.0
 km6.0 minutes
  Which calculation of average speed for the whole journey is correct? A 8.0 ÷ 12.0 = 0.67
 km  / minute B 12.0 ÷ 8.0 = 1.5
 km  / minute C 8.0 + 12.0 = 20
 km  / minute D 8.0 × 12.0 = 96
 km  / minute ",0625_m15_qp_12
0625_m15_qp_12_04,4,"Two metal blocks P and Q have identical dimensions. They hang on identical spring balances.  
0
1
2
3
4
65N0
1
2
3
4
65N
P
Q  What can be deduced about P and Q? A They have different volumes and different weights. B They have different volumes, but equal masses. C They have equal volumes and equal weights. D They have equal volumes, but different masses.     © UCLES 2015 0625/12/F/M/15",0625_m15_qp_12
0625_m15_qp_12_05,5,"A person measures the length, width, height and mass of a metal block with rectangular sides.  Which of these measurements must be used in order to calculate the density of the metal? A mass only B height and mass only C length, width and height only D length, width, height and mass ",0625_m15_qp_12
0625_m15_qp_12_06,6,"The diagram shows the only three forces acting on an object.  
5.0  N 3.0 N2.0
 N  What is the resultant force on the object? A 0
 N B 5.0
 N towards the left C 5.0
 N towards the right D 10.0
 N towards the right ",0625_m15_qp_12
0625_m15_qp_12_07,7,"A uniform rod rests on a pivot at its centre. The rod is not attached to the pivot. Forces are then applied to the rod in four different ways, as shown. The weight of the rod can be ignored.  Which diagram shows the rod in equilibrium?  
A
100  N
100  NB
100  N 100  N
C100  N 100  N
D
100  N 100  N100 N
     © UCLES 2015 0625/12/F/M/15 [Turn over",0625_m15_qp_12
0625_m15_qp_12_08,8,A helicopter takes off from the ground and rises vertically. It then hovers at a constant height above the ground.  Which sequence of energy changes takes place during the gain in height? A chemical → gravitational potential → kinetic B chemical → kinetic → gravitational potential C gravitational potential → chemical → kinetic D kinetic → chemical → gravitational potential ,0625_m15_qp_12
0625_m15_qp_12_09,9,"Four people of equal weight on a beach use different routes to get to the top of a sea wall.  
beachslipway laddersea wall
  Which person produces the greatest average power?  person route time taken
 / s 
A runs across the beach, then climbs the ladder  B walks across the beach, then climbs the ladder 1 C runs up the slipway  D walks up the slipway  ",0625_m15_qp_12
0625_m15_qp_12_10,10,A vehicle sinks into soft ground.   The vehicle is changed so that it does not sink as far.  Which change is made? A a lower centre of mass B a more powerful engine C wheels that are further apart D wider tyres     © UCLES 2015 0625/12/F/M/15,0625_m15_qp_12
0625_m15_qp_12_11,11,"A manometer is used to measure the pressure of a gas trapped in a cylinder.  At which labelled point on the diagram is the pressure greatest?  
gascylinder
ACD
B
 ",0625_m15_qp_12
0625_m15_qp_12_12,12,Extremely small pollen grains in water are viewed through a microscope. The grains are seen to move continually and randomly.  What is the reason for this random movement? A The grains are moved by randomly moving water molecules. B The grains are moved by random convection currents in the water. C The grains are moved by random rays of light reflecting off them. D The grains are moved by the random motion of their own atoms. ,0625_m15_qp_12
0625_m15_qp_12_13,13,"A gas is compressed in a sealed cylinder by moving a piston.  
gasinitial positionpiston
gasafter gas has been compressedpiston
  Which row in the table states what happens to t he density of the gas and to the pressure of the gas when it is compressed?   density pressure 
A decreases decreases 
B decreases increases 
C increases decreases 
D increases increases   © UCLES 2015 0625/12/F/M/15 [Turn over",0625_m15_qp_12
0625_m15_qp_12_14,14,"When steam condenses it becomes liquid water. When liquid water solidifies it becomes ice.  What happens to the temperature of steam while  it is condensing, and what happens to the temperature of water while it is solidifying?   temperature of steam while it is condensing temperature of water while it is solidifying 
A decreases decreases 
B decreases stays the same 
C stays the same decreases 
D stays the same stays the same 
",0625_m15_qp_12
0625_m15_qp_12_15,15,"A thermometer has graduations which start at –10
 °C and end at 110  °C.  
–10 0 100 110 °C
  What is the lower fixed point and what is the upper fixed point of the Celsius scale?   lower fixed point /
 °C upper fixed point /  °C 
A –10 100 
B –10 1 C 0 100 
D 0 1 ",0625_m15_qp_12
0625_m15_qp_12_16,16,What is the name of the process of heat transfer using electromagnetic waves? A conduction B convection C evaporation D radiation     © UCLES 2015 0625/12/F/M/15,0625_m15_qp_12
0625_m15_qp_12_17,17,"Ice is trapped by a metal gauze at the bottom of a tube containing water.  The water is heated strongly at the top, but the ice only melts very slowly.  
heatwater boilingmetal gauzeice
  Why does the ice melt so slowly? A Heat energy always travels upwards. B Hot water is more dense than cold water. C Metal gauze does not allow heat to pass through. D Water is a poor conductor of heat. ",0625_m15_qp_12
0625_m15_qp_12_18,18,"A transverse wave moves along a rope.  The diagram shows the position of the rope at one particular time.  
WX Y Zrope
  Which two labelled points are one wavelength apart? A W and X B W and Z C X and Z D Y and Z     © UCLES 2015 0625/12/F/M/15 [Turn over",0625_m15_qp_12
0625_m15_qp_12_19,19,"The diagram shows a water wave passing through a gap in a harbour wall. The wavefronts curve round the wall and reach a small boat in the harbour.  
boatharbour wallharbou
rwavefront
gap
  What is the name of this curving effect, and how can the gap be changed so that the wavefronts do not reach the boat?   name of effect change to the gap 
A diffraction make the gap slightly bigger 
B diffraction make the gap slightly smaller 
C refraction make the gap slightly bigger 
D refraction make the gap slightly smaller 
",0625_m15_qp_12
0625_m15_qp_12_20,20,"Which labelled distance is the focal length of the lens?  
A
CB
D
     © UCLES 2015 0625/12/F/M/15",0625_m15_qp_12
0625_m15_qp_12_21,21,"A ray of light is reflected by two parallel plane mirrors X and Y.  
mirror X 
mirror Y 
30°30°
eye
  Which statement is correct? A The angle of incidence at mirror X is 30 °. B The angle of incidence at mirror Y is 60 °. C The angle of reflection at mirror X is 120 °. D The angle of reflection at mirror Y is 0°. ",0625_m15_qp_12
0625_m15_qp_12_22,22,How do infra-red waves differ from ultraviolet waves? A Infra-red waves are longitudinal. B Infra-red waves have a lower speed in vacuo (in a vacuum). C Infra-red waves have lower frequencies. D Infra-red waves have smaller wavelengths. ,0625_m15_qp_12
0625_m15_qp_12_23,23,"What is the approximate range of audible sound frequencies for a human with good hearing? A from 20
 Hz to 2000  Hz B from 20
 Hz to 20  000  Hz C from 200
 Hz to 20  000  Hz D from 200
 Hz to 200  000  Hz    1 © UCLES 2015 0625/12/F/M/15 [Turn over",0625_m15_qp_12
0625_m15_qp_12_24,24,"A pulse of sound is produced at the bottom of a boat. The sound travels through the water and is reflected from the sea-bed. The sound reaches the boat again after 1.3
 s. The sea-bed is 1000  m below the boat.  
sea-bedboat
1000  m
  Using this information, what is the speed of sound in the water? A 769
 m  / s B 1300  m  / s C 1538  m  / s D 2600  m  / s ",0625_m15_qp_12
0625_m15_qp_12_25,25,Which metal is suitable to use to make a permanent magnet? A aluminium B brass C iron D steel ,0625_m15_qp_12
0625_m15_qp_12_26,26,"The diagram shows two magnets and two iron rods placed in a line.  
NSmagnet ironrod NSmagnet J ironrod K
  Which magnetic poles are induced at the ends J and K of the iron rods?   pole induced at end J pole induced at end K 
A N N 
B N S 
C S N 
D S S 
   1 © UCLES 2015 0625/12/F/M/15",0625_m15_qp_12
0625_m15_qp_12_27,27,"A teacher wishes to show the production of electrostatic charges.  She holds a rod and rubs it with a cotton cloth. A copper rod, a glass rod, a plastic rod and a steel rod are available.  Which two rods would both be suitable to use? A a copper rod and a glass rod B a glass rod and a plastic rod C a plastic rod and a copper rod D a plastic rod and a steel rod ",0625_m15_qp_12
0625_m15_qp_12_28,28,"A student wishes to determine the resistance of a resistor. She uses an ammeter and a voltmeter in a circuit. In which circuit are the ammeter and voltmeter connected correctly?  
A VA
A
V
AVB
C
A
VD
    1 © UCLES 2015 0625/12/F/M/15 [Turn over",0625_m15_qp_12
0625_m15_qp_12_29,29,"A battery is connected to two crocodile clips and a lamp.  There is a gap between the crocodile clips.  
crocodile clips  Four cylinders W, X, Y and Z are made of the same metal but have different dimensions. The cylinders are connected in turn, by their ends, between the crocodile clips. The diagrams of the cylinders are all drawn to the same scale.  
WXYZ
  Which cylinder makes the lamp glow most brightly and which cylinder makes the lamp glow least brightly?   most brightly least brightly 
A W Y 
B W Z 
C X Y 
D X Z 
   1 © UCLES 2015 0625/12/F/M/15",0625_m15_qp_12
0625_m15_qp_12_30,30,"In which circuit can the lamps be switched on and off independently?  
A B
D C
 ",0625_m15_qp_12
0625_m15_qp_12_31,31,"Two resistors, with resistances R
1 and R 2, are connected in parallel.  The resistance R
1 is greater than the resistance R 2.  
R1
R2
  What is the resistance of the parallel combination? A less than either R
1 or R 2 B equal to R
1 C equal to R
2 D the average of R
1 and R 2    1 © UCLES 2015 0625/12/F/M/15 [Turn over",0625_m15_qp_12
0625_m15_qp_12_32,32,"In the circuit shown, the switch is closed for a long time, then opened.  
V V V voltmeter  voltmeter 2 voltmeter 
3 resistor capacitor  Immediately after the switch is opened, which of the voltmeters reads zero? A voltmeter 1 only B voltmeter 2 only C voltmeter 3 only D voltmeter 1, voltmeter 2 and voltmeter 3 ",0625_m15_qp_12
0625_m15_qp_12_33,33,"Either a fuse or a circuit-breaker can be used to protect electrical cables from large currents that could cause overheating.  
electricalsupplyXY appliance cable
cableliveneutral
  When a fuse is used, where should it be connected, and when a circuit-breaker is used, where should it be connected?   position of fuse position of circuit-breaker 
A X X 
B X Y 
C Y X 
D Y Y 
   1 © UCLES 2015 0625/12/F/M/15",0625_m15_qp_12
0625_m15_qp_12_34,34,Which device uses slip rings? A a d.c. electric motor B a relay C a transformer D an a.c. generator ,0625_m15_qp_12
0625_m15_qp_12_35,35,"The diagram shows a coil of wire connected to a voltmeter.  
Vcoil of wire
  A student has a magnet and an unmagnetised iron rod. How can an e.m.f. be induced across the coil? A holding the magnet inside the coil B holding the iron rod inside the coil C pushing the magnet into the coil D pushing the iron rod into the coil ",0625_m15_qp_12
0625_m15_qp_12_36,36,"A step-down transformer is used to light a 12
 V lamp from a 240  V mains supply. The lamp lights at normal brightness. The primary coil has 600 turns.  
240  V 12  V lampprimary coil600 turns secondary coil
  How many turns are in the secondary coil? A 12 B 20 C 30 D 50    1 © UCLES 2015 0625/12/F/M/15",0625_m15_qp_12
0625_m15_qp_12_37,37,What happens in the process of thermionic emission? A Complete molecules are emitted from the surface of a hot liquid. B Single atoms are emitted from the surface of a hot liquid. C Electrons are emitted from the surface of a hot metal. D Protons are emitted from the surface of a hot metal. ,0625_m15_qp_12
0625_m15_qp_12_38,38,"Which row shows the relative ionising effects and penetrating abilities of α-particles and  β-particles?   ionising effect penetrating ability 
A α greater than β α greater than β 
B α greater than β α less than β 
C α less than β α greater than β 
D α less than β α less than β 
",0625_m15_qp_12
0625_m15_qp_12_39,39,"A radioactive substance has a half-life of 2 weeks. At the beginning of an investigation, a sample of the substance emits 3000 β-particles per minute.  How many β-particles will it emit per minute after 6 weeks? A 0 B 375 C 500 D 1500 ",0625_m15_qp_12
0625_m15_qp_12_40,40,"A nuclide has the symbol 
C146.  How many protons are there in one nucleus of this nuclide? A 6 B 8 C 14 D 20    1 © UCLES 2015 0625/12/F/M/15  BLANK PAGE  1 © UCLES 2015 0625/12/F/M/15  BLANK PAGE    
Permission to reproduce items where third-par ty owned material protected by copyright is included has been sought and cleared w here possible. Every reasonable effort has been made by the publisher (UCLES) to t race copyright holders, but if any items requiring clearance have unwittingly been included, the publisher will be pleased to make amends at the earliest possible opportunity.  To avoid the issue of disclosure of answer-related information to candidates, all copyright acknowledgements are reproduced onl ine in the Cambridge International Examinations Copyright Acknowledgements Booklet. This is  produced for each series of examinations and is freely a vailable to download at www.cie.org.uk after the live examination series.  Cambridge International Examinations is part of the Cambridge A ssessment Group. Cambridge Assessment is the brand name of Unive rsity of Cambridge Local Examinations Syndicate (UCLES), which is itself a department of the University of Cambridge.  
© UCLES 2015 0625/12/F/M/15  BLANK PAGE ",0625_m15_qp_12
0625_m16_qp_22_01,1,The diameter of a copper wire is thought to be approximately 0.3  mm.  Which instrument should be used to obtain a more accurate measurement of the diameter of the wire? A measuring tape B metre rule C micrometer D ruler ,0625_m16_qp_22
0625_m16_qp_22_02,2,"Which is a unit of acceleration? A g
 / cm3 B m  / s C m  / s2 D N  / m ",0625_m16_qp_22
0625_m16_qp_22_03,3,"An object is released from rest and falls to Earth. During its fall, the object is affected by air resistance. The air resistance eventua lly reaches a constant value.  Which description about successive stages of the motion of the object is correct? A constant acceleration, then constant deceleration B constant deceleration, then zero acceleration C decreasing acceleration, then constant deceleration D decreasing acceleration, then zero acceleration ",0625_m16_qp_22
0625_m16_qp_22_04,4,"A concrete post is carried up a very high mountain. At the top of the mountain, the gravitational field is slightly weaker than at the bottom.  What is the effect of this weaker field on the mass and on the weight of the post at the top of the mountain?   mass weight 
A is less is less 
B is less is unchanged 
C is unchanged is less 
D is unchanged is unchanged 
    © UCLES 2016 0625/22/F/M/16 [Turn over",0625_m16_qp_22
0625_m16_qp_22_05,5,"The diagram shows a cuboid block made from a metal of density 2.5  g / cm3.  
2.0  cm2.0
 cm10 cm
  What is the mass of the block? A 8.0
 g B 16  g C 50  g D 100  g ",0625_m16_qp_22
0625_m16_qp_22_06,6,"The diagram shows an object moving at a constant speed in a circular path in the direction shown.  A force acts on the object to keep it in the circular path.  In which labelled direction does this force act, when the object is in the position shown?  
ACDBobject
path ofobject
     © UCLES 2016 0625/22/F/M/16",0625_m16_qp_22
0625_m16_qp_22_07,7,"A spring obeys Hooke’s law.  Which graph is obtained by plotting the exten sion of the spring against the load applied?  
extension00loadB
extension00loadC extension00loadDextension00loadA
 ",0625_m16_qp_22
0625_m16_qp_22_08,8,"Which is the value of a vector quantity? A 200
 V B 100
 kg  / m3 C 20
 m  / s, east D 50
 J / (kg  °C) ",0625_m16_qp_22
0625_m16_qp_22_09,9,"The table gives four energy sources and states whether the energy of the source is derived from the Sun.  Which row is correct?   source of energy derived from the Sun 
A geothermal yes 
B oil no 
C water held behind a dam yes 
D wind no 
    © UCLES 2016 0625/22/F/M/16 [Turn over",0625_m16_qp_22
0625_m16_qp_22_10,10,"A weight-lifter raises a 2000  N weight through a vertical height of 2.0  m in 0.80  s.  What useful power does he develop in doing this? A 800
 W B 3200  W C 4000  W D 5000  W ",0625_m16_qp_22
0625_m16_qp_22_11,11,"A wind turbine generates 54
 kW of useful power from an input of 180  kW of wind power.  Which calculation gives the percentage efficiency of the turbine? A 
100  00018000054   × % B 
100  00054000180   × % C 
000180100  00054  × % D 
00054100  000180  × % ",0625_m16_qp_22
0625_m16_qp_22_12,12,A force acts on an area to produce a pressure.  Which changes produce the same pressure? A double the area and double the force B double the area and halve the force C double the area and make the force four times bigger D halve the area and double the force     © UCLES 2016 0625/22/F/M/16,0625_m16_qp_22
0625_m16_qp_22_13,13,"Identical toy bricks are placed one on top of another to make a tower on a table.  
bricks
tower of bricks
table
  Which graph shows the relationship between the pressure P that the tower exerts on the table and the weight W of the tower?  
APW00BPW00CPW00DPW00
 ",0625_m16_qp_22
0625_m16_qp_22_14,14,"Gases can be compressed, but liquids cannot.  Which statement explains this difference? A Each molecule in a gas is more compressible than each molecule in a liquid. B Molecules in a gas are further apart than molecules in a liquid. C Molecules in a gas attract each other more strongly than molecules in a liquid. D Molecules in a gas move more slowly than molecules in a liquid.     © UCLES 2016 0625/22/F/M/16 [Turn over",0625_m16_qp_22
0625_m16_qp_22_15,15,"The diagram shows a quantity of gas trapped in a cylinder. The piston is pushed in slowly and the gas is compressed. The temperature of the gas does not change.  
gaspistonpiston pushed in
  Which graph shows the relationship between the pressure and the volume of the gas?  
Apressure
volume00Bpressure
volume00
Cpressure
volume00Dpressure
volume00
 ",0625_m16_qp_22
0625_m16_qp_22_16,16,"Which quantity gives the thermal capacity of a solid object? A the energy lost by radiation from the object in 1.0
 s B the energy needed to melt the object C the energy needed to raise the temperature of the object by 1.0
 °C D the total amount of thermal energy in the object     © UCLES 2016 0625/22/F/M/16",0625_m16_qp_22
0625_m16_qp_22_17,17,"To mark a temperature scale on a thermometer, standard temperatures known as fixed points are needed.  Which of these is a fixed point on the Celsius scale? A room temperature B the temperature inside a freezer C the temperature of pure melting ice D the temperature of pure warm water ",0625_m16_qp_22
0625_m16_qp_22_18,18,"In an experiment, a liquid is heated at a constant rate.  The temperature of the liquid increases and eventually becomes constant.  Which statement about the experiment is correct? A Boiling occurs at all temperatures but only on the liquid surface. B Boiling occurs throughout the liquid but only at the constant temperature. C Evaporation occurs throughout the liquid and at all temperatures. D Evaporation occurs only at the constant temperature and only on the liquid surface. ",0625_m16_qp_22
0625_m16_qp_22_19,19,One end of a copper rod is heated.  What is one method by which thermal energy is transferred in the copper rod? A Free electrons transfer energy from the cooler end to the hotter end. B Free electrons transfer energy from the hotter end to the cooler end. C Molecules of copper move from the cooler end to the hotter end. D Molecules of copper move from the hotter end to the cooler end.     © UCLES 2016 0625/22/F/M/16 [Turn over,0625_m16_qp_22
0625_m16_qp_22_20,20,"Two plastic cups are placed one inside the other. A small spacer keeps the two cups separated.   Hot water is poured into the inner cup and a lid is put on top, as shown.  
lid
small spacer
small air gap
hot water
bench
  Which statement is correct? A The bench is heated by convection from the bottom of the outer cup. B The lid reduces the energy lost by convection. C There is no thermal conduction through the sides of either cup. D Thermal radiation is prevented by the small air gap. ",0625_m16_qp_22
0625_m16_qp_22_21,21,Which is a unit of wavelength? A hertz B metre C metre per second D second     © UCLES 2016 0625/22/F/M/16,0625_m16_qp_22
0625_m16_qp_22_22,22,"Which diagram correctly shows a ray of light reflected by a plane mirror?  
40°ray oflight50°A
40°ray oflight50°B
40°40°ray oflightCray oflight50°50°
D
    1 © UCLES 2016 0625/22/F/M/16 [Turn over",0625_m16_qp_22
0625_m16_qp_22_23,23,"Which diagram shows how a converging lens is used as a magnifying glass?  
lensF A
BF objectimage
lensF CF
objectimage
D
lensF FobjectimagelensF Fimageobject
    1 © UCLES 2016 0625/22/F/M/16",0625_m16_qp_22
0625_m16_qp_22_24,24,"A sound wave travels from a point X to a point Y.  
X Y  Which diagram represents the movement of the air molecules, due to the sound wave, in the region between X and Y?  
DCB A
 ",0625_m16_qp_22
0625_m16_qp_22_25,25,"The speed of sound in air is 340
 m  / s.  Which row gives typical values for the speed of sound in a liquid and in a solid?   speed of sound in a liquid
 / (m  / s) speed of sound in a solid  / (m  / s) 
A   250   180 
B   250 5000 
C 1500   180 
D 1500 5000 
",0625_m16_qp_22
0625_m16_qp_22_26,26,In which pair are both materials magnetic? A aluminium and copper B copper and iron C iron and steel D steel and aluminium ,0625_m16_qp_22
0625_m16_qp_22_27,27,"Which methods could be used to demagnetise a magnet?  method 1: place it in an east-west direction and hammer it method 2: place it in an east-west direction and heat it until it is red hot method 3: pull it slowly from a coil that is carrying an alternating current method 4: put it slowly into a coil that is carrying a direct current  A methods 1, 2 and 3 B methods 2, 3 and 4 C methods 1 and 2 only D methods 3 and 4 only    1 © UCLES 2016 0625/22/F/M/16 [Turn over",0625_m16_qp_22
0625_m16_qp_22_28,28,Which produces an electromotive force (e.m.f.)? A a battery B a filament lamp C a resistor D a spring balance ,0625_m16_qp_22
0625_m16_qp_22_29,29,"The table describes four different resistance wires. They are all made from the same metal.  Which wire has the smallest resistance?   length of  wire
 / m diameter of  wire  / mm 
A 2.0 1.0 
B 2.0 1. C 3.0 1.0 
D 3.0 1. ",0625_m16_qp_22
0625_m16_qp_22_30,30,"Which circuit shows the directions of the conventional current I and the flow of electrons?  
electrons IAelectrons IB
electrons ICelectrons ID
    1 © UCLES 2016 0625/22/F/M/16",0625_m16_qp_22
0625_m16_qp_22_31,31,"Four lamps are each labelled 240  V.  In which circuit do all four lamps have normal brightness?  
240  VA240  VB
240  VC240  VD
 ",0625_m16_qp_22
0625_m16_qp_22_32,32,"A battery charger plugs into a 230
 V a.c. supply. The charger is used to charge a 6.0  V d.c. battery.  The charger contains diodes and a transformer.  What is the purpose of these components?   diodes transformer 
A rectify the a.c. steps down the voltage 
B rectify the a.c. steps up the voltage 
C step down the voltage rectifies the a.c. 
D step up the voltage rectifies the a.c. 
   1 © UCLES 2016 0625/22/F/M/16 [Turn over",0625_m16_qp_22
0625_m16_qp_22_33,33,"The diagram shows a potential divider connected to two voltmeters P and Q.  
V voltmeter QVvoltmeter P
  The resistance of the variable resistor is decreased.  Which row shows what happens to the reading on each voltmeter?   reading on voltmeter P reading on voltmeter Q 
A decreases decreases 
B decreases increases 
C increases decreases 
D increases increases 
",0625_m16_qp_22
0625_m16_qp_22_34,34,"After some building work in a house, a bare (uninsulated) live wire is left protruding from a wall.  What is the greatest hazard? A a fire B a fuse blows C an electric shock D no current flows    1 © UCLES 2016 0625/22/F/M/16",0625_m16_qp_22
0625_m16_qp_22_35,35,"An electron moves into a uniform magnetic field.  The arrow shows the initial direction of motion of the electron.  The direction of the magnetic field is into the plane of the page (away from you).  
uniformmagnetic fieldelectron
  In which direction does a force act on the electron when it enters the magnetic field? A into the page B out of the page C towards the bottom of the page D towards the top of the page ",0625_m16_qp_22
0625_m16_qp_22_36,36,"The diagram shows an a.c. generator.  
NScoil
output voltagerotationof coil
  As the coil passes through the position shown, the output voltage is +10
 V.  When does the output voltage become –10
 V? A when the coil has turned through 90 ° B when the coil has turned through 180 ° C when the coil has turned through 270 ° D when the coil has turned through 360 °   1 © UCLES 2016 0625/22/F/M/16",0625_m16_qp_22
0625_m16_qp_22_37,37,The scattering of α-particles by a thin metal foil supports the nuclear model of an atom.  Why are α-particles used rather than neutrons? A because they always travel more slowly B because they are heavier C because they are larger in diameter D because they have a positive charge ,0625_m16_qp_22
0625_m16_qp_22_38,38,"A nucleus of a radioactive substance
 Po21884 undergoes an α-decay followed by a β-decay.  What are the nucleon (mass) number and proton (atomic) number of the nuclide formed after both decays have happened?   nucleon number proton number 
A 214 8 B 216 8 C 214 8 D 216 8 ",0625_m16_qp_22
0625_m16_qp_22_39,39,"A scientist carries out an experiment using a sealed source which emits β-particles. The range of the β-particles in the air is about 30
 cm.  Which precaution is the most effective to protect the scientist from the radiation? A handling the source with long tongs B keeping the temperature of the source low C opening all windows in the laboratory D washing his hands before leaving the laboratory ",0625_m16_qp_22
0625_m16_qp_22_40,40,"Which row describes the nature of α-particles and of γ-rays?   α-particles γ-rays 
A helium nuclei electromagnetic radiation 
B helium nuclei electrons 
C protons electromagnetic radiation 
D protons electrons 
   1 © UCLES 2016 0625/22/F/M/16  BLANK PAGE     1 © UCLES 2016 0625/22/F/M/16  BLANK PAGE       
Permission to reproduce items where third-par ty owned material protected by copyright is included has been sought and cleared w here possible. Every reasonable effort has been made by the publisher (UCLES) to t race copyright holders, but if any items requiring clearance have unwittingly been included, the publisher will be pleased to make amends at the earliest possible opportunity.  To avoid the issue of disclosure of answer-related information to candidates, all copyright acknowledgements are reproduced onl ine in the Cambridge International Examinations Copyright Acknowledgements Booklet. This is  produced for each series of examinations and is freely a vailable to download at www.cie.org.uk after the live examination series.  Cambridge International Examinations is part of the Cambridge Asse ssment Group. Cambridge Assessment is the brand name of Unive rsity of Cambridge Local Examinations Syndicate (UCLES), which is itself a department of the University of Cambridge.  
© UCLES 2016 0625/22/F/M/16  BLANK PAGE     ",0625_m16_qp_22
0625_m17_qp_22_01,1,"The diagram shows the height of a stack of identical coins.  
2.40  cm stack ofcoins
  What is the thickness of one coin? A 0.20
 mm B 2.0  mm C 0.24  cm D 2.0  cm ",0625_m17_qp_22
0625_m17_qp_22_02,2,"Four balls with different masses are dropped from the heights shown.  
4.0  kgP
1.0
 m3.0  kgQ
2.0
 m2.0  kgR
3.0
 m1.0  kgS
4.0
 mground
  Air resistance may be ignored.  Which statement about the balls is correct? A Ball P has the greatest acceleration. B Balls Q and R take the same time to fall to the ground. C The acceleration of ball R is half the acceleration of ball P. D Ball S has the greatest average speed.     © UCLES 2017 0625/22/F/M/17 [Turn over",0625_m17_qp_22
0625_m17_qp_22_03,3,"An object is travelling in a straight line. The diagram is the speed-time graph for the object.  At which labelled point is the object accelerating at a changing rate?  
B
00speedm / s
time
 / sACD
 ",0625_m17_qp_22
0625_m17_qp_22_04,4,"Which statement about the masses and weights of objects on the Earth is correct? A A balance can only be used to compare weights, not masses. B Heavy objects always have more mass than light ones. C Large objects always have more mass than small ones. D Mass is a force but weight is not. ",0625_m17_qp_22
0625_m17_qp_22_05,5,"An object in a space probe above the Earth weighs 3.5
 N. The gravitational field strength at the height of the space probe is 7.0
 N  / kg.  The gravitational field strength on the Earth’s surface is 10
 N  / kg.  What are the mass and the weight of the object on the Earth’s surface?   mass
 / kg weight  / N 
A 0.50 3. B 0.50 5.0 
C 2.0 3. D 2.0 20 
    © UCLES 2017 0625/22/F/M/17",0625_m17_qp_22
0625_m17_qp_22_06,6,"A skydiver jumps from a stationary helicopter and reaches a steady vertical speed. She then opens her parachute.  Which statement about the falling skydiver is correct? A As her parachute opens, her acceleration is upwards. B As she falls at a steady speed with her parachute open, her weight is zero. C When she accelerates, the resultant force on her is zero. D When she falls at a steady speed, air resistance is zero. ",0625_m17_qp_22
0625_m17_qp_22_07,7,"A car moves in a circular path as it turns a corner on a horizontal road.  The car moves at constant speed.  
path of ca rcardirectionof travel
  Which description of the forces acting on the car is correct? A All the forces are balanced as the car is moving at constant speed. B The forces are unbalanced and the resultant force acts away from the centre of the circle. C The forces are unbalanced and the resultant force acts towards the centre of the circle. D The forces are unbalanced and the resultant force is in the direction of travel of the car. ",0625_m17_qp_22
0625_m17_qp_22_08,8,"A moving body undergoes a change of momentum.  What is a unit for change of momentum? A N
 m B N  / m C N  s D N  / s     © UCLES 2017 0625/22/F/M/17 [Turn over",0625_m17_qp_22
0625_m17_qp_22_09,9,"A man can either take an escalator or a lift to travel up between two floors in a hotel.  
escalator lift  The escalator takes 20 seconds to carry the man between the two floors. The useful work done against gravity is W. The useful power developed is P.  The lift takes 30 seconds to carry the same man between the same two floors.  How much useful work against gravity is done by the lift, and how much useful power is developed by the lift?   useful work done against gravity by lift useful power developed by lift 
A more than W less than P 
B more than W P 
C W less than P 
D W P 
",0625_m17_qp_22
0625_m17_qp_22_10,10,"A 40
 W lamp wastes 34  J of energy every second by heating its surroundings.  What is the efficiency of the lamp? A 0.15% B 15% C 18% D 85% ",0625_m17_qp_22
0625_m17_qp_22_11,11,"A column of liquid has height h, mass m and density ρ. The gravitational field strength is g.  Which expression gives the pressure due to the column of liquid? A hρ B mρ C mgh D ρ
 gh     © UCLES 2017 0625/22/F/M/17",0625_m17_qp_22
0625_m17_qp_22_12,12,"The diagrams show two mercury barometers. The right-hand diagram shows a tube of larger diameter. There is a vacuum above the mercury in both tubes.  Which labelled position on the right-hand tube shows the mercury level in the right-hand tube?  
mercury glasstubesA 
B 
C 
D 
 ",0625_m17_qp_22
0625_m17_qp_22_13,13,"Very small pollen grains are suspended in water. A bright light shines from the side.  When looked at through a microscope, small specks of light are seen to be moving in a random, jerky manner.  
bright light
pollen grainsin watermicroscopeeye
  What are the moving specks of light? A pollen grains being hit by other pollen grains B pollen grains being hit by water molecules C water molecules being hit by other water molecules D water molecules being hit by pollen grains     © UCLES 2017 0625/22/F/M/17 [Turn over",0625_m17_qp_22
0625_m17_qp_22_14,14,"At –39  °C, liquid mercury solidifies without a change of temperature.  Which row shows whether the mercury absorbs or releases energy and what happens to the bonds between the mercury atoms?   energy bonds between atoms 
A absorbed stronger 
B absorbed weaker 
C released stronger 
D released weaker 
",0625_m17_qp_22
0625_m17_qp_22_15,15,"A model thermometer consists of a flask of coloured water and a stopper with a glass tube passing through it, as shown.  
glass tube
stopper
coloured wate rflasktemperature scale
  The model thermometer can be changed in one of two ways.  ● The flask can be replaced with a larger one full of coloured water. ● The glass tube can be replaced with one with a larger internal diameter.  Which statement is correct? A Only using a larger flask increases the sensitivity. B Only using a wider tube increases the sensitivity. C Using a larger flask increases the sensitivity and using a wider tube increases the sensitivity. D Neither using a larger flask nor using a wider tube increases the sensitivity.     © UCLES 2017 0625/22/F/M/17",0625_m17_qp_22
0625_m17_qp_22_16,16,"A metal has a specific heat capacity of 360  J / (kg  °C). An object made of this metal has a mass of 2.0
 kg.  What is the thermal capacity (heat capacity) of the object? A 180
 J / °C B 180  J / kg C 720  J / °C D 720  J / kg ",0625_m17_qp_22
0625_m17_qp_22_17,17,In which type of substance are free electrons involved in the transfer of thermal energy? A all liquids B all solids C metals only D plastics only ,0625_m17_qp_22
0625_m17_qp_22_18,18,"Four objects, made of the same material and having the same mass, are at the same temperature. The objects have different surfaces and different surface areas.  Which object emits infra-red radiation at the greatest rate?   surface surface area 
A dull large 
B dull small 
C shiny large 
D shiny small 
",0625_m17_qp_22
0625_m17_qp_22_19,19,"A person uses a surfboard to ride every 30th wave crest towards the beach. The wave crest travels at a speed of 1.6
 m  / s and the distance between each wave crest is 24  m.  How many wave crests does the person surf in one hour? A 1 B 2 C 8 D 450     © UCLES 2017 0625/22/F/M/17 [Turn over",0625_m17_qp_22
0625_m17_qp_22_20,20,"In a shallow tank, a water wave moves towards a barrier with a narrow gap.  
barrier
waterwave
  Which diagram shows the wave beyond the barrier?  
AB
CD
 ",0625_m17_qp_22
0625_m17_qp_22_21,21,Light passes along an optical fibre.  What happens to the light within the fibre? A diffraction B dispersion C refraction D total internal reflection     © UCLES 2017 0625/22/F/M/17,0625_m17_qp_22
0625_m17_qp_22_22,22,"The points labelled F are the principal foci of a lens. A beam of parallel light is incident on the lens.  Which diagram shows the path of the light after it passes through the lens?  
A
FF
B
FF
C
FF
D
FF
 ",0625_m17_qp_22
0625_m17_qp_22_23,23,Which statement about sound waves is correct? A They are able to travel through a vacuum. B They are able to travel through solids. C They are transverse waves. D They travel at the same speed in all substances. ,0625_m17_qp_22
0625_m17_qp_22_24,24,"Which statement about ultrasound is correct? A It is produced by a rapidly vibrating source. B It is uncomfortable to human ears. C Its frequency must be greater than 300
 kHz. D It travels the fastest in a vacuum.   1 © UCLES 2017 0625/22/F/M/17 [Turn over",0625_m17_qp_22
0625_m17_qp_22_25,25,"A small compass is placed close to a strong bar magnet, the same distance from each end.  Which diagram shows the direction in which the compass needle points?  
NA
SNB
SNC
SND
S compass compass compass compass
 ",0625_m17_qp_22
0625_m17_qp_22_26,26,"A bar magnet can be demagnetised by hammering it for a long time or by slowly removing it from a coil connected to a power supply.  Which row completes the descriptions of how these processes are carried out?   hammering bar magnet for a long time with slowly removing bar magnetfrom a coil connected to 
A magnet aligned E-W a d.c. power supply 
B magnet aligned E-W an a.c. power supply 
C magnet aligned N-S a d.c. power supply 
D magnet aligned N-S an a.c. power supply 
",0625_m17_qp_22
0625_m17_qp_22_27,27,Which particles move in a metal to cause an electric current? A electrons B neutrons C nucleons D protons    1 © UCLES 2017 0625/22/F/M/17,0625_m17_qp_22
0625_m17_qp_22_28,28,"The diagrams represent four copper wires.  Which wire has the greatest resistance?  
10  mm1
 mm 2  mm 1  mm 2  mm10 mm 20 mm20  mmA B C D 
 ",0625_m17_qp_22
0625_m17_qp_22_29,29,"An air-conditioning unit, a lamp and an electric fire all receive electrical energy from the mains supply.  From which of these devices is all this energy eventually transferred to the surroundings?   air-conditioning unit lamp electric fire  
A /a19 /a19 /a19 key 
B /a19 /a23 /a19 /a19= all energy transferred to surroundings 
C /a23 /a19 /a19 /a23= not all energy transferred to surroundings 
D /a23 /a23 /a19  
",0625_m17_qp_22
0625_m17_qp_22_30,30,"Four circuits are set up.  In which circuit does the ammeter show the greatest reading?  
2.0  Ω3.0
 ΩA12 VA2.0
 Ω3.0
 ΩA12 VB2.0
 Ω3.0
 ΩA12 VC2.0
 Ω3.0
 ΩA12 VD
    1 © UCLES 2017 0625/22/F/M/17 [Turn over",0625_m17_qp_22
0625_m17_qp_22_31,31,"The diagram shows an electric circuit.  
V
  The light falling on the light-dependent resistor (LDR) increases in brightness.  What happens to the resistance of the LDR, the current in the fixed resistor and the reading on the voltmeter?   resistance of LDR current in fixed resistor reading on voltmeter 
A decreases increases decreases 
B decreases increases increases 
C increases decreases decreases 
D increases decreases increases 
",0625_m17_qp_22
0625_m17_qp_22_32,32,"The diagram shows two linked circuits to control when a bell is switched on.  
  The conditions are altered and only one pair of conditions causes the bell to ring.  Which pair causes the bell to ring? A bright light and high temperature B bright light and low temperature C dim light and high temperature D dim light and low temperature   1 © UCLES 2017 0625/22/F/M/17",0625_m17_qp_22
0625_m17_qp_22_33,33,"The truth table for a logic gate is shown.  input 1 input 2 output 
0 0  0 1 0 
1 0 0 
1 1 0 
 Which type of logic gate is it? A AND B NOR C NOT D OR ",0625_m17_qp_22
0625_m17_qp_22_34,34,"In this circuit, a component at X automatically protects the wiring from overheating if there is a fault.  
electrical supply X
  Which row indicates components that are suitable?   circuit breaker fuse switch  
A /a19 /a19 /a19 key 
B /a19 /a19 /a23 /a19= suitable 
C /a19 /a23 /a19 /a23= not suitable 
D /a23 /a19 /a23  
   1 © UCLES 2017 0625/22/F/M/17 [Turn over",0625_m17_qp_22
0625_m17_qp_22_35,35,"The diagram shows a simple transformer with an input of 240  V and an output of 40  V.  There are 600 turns on the primary coil.  
output input 600 turns 240
 V4 0  Vprimary coil secondary coil
  How many turns are there on the secondary coil? A 100 B 320 C 400 D 3600 ",0625_m17_qp_22
0625_m17_qp_22_36,36,"The diagram shows a current-carrying wire. The wire is at 90 ° to a magnetic field. The direction of the magnetic field is into the page.  
wire magnetic fieldinto the page current
  A force acts on the wire due to the current and the magnetic field.  In which direction does the force act? A into the page B out of the page C towards the bottom of the diagram D towards the top of the diagram    1  
Permission to reproduce items where third-par ty owned material protected by copyright is  included has been sought and cleared w here possible. Every reasonable effort has been made by the publisher (UCLES) to trace copyright holder s, but if any items requiring clearance have unwittingly been included, the publisher will be pleased to make amends at the earliest possible opportunity.  To avoid the issue of disclosure of answer-related information to candidates, all copyright acknowledgements are reproduced onl ine in the Cambridge International Examinations Copyright Acknowledgements Booklet. This is produced for each series of examinations and is freely a vailable to download at www.cie.org.uk after the live examination series.  Cambridge International Examinations is part of the Cambridge Asse ssment Group. Cambridge Assessment is the brand name of Unive rsity of Cambridge Local Examinations Syndicate (UCLES), which is itself a department of the University of Cambridge.  
© UCLES 2017 0625/22/F/M/17",0625_m17_qp_22
0625_m17_qp_22_37,37,"A radioactive substance emits radiation at a rate of 600 emissions per second. Four hours later, it emits radiation at a rate of 300 emissions per second.  What is the half-life of the substance and what is the rate of emission after a further four hours?   half-life
 / hours rate of emission after a further four hours /
 emissions per second 
A 2 0 
B 2 150 
C 4 0 
D 4 150 
",0625_m17_qp_22
0625_m17_qp_22_38,38,"The nuclide notation for an isotope of silver is 
Ag10947.  How many nucleons are in a nucleus of this isotope? A 47 B 62 C 109 D 156 ",0625_m17_qp_22
0625_m17_qp_22_39,39,"The equation represents an isotope of radium Ra decaying to an isotope of radon Rn with the emission of particle X.  
Ra22688 → Rn22286 + X  What is particle X? A 
e01− B H11 C He42 D n10 ",0625_m17_qp_22
0625_m17_qp_22_40,40,An atomic nucleus decays by one or more radioactive decay processes.  What causes the proton number to decrease by 1? A α-decay followed by β-decay B α-decay only C β-decay followed by γ-decay D β-decay only    ,0625_m17_qp_22
0625_s13_qp_11_01,1,"The diagrams show the readings on a measuring cylinder before and after a small metal cube is added.  
10987654321cm3cm3
10987654321
before afterwater metal cube
  How many more identical cubes can be added to the cylinder, without causing the water to overflow? Do not include the cube already in the cylinder. A 1 B 2 C 3 D 4 ",0625_s13_qp_11
0625_s13_qp_11_02,2,Which person is experiencing an acceleration? A a driver of a car that is braking to stop at traffic lights B a passenger in a train that is stationary in a railway station C a shopper in a large store ascending an escalator (moving stairs) at a uniform rate D a skydiver falling at constant speed towards the Earth ,0625_s13_qp_11
0625_s13_qp_11_03,3,"A car travels at various speeds during a short journey.  The table shows the distances travelled and the times taken during each of four stages P, Q, R and S.  stage P Q R S 
distance travelled  / km 1.8 3.6 2.7 2. time taken  / minutes 2 2 4   During which two stages is the car travelling at the same average speed? A P and Q B P and S C Q and R D R and S     © UCLES 2013 0625/11/M/J/13 [Turn over",0625_s13_qp_11
0625_s13_qp_11_04,4,"Two blocks of metal X and Y hang from spring balances, as shown in the diagrams.  
0
1
2
3
4
5
X
YN0
1
2
3
4
5N
  What does the diagram show about X and Y? A They have the same mass and the same volume but different weights. B They have the same mass and the same weight but different volumes. C They have the same mass, the same volume and the same weight. D They have the same weight and the same volume but different masses. ",0625_s13_qp_11
0625_s13_qp_11_05,5,"A 1
 kg sample of aluminium is stored in a laboratory. In a different laboratory, in the same town,  there is a 1
 kg sample of iron.  Which quantity must these two samples always have in common? A the same density B the same temperature C the same volume D the same weight     © UCLES 2013 0625/11/M/J/13",0625_s13_qp_11
0625_s13_qp_11_06,6,"A measuring cylinder has a mass of 120  g when empty.  When it contains 50
 cm3 of a liquid, the total mass of the measuring cylinder and the liquid is 160
 g.  What is the density of the liquid? A 
5040 g / cm3 B 
4050 g / cm3 C 
50120 g / cm3 D 
50160 g / cm3 ",0625_s13_qp_11
0625_s13_qp_11_07,7,"A car moves along a level road.  The diagram shows all of the horizontal forces acting on the car.  
2000  N forcefrom engine 500
 Nfriction800 Nair resistance
  Which statement is correct? A The car is slowing down. B The car is speeding up. C The car is moving at a constant speed. D The car is moving backwards.     © UCLES 2013 0625/11/M/J/13 [Turn over",0625_s13_qp_11
0625_s13_qp_11_08,8,"The diagram shows a force being applied to a lever to lift a heavy weight.  
force
pivot leverheavy weight
  Which change would enable the heavy weight to be lifted with a smaller force? A Move the force to the right. B Move the heavy weight to the right. C Move the force to the left. D Move the pivot to the left. ",0625_s13_qp_11
0625_s13_qp_11_09,9,"The diagram shows a hydroelectric system.  
water
powerstationpipereservoir
  What are the main energy changes taking place? A chemical energy → kinetic energy → electrical energy B electrical energy → gravitational energy → kinetic energy C gravitational energy → kinetic energy → electrical energy D kinetic energy → electrical energy → gravitational energy     © UCLES 2013 0625/11/M/J/13",0625_s13_qp_11
0625_s13_qp_11_10,10,"An escalator (moving stairs) and a lift (elevator) are both used to carry passengers from the same underground railway platform up to street level.  
escalator lift  The escalator takes 20 seconds to carry a man to street level. The useful work done is W. The useful power developed is P. The lift takes 30 seconds to carry the same man to street level.  How much useful work is done by the lift, and how much useful power is developed by the lift?   useful work done by lift useful power developed by lift 
A more than W less than P 
B more than W P 
C W less than P 
D W P 
",0625_s13_qp_11
0625_s13_qp_11_11,11,A man stands on the ground.  Which action will increase the pressure that the man exerts on the ground? A The man slowly bends his knees. B The man slowly lies down on the ground. C The man slowly raises his arms. D The man slowly raises one foot off the ground.     © UCLES 2013 0625/11/M/J/13 [Turn over,0625_s13_qp_11
0625_s13_qp_11_12,12,"The diagram shows a simple mercury barometer.  
908070605040302010cmvacuummetre rule
mercury
  Which length is used to find the value of atmospheric pressure? A 12
 cm B 74  cm C 86  cm D 100  cm ",0625_s13_qp_11
0625_s13_qp_11_13,13,"A thermometer bulb is covered by a piece of damp absorbent cloth.  
thermomete r
airdamp cloth
bulb  Air at room temperature is blown across the damp cloth.  What happens to the thermometer reading? A It remains constant. B It rises. C It rises then falls. D It falls.     © UCLES 2013 0625/11/M/J/13",0625_s13_qp_11
0625_s13_qp_11_14,14,"A gas storage tank has a fixed volume. The gra ph shows how the temperature of the gas in the tank varies with time.  
Xtimetemperature
Y  At time Y, the gas molecules are A closer together than at time X. B hitting the sides of the tank harder than at time X. C larger in size than at time X. D moving more slowly than at time X. ",0625_s13_qp_11
0625_s13_qp_11_15,15,"The diagrams show four blocks of steel. The blocks are all drawn to the same scale.  The same quantity of thermal energy (heat) is given to each block.  Which block shows the greatest rise in temperature?  
A B C D 
     © UCLES 2013 0625/11/M/J/13 [Turn over",0625_s13_qp_11
0625_s13_qp_11_16,16,"A mercury thermometer with no scale is taped to a ruler as shown.   When the thermometer is placed in steam, the mercury level rises to 22.0
 cm.  When the thermometer is placed in pure melting ice, the mercury level falls to 2.0
 cm.  
30 28 26 24 22 20 18 16 14 12 10 8 6 4 2 0 cm 
mercuryrulerthermomete r
  Which temperature is shown by the mercury level in the diagram? A 6
 °C B 8  °C C 30  °C D 40  °C     © UCLES 2013 0625/11/M/J/13",0625_s13_qp_11
0625_s13_qp_11_17,17,"The diagram shows the cross-section of a vacuum flask containing a hot liquid in a cold room.  X and Y are points on the inside surfaces of the walls of the flask.  
XYcold roomvacuum hot liquid
  How is thermal energy transferred between X and Y? A by conduction and convection B by conduction only C by radiation and convection D by radiation only    1 © UCLES 2013 0625/11/M/J/13 [Turn over",0625_s13_qp_11
0625_s13_qp_11_18,18,"The diagram shows a refrigerator.   The cooling unit is placed at the top. The cooling unit cools the air near it.  
cooling unit
  What happens to the density of the air as it cools, and how does it move?   density of the air movement of the air 
A decreases moves down 
B decreases stays at the top 
C increases moves down 
D increases stays at the top 
",0625_s13_qp_11
0625_s13_qp_11_19,19,"Visible light and γ-rays are both waves.  How may they correctly be described?   visible light γ-rays 
A longitudinal longitudinal 
B longitudinal transverse 
C transverse longitudinal 
D transverse transverse 
   1 © UCLES 2013 0625/11/M/J/13",0625_s13_qp_11
0625_s13_qp_11_20,20,"The diagram represents a wave.  
XYdistancedisplacement0
  How many wavelengths are there between X and Y? A 
32 B 1 C 211 D 3 ",0625_s13_qp_11
0625_s13_qp_11_21,21,Different parts of the electromagnetic spectrum are used for different purposes. Below are four statements about parts of the spectrum.  statement 1: Infra-red waves are used in television remote controllers. statement 2: Radio waves are used to transmit television pictures from satellites to Earth. statement 3: Ultra-violet waves are used for intruder alarms. statement 4: X-rays are used for security checks.  Which statements are correct? A 1 and 2 B 1 and 4 C 2 and 3 D 3 and 4 ,0625_s13_qp_11
0625_s13_qp_11_22,22,"Which diagram shows how a ray of light could pass through a glass block in air?  
A
glassB
glass
glassCglassD
   1 © UCLES 2013 0625/11/M/J/13 [Turn over",0625_s13_qp_11
0625_s13_qp_11_23,23,"Which diagram correctly represents rays of light passing through a converging lens in a camera?  
A B
C 
object imagecameraDobject imagecamera
objectlensimagecameralensobject imagecamera
lens
lens
 ",0625_s13_qp_11
0625_s13_qp_11_24,24,"The diagrams represent two sound waves. The scales in the two diagrams are the same.  
displacementtimesound wave 1displacementtimesound wave 2
  Which statement describes the waves? A The waves have different loudness and different pitch. B The waves have different loudness but the same pitch. C The waves have the same loudness and the same pitch. D The waves have the same loudness but different pitch.    1 © UCLES 2013 0625/11/M/J/13",0625_s13_qp_11
0625_s13_qp_11_25,25,"A student claps once when standing 100  m away from a large wall.  The speed of sound in air is 330
 m  / s.  How long after clapping does the student hear an echo? A 0.30
 s B 0.61  s C 1.7  s D 3.3  s ",0625_s13_qp_11
0625_s13_qp_11_26,26,Which statement about magnetism is correct? A Aluminium is a ferrous metal. B A steel magnet can be demagnetised by heating it. C The core of an electromagnet is usually made of steel. D The magnetic field lines around a bar magnet are evenly spaced. ,0625_s13_qp_11
0625_s13_qp_11_27,27,"Two soft-iron rods are placed end to end inside a coil which is connected to a battery.  
soft-iron rod soft-iron rodcoil
  The connections from the battery to the coil are now reversed.  What happens to the soft-iron rods in each case?   battery connections as shown battery connections reversed 
A rods attract rods attract 
B rods attract rods repel 
C rods repel rods attract 
D rods repel rods repel 
   1 © UCLES 2013 0625/11/M/J/13 [Turn over",0625_s13_qp_11
0625_s13_qp_11_28,28,"Three charged balls, P, Q and R are suspended by insulating threads. Ball P is negatively charged.  Ball Q is brought close to ball P.  
–PQinsulating thread
  Ball Q is now brought close to ball R.  
QR  What are the charges on ball Q and on ball R?   ball Q ball R 
A positive positive 
B positive negative 
C negative positive 
D negative negative 
   1 © UCLES 2013 0625/11/M/J/13",0625_s13_qp_11
0625_s13_qp_11_29,29,"Which circuit could be used to determine the resistance of the resistor R?  
A
VDV
AC
RRV
AAA
VB
R R
 ",0625_s13_qp_11
0625_s13_qp_11_30,30,"Which copper wire would have the smallest resistance?  A a long, thick wire B a long, thin wire C a short, thick wire D a short, thin wire ",0625_s13_qp_11
0625_s13_qp_11_31,31,"The diagram shows an electrical circuit.  
PON LM
  Between which two points must a voltmeter be connected to find the potential difference across the bell? A L and M B M and N C N and O D O and P    1 © UCLES 2013 0625/11/M/J/13 [Turn over",0625_s13_qp_11
0625_s13_qp_11_32,32,"The reading on the ammeter in the circuit is 1.0  A.  A second ammeter is connected in the circuit. It also reads 1.0
 A.  At which labelled point is it connected?  
1.0  AA B C D A
 ",0625_s13_qp_11
0625_s13_qp_11_33,33,"The circuit shows a battery and four lamps. All the lamps are lit.  One lamp fails and all the lamps go out.  Which lamp failed?  
A B CD
 ",0625_s13_qp_11
0625_s13_qp_11_34,34,"A desk lamp should have a 3
 A fuse fitted, but a 13  A fuse has been fitted by mistake.  The lamp is not faulty.  The lamp is switched on. What happens? A The fuse blows. B The fuse does not blow but the lamp does not light. C The lamp draws too much current and the supply cables could melt. D The lamp works normally.    1 © UCLES 2013 0625/11/M/J/13",0625_s13_qp_11
0625_s13_qp_11_35,35,"An electric current can produce a heating effect and a magnetic effect.  Which row shows the effect that a relay uses, together with one application of a relay?   effect used by a relay one application of a relay 
A heating effect allowing a small current to switch on a large current 
B heating effect changing the voltage of an alternating current 
C magnetic effect allowing a small current to switch on a large current 
D magnetic effect changing the voltage of an alternating current 
",0625_s13_qp_11
0625_s13_qp_11_36,36,"The diagram shows a mains transformer that has an output voltage of 12
 V.  
240  V a.c.input 12  V a.c.outputcoil with1000 turnssoft-iron core
  How many turns of wire are in the secondary coil? A 12 B 20 C 50 D 20
 000    1 © UCLES 2013 0625/11/M/J/13 [Turn over",0625_s13_qp_11
0625_s13_qp_11_37,37,"The diagram shows an experiment to demonstrate electromagnetic induction.  
NSX
YA
wire
  X and Y are joined, in turn, by four wires, each made of a different material.  Each wire is then moved quickly downwards between the magnets.  Which material will not give rise to an induced current in the wire? A aluminium B copper C iron D nylon ",0625_s13_qp_11
0625_s13_qp_11_38,38,"In a cathode-ray tube, particles are fired at a screen.  What are these particles? A α-particles B electrons C neutrons D protons       
Permission to reproduce items where third -party owned material protected by copyright is included has been sought and cleared w here possible. Every reasonable effort has been made by the publisher (UCLES) to trace copyright holders, but if any items requiring clearance have unwittingly been included, the publisher will be pleased to make amends at the earliest possible opportunity.  University of Cambridge International Examinations is part of the Cambridge Assessment Group. Cambridge Assessment is the brand  name of University of Cambridge Local Examinations Syndicate (UCLES), which is itself a department of the University of Cambridge.  
© UCLES 2013 0625/11/M/J/13",0625_s13_qp_11
0625_s13_qp_11_39,39,"The graph shows how the count rate on a detector due to a radioactive source changes with time.  
480024000012345count ratecounts per minute
time
 / hours  What is the count rate at 5.0 hours? A 960 counts per minute B 600 counts per minute C 150 counts per minute D 0 counts per minute ",0625_s13_qp_11
0625_s13_qp_11_40,40,"The diagram represents a carbon atom.  
+ + + 
+ + + 
+ – ––
––––key neutron proton electron 
  What is the nucleon number (mass number) for this atom? A 6 B 8 C 14 D 20    ",0625_s13_qp_11
0625_s13_qp_12_01,1,"A student measures the length of a rod XY by holding it next to a metre rule.  
99 98 97 96 95 94cmXY
  The student writes down the length as 94.8
 cm.  Which statement is correct? A The value is correct. B The value is incorrect because it should be 95.2
 cm. C The value is incorrect because it should be in millimetres. D The value is incorrect because the student should subtract the reading for end Y from the reading for end X. ",0625_s13_qp_12
0625_s13_qp_12_02,2,"A heavy metal ball falls vertically downwards through air past four equally spaced levels J, K, L and M.  
level Jlevel Klevel Llevel Mmetal ball
  The times taken to fall from one level to the next are measured.  Where is the speed of the ball greatest and which time is shortest?   speed is greatest between time is shortest between 
A J and K J and K 
B J and K L and M 
C L and M J and K 
D L and M L and M 
    © UCLES 2013 0625/12/M/J/13 [Turn over",0625_s13_qp_12
0625_s13_qp_12_03,3,"A car travels at various speeds during a short journey.  The table shows the distances travelled and the times taken during each of four stages P, Q, R and S.  stage P Q R S 
distance travelled  / km 1.8 3.6 2.7 2. time taken  / minutes 2 2 4   During which two stages is the car travelling at the same average speed? A P and Q B P and S C Q and R D R and S ",0625_s13_qp_12
0625_s13_qp_12_04,4,"Two blocks of metal X and Y hang from spring balances, as shown in the diagrams.  
0
1
2
3
4
5
X
YN0
1
2
3
4
5N
  What does the diagram show about X and Y? A They have the same mass and the same volume but different weights. B They have the same mass and the same weight but different volumes. C They have the same mass, the same volume and the same weight. D They have the same weight and the same volume but different masses. ",0625_s13_qp_12
0625_s13_qp_12_05,5,"A student stands with both feet on some scales in order to measure his weight.  The reading on the scales is 500
 N. He lifts one foot off the scales and keeps it lifted.  What is the new reading on the scales? A 0 B 250
 N C 500  N D 1000  N   © UCLES 2013 0625/12/M/J/13",0625_s13_qp_12
0625_s13_qp_12_06,6,"A measuring cylinder containing liquid is pl aced on a top-pan balance. The apparatus is left overnight and some of the liquid evaporates. The diagrams show the readings.  
g251252249
248250cm3
before liquidevaporatesliquid
g243244241
240242cm3
after liquidevaporatesliquidmeasuringcylinder
  What is the density of the liquid? A 0.875
 g / cm3 B 1.14  g / cm3 C 1.40  g / cm3 D 1.42  g / cm3 ",0625_s13_qp_12
0625_s13_qp_12_07,7,"A child sits on a rubber ball and bounces up and down on the ground.  
  What stays the same when the ball hits the ground? A the acceleration of the ball B the mass of the ball C the shape of the ball D the velocity of the ball     © UCLES 2013 0625/12/M/J/13 [Turn over",0625_s13_qp_12
0625_s13_qp_12_08,8,"The diagrams show different objects, each being acted upon by only the two forces shown.  Which object is in equilibrium?  
3 N3
 NA 4
 N4  NB 5
 N5
 N4 N5
 NC D 
 ",0625_s13_qp_12
0625_s13_qp_12_09,9,"The diagram shows a hydroelectric system.  
water
powerstationpipereservoir
  What are the main energy changes taking place? A chemical energy → kinetic energy → electrical energy B electrical energy → gravitational energy → kinetic energy C gravitational energy → kinetic energy → electrical energy D kinetic energy → electrical energy → gravitational energy     © UCLES 2013 0625/12/M/J/13",0625_s13_qp_12
0625_s13_qp_12_10,10,"A car moves along a level road at constant speed. Work is done by the engine and power is developed by the engine.  Which pair of graphs shows how the work done and the power developed vary with time?  
worktimepowertimeA worktimepowertimeB
worktimepowertimeC worktimepowertimeD
00 0000 00
00 0000 00
     © UCLES 2013 0625/12/M/J/13 [Turn over",0625_s13_qp_12
0625_s13_qp_12_11,11,"A mercury manometer is used to measure a pressu re difference. The difference is shown by the levels X and Y in the diagram.  
0102030405060708090100mm
XYmercury
  What is the pressure difference represented by X and Y? A 5
 mm of mercury B 50
 mm of mercury C 90
 mm of mercury D 95
 mm of mercury ",0625_s13_qp_12
0625_s13_qp_12_12,12,"The diagrams show the actual size of the heels of four different lady’s shoes, as seen from underneath the shoe.  Which heel is most likely to cause damage to floors?  
ABCD
     © UCLES 2013 0625/12/M/J/13",0625_s13_qp_12
0625_s13_qp_12_13,13,"Which diagram best shows the path of a gas molecule?  
ABCD
 ",0625_s13_qp_12
0625_s13_qp_12_14,14,"A gas storage tank has a fixed volume. The graph shows how the temperature of the gas in the tank varies with time.  
Xtimetemperature
Y  At time Y, the gas molecules are A closer together than at time X. B hitting the sides of the tank harder than at time X. C larger in size than at time X. D moving more slowly than at time X.     © UCLES 2013 0625/12/M/J/13 [Turn over",0625_s13_qp_12
0625_s13_qp_12_15,15,"The diagrams show four blocks of steel. The blocks are all drawn to the same scale.  The same quantity of thermal energy (heat) is given to each block.  Which block shows the greatest rise in temperature?  
A B C D 
 ",0625_s13_qp_12
0625_s13_qp_12_16,16,"A mercury thermometer with no scale is taped to a ruler as shown.   When the thermometer is placed in steam, the mercury level rises to 22.0
 cm.  When the thermometer is placed in pure melting ice, the mercury level falls to 2.0
 cm.  
30 28 26 24 22 20 18 16 14 12 10 8 6 4 2 0 cm 
mercuryrulerthermomete r
  Which temperature is shown by the mercury level in the diagram? A 6
 °C B 8  °C C 30  °C D 40  °C     © UCLES 2013 0625/12/M/J/13",0625_s13_qp_12
0625_s13_qp_12_17,17,"Which statement about the transfer of thermal energy is correct?  A Convection can occur in air, but only when the air is trapped. B Convection can only occur in a gas. C Radiation cannot occur in air. D Radiation can occur in a vacuum, but convection cannot. ",0625_s13_qp_12
0625_s13_qp_12_18,18,"The diagram shows a refrigerator.   The cooling unit is placed at the top. The cooling unit cools the air near it.  
cooling unit
  What happens to the density of the air as it cools, and how does it move?   density of the air movement of the air 
A decreases moves down 
B decreases stays at the top 
C increases moves down 
D increases stays at the top 
   1 © UCLES 2013 0625/12/M/J/13 [Turn over",0625_s13_qp_12
0625_s13_qp_12_19,19,"The diagram shows the surface of water in a ripple tank. A wave is travelling in the direction of the arrow towards a gap in a barrier.  
watersurface
wavefrontsbarrier
  What happens to the wave as it passes through t he gap, and what happens to the shape of the wavefronts after passing through the gap?   what happens at the gap shape after passing through the gap 
A diffraction curved 
B diffraction straight 
C refraction curved 
D refraction straight 
",0625_s13_qp_12
0625_s13_qp_12_20,20,"The diagram represents a wave.  
XYdistancedisplacement0
  How many wavelengths are there between X and Y? A 
32 B 1 C 211 D 3 ",0625_s13_qp_12
0625_s13_qp_12_21,21,"Which group of electromagnetic radiations is arranged in order of increasing frequency? A infra-red, visible light, ultraviolet B γ-rays, X-rays, infra-red C ultra-violet, visible light, radio waves D X-rays, radio waves, γ-rays  1 © UCLES 2013 0625/12/M/J/13",0625_s13_qp_12
0625_s13_qp_12_22,22,An electronic engineer makes devices which can receive television pictures from satellites.  Which type of electromagnetic radiation must these devices be able to receive? A infra-red waves B microwaves C radio waves D ultra-violet waves ,0625_s13_qp_12
0625_s13_qp_12_23,23,"Which diagram correctly represents rays of light passing through a converging lens in a camera?  
A B
C 
object imagecameraDobject imagecamera
objectlensimagecameralensobject imagecamera
lens
lens
    1 © UCLES 2013 0625/12/M/J/13 [Turn over",0625_s13_qp_12
0625_s13_qp_12_24,24,"A tuning fork is marked with the number 320.  
320
  This indicates the size of the frequency.  What does this mean? A The length of the tuning fork is 320
 mm. B The note from the tuning fork will last for up to 320
 s. C The sound waves produced by the tuning fork travel at 320
 m  / s. D The tuning fork vibrates 320 times every second. ",0625_s13_qp_12
0625_s13_qp_12_25,25,"Some sound from a loudspeaker at P travels directly to Q. Sound also reaches Q after being reflected from a wall at R.  
8 m
8
 m10 mwall loudspeakerP
QR
  The speed of sound is 330
 m  / s.  What is the difference in time for a sound to travel from P to Q by the two routes? A 
3306s B 33016s C (6 × 330) s D (16 × 330) s ",0625_s13_qp_12
0625_s13_qp_12_26,26,An electromagnet is used to separate magnetic metals from non-magnetic metals.  Why is steel not suitable as the core of the electromagnet? A It forms a permanent magnet. B It has a high density. C It has a high thermal capacity. D It is a good conductor of electricity.    1 © UCLES 2013 0625/12/M/J/13,0625_s13_qp_12
0625_s13_qp_12_27,27,An old and expensive steel watch becomes magnetised.  The owner wants to use the watch again. He must demagnetise the watch.  What is the best method to do this? A Heat it until it glows red hot. B Pass direct current though it. C Place it in a plastic bag and put the bag in hot water for several hours. D Place it in a solenoid that carries alternating current and then slowly remove it. ,0625_s13_qp_12
0625_s13_qp_12_28,28,"Three charged balls, P, Q and R are suspended by insulating threads. Ball P is negatively charged.  Ball Q is brought close to ball P.  
–PQinsulating thread
  Ball Q is now brought close to ball R.  
QR  What are the charges on ball Q and on ball R?   ball Q ball R 
A positive positive 
B positive negative 
C negative positive 
D negative negative 
",0625_s13_qp_12
0625_s13_qp_12_29,29,"Which group contains only good electrical conductors? A air, carbon (graphite), plastic B air, gold, mercury C carbon (graphite), copper, mercury D copper, gold, plastic    1 © UCLES 2013 0625/12/M/J/13 [Turn over",0625_s13_qp_12
0625_s13_qp_12_30,30,"A student investigates a circuit that contains  two parallel resistors. The circuit includes meters R, S and T which are all connected correctly.  
resistorsRST
  Which types of meter are R, S and T?   meter R meter S meter T 
A ammeter ammeter ammeter 
B ammeter voltmeter voltmeter 
C voltmeter ammeter ammeter 
D voltmeter voltmeter voltmeter 
",0625_s13_qp_12
0625_s13_qp_12_31,31,"A circuit contains the component shown by the following symbol.  
  Which change would the component detect?  A change in A light level. B potential difference. C radioactivity. D temperature.    1 © UCLES 2013 0625/12/M/J/13",0625_s13_qp_12
0625_s13_qp_12_32,32,"The diagram shows a circuit which includes a switch and a capacitor.  
switchcapacitor
PQ
  What happens to the capacitor when the switch is at P and when it is at Q?   switch at P switch at Q 
A charging charging 
B charging discharging 
C discharging charging 
D discharging discharging 
",0625_s13_qp_12
0625_s13_qp_12_33,33,"The circuit diagram shows a cell connected to three identical lamps X, Y and Z. All the lamps are lit.  
XZY
  Lamp Y is removed by unscrewing it from its holder.  What happens to lamp Z? A It goes out completely. B It becomes dimmer but stays lit. C It stays the same brightness. D It becomes brighter.    1 © UCLES 2013 0625/12/M/J/13 [Turn over",0625_s13_qp_12
0625_s13_qp_12_34,34,"Each branch of a domestic circuit often includes a circuit-breaker. This protects the wiring if too much current flows in the circuit.  In which wire is the circuit-breaker placed and what does it do when it operates?   circuit-breaker in when the circuit-breaker operates it 
A live wire disconnects the circuit 
B live wire reduces the current to a safe value (not zero) 
C neutral wire disconnects the circuit 
D neutral wire reduces the current to a safe value (not zero) 
",0625_s13_qp_12
0625_s13_qp_12_35,35,"A student wants to make a transformer to step 12
 V down to 6.0  V.  She winds 60 turns of wire around an iron core as shown in the diagram.  
  
  soft-iron core
6.0  V a.c. 12  V a.c.primary coil60 turns secondary coil
  How many turns of wire should she wind on the secondary coil of her transformer? A 5 B 30 C 60 D 120 ",0625_s13_qp_12
0625_s13_qp_12_36,36,A toy railway engine is driven around a track by a d.c. electric motor.  How can the speed of the motor be increased? A Use a motor made with fewer turns of wire. B Use a smaller d.c. voltage. C Use a stronger magnet in the motor. D Use the supply with its connections reversed.    1 © UCLES 2013 0625/12/M/J/13,0625_s13_qp_12
0625_s13_qp_12_37,37,"The diagram shows an experiment to demonstrate electromagnetic induction.  
NSX
YA
wire
  X and Y are joined, in turn, by four wires, each made of a different material.  Each wire is then moved quickly downwards between the magnets.  Which material will not give rise to an induced current in the wire? A aluminium B copper C iron D nylon ",0625_s13_qp_12
0625_s13_qp_12_38,38,"A beam of cathode rays passes between two charged metal plates.  
+
–cathode rays
  What happens to the beam as it passes between the plates? A It is deflected into the paper. B It is deflected out of the paper. C It is deflected towards the negative plate. D It is deflected towards the positive plate.    1 © UCLES 2013 0625/12/M/J/13",0625_s13_qp_12
0625_s13_qp_12_39,39,"A radiation detector is placed close to a source of β-particles.  Aluminium sheets of increasing thickness are placed between the source and the detector.  
source ofβ-particlesaluminium sheet detector
  Eventually a sheet which is 2.0
 cm thick is used. The reading on the detector decreases, but does not fall to zero.  Why does the reading not fall to zero? A Some of the β-particles go round the edges of the sheet. B The detector is too close to the source. C There is always some background radiation. D The sheet can never be thick enough to absorb all the β-particles. ",0625_s13_qp_12
0625_s13_qp_12_40,40,"A nuclide is represented by the notation shown.  
  How many nucleons are there in one atom of this nuclide? A P B Q C P + Q D P – Q       
Permission to reproduce items where third -party owned material protected by copyright is included has been sought and cleared w here possible. Every reasonable effort has been made by the publisher (UCLES) to t race copyright holders, but if any items requiring clearance have unwittingly been included, the publisher will be pleased to make amends at the earliest possible opportunity.  University of Cambridge International Examinations is part of t he Cambridge Assessment Group. Cambridge Assessment is the brand  name of University of Cambridge Local Examinations Syndicate (UCLES), which is itself a department of the University of Cambridge.  
© UCLES 2013 0625/12/M/J/13  BLANK PAGE ",0625_s13_qp_12
0625_s13_qp_13_01,1,"The diagrams show the readings on a measuring cylinder before and after a small metal cube is added.  
10987654321cm3cm3
10987654321
before afterwater metal cube
  How many more identical cubes can be added to the cylinder, without causing the water to overflow? Do not include the cube already in the cylinder. A 1 B 2 C 3 D 4 ",0625_s13_qp_13
0625_s13_qp_13_02,2,"A car travels at various speeds during a short journey.  The table shows the distances travelled and the times taken during each of four stages P, Q, R and S.  stage P Q R S 
distance travelled  / km 1.8 3.6 2.7 2. time taken  / minutes 2 2 4   During which two stages is the car travelling at the same average speed? A P and Q B P and S C Q and R D R and S ",0625_s13_qp_13
0625_s13_qp_13_03,3,Which person is experiencing an acceleration? A a driver of a car that is braking to stop at traffic lights B a passenger in a train that is stationary in a railway station C a shopper in a large store ascending an escalator (moving stairs) at a uniform rate D a skydiver falling at constant speed towards the Earth     © UCLES 2013 0625/13/M/J/13 [Turn over,0625_s13_qp_13
0625_s13_qp_13_04,4,"A 1  kg sample of aluminium is stored in a laboratory. In a different laboratory, in the same town,  there is a 1
 kg sample of iron.  Which quantity must these two samples always have in common? A the same density B the same temperature C the same volume D the same weight ",0625_s13_qp_13
0625_s13_qp_13_05,5,"Two blocks of metal X and Y hang from spring balances, as shown in the diagrams.  
0
1
2
3
4
5
X
YN0
1
2
3
4
5N
  What does the diagram show about X and Y? A They have the same mass and the same volume but different weights. B They have the same mass and the same weight but different volumes. C They have the same mass, the same volume and the same weight. D They have the same weight and the same volume but different masses.     © UCLES 2013 0625/13/M/J/13",0625_s13_qp_13
0625_s13_qp_13_06,6,"A car moves along a level road.  The diagram shows all of the horizontal forces acting on the car.  
2000  N forcefrom engine 500
 Nfriction800 Nair resistance
  Which statement is correct? A The car is slowing down. B The car is speeding up. C The car is moving at a constant speed. D The car is moving backwards. ",0625_s13_qp_13
0625_s13_qp_13_07,7,"A measuring cylinder has a mass of 120
 g when empty.  When it contains 50
 cm3 of a liquid, the total mass of the measuring cylinder and the liquid is 160
 g.  What is the density of the liquid? A 
5040 g / cm3 B 
4050 g / cm3 C 
50120 g / cm3 D 
50160 g / cm3     © UCLES 2013 0625/13/M/J/13 [Turn over",0625_s13_qp_13
0625_s13_qp_13_08,8,"The diagram shows a hydroelectric system.  
water
powerstationpipereservoir
  What are the main energy changes taking place? A chemical energy → kinetic energy → electrical energy B electrical energy → gravitational energy → kinetic energy C gravitational energy → kinetic energy → electrical energy D kinetic energy → electrical energy → gravitational energy ",0625_s13_qp_13
0625_s13_qp_13_09,9,"The diagram shows a force being applied to a lever to lift a heavy weight.  
force
pivot leverheavy weight
  Which change would enable the heavy weight to be lifted with a smaller force? A Move the force to the right. B Move the heavy weight to the right. C Move the force to the left. D Move the pivot to the left.     © UCLES 2013 0625/13/M/J/13",0625_s13_qp_13
0625_s13_qp_13_10,10,A man stands on the ground.  Which action will increase the pressure that the man exerts on the ground? A The man slowly bends his knees. B The man slowly lies down on the ground. C The man slowly raises his arms. D The man slowly raises one foot off the ground. ,0625_s13_qp_13
0625_s13_qp_13_11,11,"An escalator (moving stairs) and a lift (elevator) are both used to carry passengers from the same underground railway platform up to street level.  
escalator lift  The escalator takes 20 seconds to carry a man to street level. The useful work done is W. The useful power developed is P. The lift takes 30 seconds to carry the same man to street level.  How much useful work is done by the lift, and how much useful power is developed by the lift?   useful work done by lift useful power developed by lift 
A more than W less than P 
B more than W P 
C W less than P 
D W P 
    © UCLES 2013 0625/13/M/J/13 [Turn over",0625_s13_qp_13
0625_s13_qp_13_12,12,"The diagram shows a simple mercury barometer.  
908070605040302010cmvacuummetre rule
mercury
  Which length is used to find the value of atmospheric pressure? A 12
 cm B 74  cm C 86  cm D 100  cm ",0625_s13_qp_13
0625_s13_qp_13_13,13,"A thermometer bulb is covered by a piece of damp absorbent cloth.  
thermomete r
airdamp cloth
bulb  Air at room temperature is blown across the damp cloth.  What happens to the thermometer reading? A It remains constant. B It rises. C It rises then falls. D It falls.     © UCLES 2013 0625/13/M/J/13",0625_s13_qp_13
0625_s13_qp_13_14,14,"The diagrams show four blocks of steel. The blocks are all drawn to the same scale.  The same quantity of thermal energy (heat) is given to each block.  Which block shows the greatest rise in temperature?  
A B C D 
 ",0625_s13_qp_13
0625_s13_qp_13_15,15,"A gas storage tank has a fixed volume. The graph shows how the temperature of the gas in the tank varies with time.  
Xtimetemperature
Y  At time Y, the gas molecules are A closer together than at time X. B hitting the sides of the tank harder than at time X. C larger in size than at time X. D moving more slowly than at time X.     © UCLES 2013 0625/13/M/J/13 [Turn over",0625_s13_qp_13
0625_s13_qp_13_16,16,"A mercury thermometer with no scale is taped to a ruler as shown.   When the thermometer is placed in steam, the mercury level rises to 22.0
 cm.  When the thermometer is placed in pure melting ice, the mercury level falls to 2.0
 cm.  
30 28 26 24 22 20 18 16 14 12 10 8 6 4 2 0 cm 
mercuryrulerthermomete r
  Which temperature is shown by the mercury level in the diagram? A 6
 °C B 8  °C C 30  °C D 40  °C     © UCLES 2013 0625/13/M/J/13",0625_s13_qp_13
0625_s13_qp_13_17,17,"The diagram shows a refrigerator.   The cooling unit is placed at the top. The cooling unit cools the air near it.  
cooling unit
  What happens to the density of the air as it cools, and how does it move?   density of the air movement of the air 
A decreases moves down 
B decreases stays at the top 
C increases moves down 
D increases stays at the top 
   1 © UCLES 2013 0625/13/M/J/13 [Turn over",0625_s13_qp_13
0625_s13_qp_13_18,18,"The diagram shows the cross-section of a vacuum flask containing a hot liquid in a cold room.  X and Y are points on the inside surfaces of the walls of the flask.  
XYcold roomvacuum hot liquid
  How is thermal energy transferred between X and Y? A by conduction and convection B by conduction only C by radiation and convection D by radiation only ",0625_s13_qp_13
0625_s13_qp_13_19,19,"Visible light and γ-rays are both waves.  How may they correctly be described?   visible light γ-rays 
A longitudinal longitudinal 
B longitudinal transverse 
C transverse longitudinal 
D transverse transverse 
   1 © UCLES 2013 0625/13/M/J/13",0625_s13_qp_13
0625_s13_qp_13_20,20,Different parts of the electromagnetic spectrum are used for different purposes. Below are four statements about parts of the spectrum.  statement 1: Infra-red waves are used in television remote controllers. statement 2: Radio waves are used to transmit television pictures from satellites to Earth. statement 3: Ultra-violet waves are used for intruder alarms. statement 4: X-rays are used for security checks.  Which statements are correct? A 1 and 2 B 1 and 4 C 2 and 3 D 3 and 4 ,0625_s13_qp_13
0625_s13_qp_13_21,21,"The diagram represents a wave.  
XYdistancedisplacement0
  How many wavelengths are there between X and Y? A 
32 B 1 C 211 D 3 ",0625_s13_qp_13
0625_s13_qp_13_22,22,"Which diagram shows how a ray of light could pass through a glass block in air?  
A
glassB
glass
glassCglassD
  1 © UCLES 2013 0625/13/M/J/13 [Turn over",0625_s13_qp_13
0625_s13_qp_13_23,23,"Which diagram correctly represents rays of light passing through a converging lens in a camera?  
A B
C 
object imagecameraDobject imagecamera
objectlensimagecameralensobject imagecamera
lens
lens
 ",0625_s13_qp_13
0625_s13_qp_13_24,24,"The diagrams represent two sound waves. The scales in the two diagrams are the same.  
displacementtimesound wave 1displacementtimesound wave 2
  Which statement describes the waves? A The waves have different loudness and different pitch. B The waves have different loudness but the same pitch. C The waves have the same loudness and the same pitch. D The waves have the same loudness but different pitch.    1 © UCLES 2013 0625/13/M/J/13",0625_s13_qp_13
0625_s13_qp_13_25,25,"Two soft-iron rods are placed end to end inside a coil which is connected to a battery.  
soft-iron rod soft-iron rodcoil
  The connections from the battery to the coil are now reversed.  What happens to the soft-iron rods in each case?   battery connections as shown battery connections reversed 
A rods attract rods attract 
B rods attract rods repel 
C rods repel rods attract 
D rods repel rods repel 
",0625_s13_qp_13
0625_s13_qp_13_26,26,"A student claps once when standing 100
 m away from a large wall.  The speed of sound in air is 330
 m  / s.  How long after clapping does the student hear an echo? A 0.30
 s B 0.61  s C 1.7  s D 3.3  s ",0625_s13_qp_13
0625_s13_qp_13_27,27,Which statement about magnetism is correct? A Aluminium is a ferrous metal. B A steel magnet can be demagnetised by heating it. C The core of an electromagnet is usually made of steel. D The magnetic field lines around a bar magnet are evenly spaced.    1 © UCLES 2013 0625/13/M/J/13 [Turn over,0625_s13_qp_13
0625_s13_qp_13_28,28,"Three charged balls, P, Q and R are suspended by insulating threads. Ball P is negatively charged.  Ball Q is brought close to ball P.  
–PQinsulating thread
  Ball Q is now brought close to ball R.  
QR  What are the charges on ball Q and on ball R?   ball Q ball R 
A positive positive 
B positive negative 
C negative positive 
D negative negative 
",0625_s13_qp_13
0625_s13_qp_13_29,29,"Which copper wire would have the smallest resistance?  A a long, thick wire B a long, thin wire C a short, thick wire D a short, thin wire ",0625_s13_qp_13
0625_s13_qp_13_30,30,"The diagram shows an electrical circuit.  
PON LM
  Between which two points must a voltmeter be connected to find the potential difference across the bell? A L and M B M and N C N and O D O and P   1 © UCLES 2013 0625/13/M/J/13",0625_s13_qp_13
0625_s13_qp_13_31,31,"Which circuit could be used to determine the resistance of the resistor R?  
A
VDV
AC
RRV
AAA
VB
R R
 ",0625_s13_qp_13
0625_s13_qp_13_32,32,"The circuit shows a battery and four lamps. All the lamps are lit.  One lamp fails and all the lamps go out.  Which lamp failed?  
A B CD
    1 © UCLES 2013 0625/13/M/J/13 [Turn over",0625_s13_qp_13
0625_s13_qp_13_33,33,"The reading on the ammeter in the circuit is 1.0  A.  A second ammeter is connected in the circuit. It also reads 1.0
 A.  At which labelled point is it connected?  
1.0  AA B C D A
 ",0625_s13_qp_13
0625_s13_qp_13_34,34,"A desk lamp should have a 3
 A fuse fitted, but a 13  A fuse has been fitted by mistake.  The lamp is not faulty.  The lamp is switched on. What happens? A The fuse blows. B The fuse does not blow but the lamp does not light. C The lamp draws too much current and the supply cables could melt. D The lamp works normally. ",0625_s13_qp_13
0625_s13_qp_13_35,35,"The diagram shows a mains transformer that has an output voltage of 12
 V.  
240  V a.c.input 12  V a.c.outputcoil with1000 turnssoft-iron core
  How many turns of wire are in the secondary coil? A 12 B 20 C 50 D 20
 000    1 © UCLES 2013 0625/13/M/J/13",0625_s13_qp_13
0625_s13_qp_13_36,36,"An electric current can produce a heating effect and a magnetic effect.  Which row shows the effect that a relay uses, together with one application of a relay?   effect used by a relay one application of a relay 
A heating effect allowing a small current to switch on a large current 
B heating effect changing the voltage of an alternating current 
C magnetic effect allowing a small current to switch on a large current 
D magnetic effect changing the voltage of an alternating current 
",0625_s13_qp_13
0625_s13_qp_13_37,37,"In a cathode-ray tube, particles are fired at a screen.  What are these particles? A α-particles B electrons C neutrons D protons    1 © UCLES 2013 0625/13/M/J/13 [Turn over",0625_s13_qp_13
0625_s13_qp_13_38,38,"The diagram shows an experiment to demonstrate electromagnetic induction.  
NSX
YA
wire
  X and Y are joined, in turn, by four wires, each made of a different material.  Each wire is then moved quickly downwards between the magnets.  Which material will not give rise to an induced current in the wire? A aluminium B copper C iron D nylon ",0625_s13_qp_13
0625_s13_qp_13_39,39,"The diagram represents a carbon atom.  
+ + + 
+ + + 
+ – ––
––––key neutron proton electron 
  What is the nucleon number (mass number) for this atom? A 6 B 8 C 14 D 20       
Permission to reproduce items where thir d-party owned material protected by copyright is included has been sought and cleared w here possible. Every reasonable effort has been made by the publisher (UCLES) to trace copyright holder s, but if any items requiring clearance have unwittingly been included, the publisher will be pleased to make amends at the earliest possible opportunity.  University of Cambridge International Examinations is part of t he Cambridge Assessment Group. Ca mbridge Assessment is the brand  name of University of Cambridge Local Examinations Syndicate (UCLES), which is itself a department of the University of Cambridge.  
© UCLES 2013 0625/13/M/J/13",0625_s13_qp_13
0625_s13_qp_13_40,40,"The graph shows how the count rate on a detector due to a radioactive source changes with time.  
480024000012345count ratecounts per minute
time
 / hours  What is the count rate at 5.0 hours? A 960 counts per minute B 600 counts per minute C 150 counts per minute D 0 counts per minute    ",0625_s13_qp_13
0625_s14_qp_11_01,1,"A student wishes to measure accurately the volume of approximately 40 cm3 of water. She has two measuring cylinders, a larger one that can hold 100
 cm3, and a smaller one that can hold 50
 cm3. The water forms a meniscus where it touches the glass.  
top ofmeniscusbottom ofmeniscus
  Which cylinder should the student use and which water level should she use to ensure an accurate result?   cylinder water level 
A larger one bottom of meniscus 
B larger one top of meniscus 
C smaller one bottom of meniscus 
D smaller one top of meniscus 
",0625_s14_qp_11
0625_s14_qp_11_02,2,"Which distance
 / time graph represents the motion of an object moving at constant speed?  
A00
distancetimeB00distancetime
C00distancetimeD00distancetime
     © UCLES 2014 0625/11/M/J/14 [Turn over",0625_s14_qp_11
0625_s14_qp_11_03,3,"The graph shows how the speed of a car changes with time.  
01402 4time
 / sspeedm
 / s
  Which calculation gives the distance travelled by the car in 24 seconds? A 
m2414 B 
m1424 C 
 m 21424    ×  D 
)(1424  × m ",0625_s14_qp_11
0625_s14_qp_11_04,4,Which instrument is used to compare the masses of objects? A a balance B a barometer C a manometer D a measuring cylinder ,0625_s14_qp_11
0625_s14_qp_11_05,5,"A liquid has a volume of 100
 cm3 and a mass of 85  g.   The density of water is 1.0
 g / cm3.  How does the density of the liquid compare with the density of water? A Its density is higher than that of water. B Its density is lower than that of water. C Its density is the same as that of water. D It is impossible to say with only this data.     © UCLES 2014 0625/11/M/J/14",0625_s14_qp_11
0625_s14_qp_11_06,6,"A plane lamina with centre of mass X touches the ground at point P.  Which diagram shows the lamina in equilibrium?  
PA
PB
P
CP
D
45°45°70°20°
X XX X
     © UCLES 2014 0625/11/M/J/14 [Turn over",0625_s14_qp_11
0625_s14_qp_11_07,7,"A student adds weights to an elastic cord. He measures the length of the cord for each weight.  He then plots a graph from the results, as shown.  
00weight  What has he plotted on the vertical axis? A measured length B original length C (measured length + original length) D (measured length – original length) ",0625_s14_qp_11
0625_s14_qp_11_08,8,Which energy transfer takes place when a matchstick burns? A chemical to thermal B chemical to nuclear C nuclear to chemical D thermal to chemical ,0625_s14_qp_11
0625_s14_qp_11_09,9,"Four cars are driven along a road.  The table shows the work done by the engine in  each car and the time taken by each car.  Which engine produces the most power?   work done by engine
 / J time taken / s 
A 50  000  B 50  000 40 
C 100  000  D 100  000 40 
    © UCLES 2014 0625/11/M/J/14",0625_s14_qp_11
0625_s14_qp_11_10,10,Which situation is an example of a force acting over a large area to produce a small pressure? A a builder hammering a nail into a piece of wood B a cook using a sharp knife to cut vegetables C a nurse pushing a needle into a patient’s arm D a soldier marching in flat-soled boots ,0625_s14_qp_11
0625_s14_qp_11_11,11,"A student places four identical beakers on a bench.  Two beakers contain salt water of density 1.1
 g / cm3 and two beakers contain pure water of density 1.0
 g / cm3.  Which beaker exerts the greatest pressure on the bench?  
AB CD150
 cm3
of saltwater 100 cm3
of purewater150  cm3
of purewater100  cm3
of saltwater
 ",0625_s14_qp_11
0625_s14_qp_11_12,12,"A student places his thumb firmly on the outlet of a bicycle pump, to stop the air coming out.  
direction of motion handle trapped air 
  What happens to the pressure and what happens to the volume of the trapped air as the pump handle is pushed in?   pressure volume 
A decreases decreases 
B decreases remains the same 
C increases decreases 
D increases remains the same 
    © UCLES 2014 0625/11/M/J/14 [Turn over",0625_s14_qp_11
0625_s14_qp_11_13,13,"During evaporation, molecules escape rapidly from the surface of a liquid.  What happens to the average energy of the molecules of the remaining liquid and what happens to the temperature of the remaining liquid?   average energy of remaining molecules temperature of remaining liquid 
A decreases decreases 
B decreases increases 
C stays the same decreases 
D stays the same increases 
",0625_s14_qp_11
0625_s14_qp_11_14,14,"A telephone engineer connects a wire between two poles when the weather is very cold. He makes the wire very loose. The wire passes over a road.  
pole polevery loose wire
  The weather changes and it becomes very hot.  What could happen to the wire and why?   what could happen why 
A it breaks it contracts 
B it breaks it expands 
C it sags and touches cars on the road it contracts 
D it sags and touches cars on the road it expands 
    © UCLES 2014 0625/11/M/J/14",0625_s14_qp_11
0625_s14_qp_11_15,15,"In an experiment, a thermometer is placed in a test-tube of hot liquid. The temperature of the liquid is recorded every half minute. The table shows the results.  time
 / minutes 0.0 0.5 1.0 1.5 2.0 2.5 3.0 3.5 4.0 4.5 5.0 5.5 6.0 6.5 7.0 7.5
temperature  / °C 73 65 59 55 55 55 51 48 45 42 40 38 36 35 34 3  What is the melting point of the substance? A 0
 °C B 33  °C C 55  °C D 73  °C ",0625_s14_qp_11
0625_s14_qp_11_16,16,Which statement about the transfer of thermal energy is correct? A All metals conduct thermal energy equally well. B Convection can only occur in solids or liquids. C Convection occurs in liquids because hot liquid is more dense than cold liquid. D The radiation that transfers thermal energy is a type of electromagnetic radiation. ,0625_s14_qp_11
0625_s14_qp_11_17,17,"The diagram shows a heater above a thermometer. The thermometer bulb is in the position shown.  
thermometer thermometer bulbairheater
  Which row shows how the heat energy from the heater reaches the thermometer bulb?   conduction convection radiation 
A yes yes no 
B yes no yes 
C no yes no 
D no no yes 
    © UCLES 2014 0625/11/M/J/14 [Turn over",0625_s14_qp_11
0625_s14_qp_11_18,18,"Scout P signals to scout Q on the other side of a valley by using a mirror to reflect the Sun’s rays.  
mirror scout P Sun’s rays scout Q 
  Which mirror position would allow the Sun’s rays to be reflected to scout Q?  
Sun’sraysSun’sraysSun’sraysSun’srays mirrorAB C D 
 ",0625_s14_qp_11
0625_s14_qp_11_19,19,"A small boat in a harbour is protected from waves on the sea by harbour walls.  
seasea land seasmallboat
harbourharbourwallswaves
  Some waves can curve round the harbour walls and reach the boat.  What is the name of this effect? A diffraction B dispersion C reflection D refraction     © UCLES 2014 0625/11/M/J/14",0625_s14_qp_11
0625_s14_qp_11_20,20,"Which list shows electromagnetic waves in order of increasing frequency? A visible light, X-rays, γ-rays B visible light, γ-rays, X-rays C X-rays, γ-rays, visible light D γ-rays, X-rays, visible light ",0625_s14_qp_11
0625_s14_qp_11_21,21,Which statement about a converging lens is not correct? A A ray parallel to the principal axis of the lens is refracted through the principal focus. B All rays of light refracted by the lens pass through the principal focus. C The distance between the centre of the lens and the principal focus is the focal length. D The principal focus of the lens is a point on the principal axis. ,0625_s14_qp_11
0625_s14_qp_11_22,22,"Rays of light enter and leave a box.  
ray 1ray 2 ray 1ray 2
  What could be inside the box to make the rays behave as shown? A a converging lens B a parallel-sided glass block C a plane mirror D a triangular prism ",0625_s14_qp_11
0625_s14_qp_11_23,23,"A boy blows a whistle that has a frequency of 10
 000  Hz. The boy’s friend cannot hear the sound from the whistle. The friend has normal hearing.  What could be a reason why he cannot hear the sound? A The amplitude is too large. B The amplitude is too small. C The frequency is too high. D The frequency is too low.    1 © UCLES 2014 0625/11/M/J/14 [Turn over",0625_s14_qp_11
0625_s14_qp_11_24,24,"A lighted candle is placed in front of a loudspeaker that is making a loud, steady note. The candle flame vibrates because of the sound wave.  
candle flameloudspeaker
  Which type of waves are sound waves and in which direction does the flame vibrate?   type of wave direction of vibration 
A longitudinal 
 
B transverse 
 
C longitudinal  
D transverse  
",0625_s14_qp_11
0625_s14_qp_11_25,25,"Two iron nails hang from a bar magnet.  Which diagram shows the magnetic poles induced in the nails?  
ANNNSSSBNSNSNSCNNSSSNDNSSSNN
barmagnet
    1 © UCLES 2014 0625/11/M/J/14",0625_s14_qp_11
0625_s14_qp_11_26,26,"A steel magnet is placed inside a coil of wire. There is a large alternating current in the coil. The magnet is slowly moved out of the coil to position P.  
steel magnet movedout of coil12
 V a.c.Pcoil of wire
  How has the steel changed, if at all, when it reaches position P? A It has become a stronger magnet. B It has become demagnetised. C The poles have changed ends. D There has been no change. ",0625_s14_qp_11
0625_s14_qp_11_27,27,"A plastic rod and a dry cloth are uncharged. The rod is now rubbed with the cloth and t hey both become charged. The rod becomes negatively charged because some charged part icles move from the cloth to the rod. What is the charge on the cloth and which particles moved in the charging process?  charge on cloth particles that moved 
A negative electrons 
B negative neutrons 
C positive electrons 
D positive neutrons 
   1 © UCLES 2014 0625/11/M/J/14 [Turn over",0625_s14_qp_11
0625_s14_qp_11_28,28,"The diagram shows an incomplete circuit.  
AXY
  Four wires of different length and thickness are connected in turn between point X and point Y. All four wires are made of the same metal.  Which wire will cause the greatest reading on the ammeter? A long and thick B long and thin C short and thick D short and thin ",0625_s14_qp_11
0625_s14_qp_11_29,29,"The diagram shows a circuit containing a battery, a lamp, a switch and another component X. The switch is initially closed and the lamp is lit. The switch is now opened and the lamp remains lit for several seconds before slowly going out.  
component X  What is component X? A a capacitor B a light-dependent resistor C a thermistor D a variable resistor    1 © UCLES 2014 0625/11/M/J/14",0625_s14_qp_11
0625_s14_qp_11_30,30,"The diagram shows a circuit containing three lamps and three switches S 1, S 2 and S 3.  
lamp 1lamp 2lamp 3S
1 S2
S3
  Lamp 1 and lamp 3 are lit, but lamp 2 is not lit. Which switch or switches is/are closed? A S
1 only B S
1 and S 2 C S
1 and S 3 D S
2 and S 3 ",0625_s14_qp_11
0625_s14_qp_11_31,31,"The diagram shows part of an electric circuit.  
12  V
0
 VV
  The light falling on the light-dependent resistor (LDR) increases in brightness.  What happens to the resistance of the LDR and what happens to the reading on the voltmeter?   resistance of LDR reading on voltmeter 
A decreases decreases 
B decreases increases 
C increases decreases 
D increases increases 
   1 © UCLES 2014 0625/11/M/J/14 [Turn over",0625_s14_qp_11
0625_s14_qp_11_32,32,"Which labelled component in the circuit shown controls the brightness of lamp X?  
V AB DCX
 ",0625_s14_qp_11
0625_s14_qp_11_33,33,"An appliance is connected to a mains supply. Its circuit also contains a switch and a fuse.  Which circuit shows the fuse in the correct position?  
liveneutralapplianceliveneutralappliance
liveneutral
applianceliveneutralapplianceABCD
    1 © UCLES 2014 0625/11/M/J/14",0625_s14_qp_11
0625_s14_qp_11_34,34,"An electric current is passed through a coil of wire.  
coil of wire  Which diagram shows the shape of the magnetic field produced in the middle of the coil?  
A B
CD
    1 © UCLES 2014 0625/11/M/J/14 [Turn over",0625_s14_qp_11
0625_s14_qp_11_35,35,"When a wire is moved upwards between the poles of a magnet, an electromotive force (e.m.f.) is induced across the ends of the wire.  
wire motionof wire
N S 
  Which device uses a moving wire to induce an e.m.f.? A a cathode-ray tube B a generator C a transformer D an electromagnet ",0625_s14_qp_11
0625_s14_qp_11_36,36,"An input voltage of 10
 V is supplied to the primary coil of a transformer. An output voltage of 40  V is produced across the secondary coil.  The 10
 V supply at the primary coil is now replaced with a 40  V supply.  What is the new output voltage across the secondary coil? A 10
 V B 40  V C 70  V D 160  V ",0625_s14_qp_11
0625_s14_qp_11_37,37,"A beam of cathode rays passes between two parallel metal plates connected to a high-voltage d.c. power supply.  Which path does the beam follow?  
+++
cathode rays DCBA+++metal plate
metal plate
    1 © UCLES 2014 0625/11/M/J/14",0625_s14_qp_11
0625_s14_qp_11_38,38,"The table shows the results of an experiment to find the half-life of a radioactive substance. time
 / s second/countssubstance from rate count 
0 150 
60 1 120 9 180 7 240 60 
 What is the half-life of the substance? A 60 seconds B 120 seconds C 180 seconds D 240 seconds ",0625_s14_qp_11
0625_s14_qp_11_39,39,"The diagram shows a box used for storing radioactive sources.  
  Which material is best for lining the box to prevent the escape of most radioactive emissions? A aluminium B copper C lead D steel ",0625_s14_qp_11
0625_s14_qp_11_40,40,"A lithium nucleus contains 3 protons and 4 neutrons.  What is its nuclide notation? A 
Li34 B Li43 C Li73 D Li74   1 © UCLES 2014 0625/11/M/J/14  BLANK PAGE     
Permission to reproduce items where third -party owned material protected by copyright is included has been sought and cleared w here possible. Every reasonable effort has been made by the publisher (UCLES) to t race copyright holders, but if any items requiring clearance have unwittingly been included, the publisher will be pleased to make amends at the earliest possible opportunity.  Cambridge International Examinations is part of the Cambridge Asse ssment Group. Cambridge Assessment is the brand name of Unive rsity of Cambridge Local Examinations Syndicate (UCLES), which is itself a department of the University of Cambridge.  
© UCLES 2014 0625/11/M/J/14  BLANK PAGE ",0625_s14_qp_11
0625_s14_qp_12_01,1,"The diagram shows part of a ruler. The ruler is used to find the length of a nail.  
0 1234cm  What is the length of the nail? A 2.2
 cm B 2.7  cm C 3.2  cm D 3.7  cm ",0625_s14_qp_12
0625_s14_qp_12_02,2,"Which distance
 / time graph represents the motion of an object moving at constant speed?  
A00
distancetimeB00distancetime
C00distancetimeD00distancetime
 ",0625_s14_qp_12
0625_s14_qp_12_03,3,"A car takes 15 minutes to travel along a road that is 20 km long. What is the average speed of the car? A 0.75
 km  / h B 5.0  km  / h C 80  km  / h D 300  km  / h     © UCLES 2014 0625/12/M/J/14 [Turn over",0625_s14_qp_12
0625_s14_qp_12_04,4,"A customer goes to a market and buys some rice. The stallholder pours rice into a dish that hangs from a spring balance. He records the reading on the spring balance.  
0 1 2 3 4 5 6 spring balance 
rice 
dish   The customer then buys some pasta and the stallholder notices that the reading on the spring balance, with just pasta in the dish, is the same as it was with just rice in the dish.  The rice and the pasta must have the same A density. B temperature. C volume. D weight. ",0625_s14_qp_12
0625_s14_qp_12_05,5,"The table gives the volumes and masses of four objects.  Which object has the greatest density?   mass
 / g volume  / cm A 5.4 2.0 
B 13 3.0 
C 15 6.0 
D 18 5.0 
    © UCLES 2014 0625/12/M/J/14",0625_s14_qp_12
0625_s14_qp_12_06,6,"A wooden bar is pivoted at its centre so that it can rotate freely. Two equal forces F are applied to the bar.  In which diagram is the turning effect greatest?  
FFAFFBF
F
Cpivot DFFpivot
     © UCLES 2014 0625/12/M/J/14 [Turn over",0625_s14_qp_12
0625_s14_qp_12_07,7,"A student adds weights to an elastic cord. He measures the length of the cord for each weight.  He then plots a graph from the results, as shown.  
00weight  What has he plotted on the vertical axis? A measured length B original length C (measured length + original length) D (measured length – original length) ",0625_s14_qp_12
0625_s14_qp_12_08,8,"In a hydroelectric power station, one form of energy is stored in a lake or reservoir. This energy is then transferred in stages to another useful form, which is the output.  Which row gives the name of the stored energy and the name of the output energy?   stored energy output energy 
A electrical thermal (heat) 
B electrical kinetic 
C gravitational electrical 
D kinetic electrical 
",0625_s14_qp_12
0625_s14_qp_12_09,9,A certain machine is very efficient. What does this mean? A It produces a large amount of power. B It uses very little energy. C It wastes very little energy. D It works very quickly.     © UCLES 2014 0625/12/M/J/14,0625_s14_qp_12
0625_s14_qp_12_10,10,"The diagram shows a simple mercury barometer.  
P
Q
mercury
  Atmospheric pressure decreases.  What happens to the level of the mercury at P and what happens to the level of the mercury at Q?   P Q 
A falls falls 
B falls rises 
C rises falls 
D rises rises 
",0625_s14_qp_12
0625_s14_qp_12_11,11,"A student places four identical beakers on a bench.  Two beakers contain salt water of density 1.1
 g / cm3 and two beakers contain pure water of density 1.0
 g / cm3.  Which beaker exerts the greatest pressure on the bench?  
AB CD150
 cm3
of saltwater 100 cm3
of purewater150  cm3
of purewater100  cm3
of saltwater
     © UCLES 2014 0625/12/M/J/14 [Turn over",0625_s14_qp_12
0625_s14_qp_12_12,12,"A student places his thumb firmly on the outlet of a bicycle pump, to stop the air coming out.  
direction of motion handle trapped air 
  What happens to the pressure and what happens to  the volume of the trapped air as the pump handle is pushed in?   pressure volume 
A decreases decreases 
B decreases remains the same 
C increases decreases 
D increases remains the same 
",0625_s14_qp_12
0625_s14_qp_12_13,13,"The diagram represents molecules of gas moving in a container.  
  What happens to the gas molecules when the temperature of the gas increases? A They move more quickly. B They move more slowly. C They vibrate more quickly. D They vibrate more slowly. ",0625_s14_qp_12
0625_s14_qp_12_14,14,"A liquid-in-glass thermometer is marked with a scale in °C.  
– 1 00 1 02 03 04 05 06 07 08 09 0 1 0 0 1 1 0 °C  What is the temperature difference between the two fixed points for this thermometer? A  40°C B 50°C C 100°C D 120°C    © UCLES 2014 0625/12/M/J/14",0625_s14_qp_12
0625_s14_qp_12_15,15,Which statement gives the thermal capacity of a solid body? A the energy needed to melt the body without a change in temperature B the energy per degree Celsius needed to  raise the temperature of the body C the increase in the volume of the body when its temperature is raised by one degree Celsius D the total amount of internal energy in the body ,0625_s14_qp_12
0625_s14_qp_12_16,16,"In an experiment, a thermometer is placed in a test-tube of hot liquid. The temperature of the liquid is recorded every half minute. The table shows the results.  time
 / minutes 0.0 0.5 1.0 1.5 2.0 2.5 3.0 3.5 4.0 4.5 5.0 5.5 6.0 6.5 7.0 7.5
temperature  / °C 73 65 59 55 55 55 51 48 45 42 40 38 36 35 34 3  What is the melting point of the substance? A 0
 °C B 33  °C C 55  °C D 73  °C ",0625_s14_qp_12
0625_s14_qp_12_17,17,"The diagram shows an air-conditioning unit on the wall of a room. The unit draws in warm air from the room and releases cold air into the room.  
air-conditioningunit
  What happens to the cold air and why?  cold air why? 
A falls it is less dense than warm air 
B falls it is more dense than warm air 
C rises it is less dense than warm air 
D rises it is more dense than warm air 
    © UCLES 2014 0625/12/M/J/14 [Turn over",0625_s14_qp_12
0625_s14_qp_12_18,18,Which statement about thermal radiation is correct? A It can only occur in a vacuum. B It involves movement of electrons through a material. C It involves movement of atoms. D It is infra-red radiation. ,0625_s14_qp_12
0625_s14_qp_12_19,19,"Scout P signals to scout Q on the other side of a valley by using a mirror to reflect the Sun’s rays.  
mirror scout P Sun’s rays scout Q 
  Which mirror position would allow the Sun’s rays to be reflected to scout Q?  
Sun’sraysSun’sraysSun’sraysSun’srays mirrorAB C D 
     © UCLES 2014 0625/12/M/J/14",0625_s14_qp_12
0625_s14_qp_12_20,20,"A small boat in a harbour is protected from waves on the sea by harbour walls.  
seasea land seasmallboat
harbourharbourwallswaves
  Some waves can curve round the harbour walls and reach the boat.  What is the name of this effect? A diffraction B dispersion C reflection D refraction ",0625_s14_qp_12
0625_s14_qp_12_21,21,Which statement about ultraviolet waves is correct? A They are used in television remote controllers. B They can be detected by the human eye. C They travel as longitudinal waves. D They have the same speed in a vacuum as radio waves.    1 © UCLES 2014 0625/12/M/J/14 [Turn over,0625_s14_qp_12
0625_s14_qp_12_22,22,"A boy wears a shirt with a letter F on the front. He stands in front of a plane mirror.  
mirro r
  What does he see in the mirror?  
ABCD
 ",0625_s14_qp_12
0625_s14_qp_12_23,23,"Rays of light enter and leave a box.  
ray 1ray 2 ray 1ray 2
  What could be inside the box to make the rays behave as shown? A a converging lens B a parallel-sided glass block C a plane mirror D a triangular prism    1 © UCLES 2014 0625/12/M/J/14",0625_s14_qp_12
0625_s14_qp_12_24,24,"The diagrams show the wave patterns of four sounds shown on a cathode-ray oscilloscope (c.r.o.). The oscilloscope controls are set the same for each sound.  Which sound has the highest pitch?  
AB
CD
 ",0625_s14_qp_12
0625_s14_qp_12_25,25,"A lighted candle is placed in front of a loudspeaker that is making a loud, steady note. The candle flame vibrates because of the sound wave.  
candle flameloudspeaker
  Which type of waves are sound waves and in which direction does the flame vibrate?   type of wave direction of vibration 
A longitudinal 
 
B transverse 
 
C longitudinal  
D transverse  
   1 © UCLES 2014 0625/12/M/J/14 [Turn over",0625_s14_qp_12
0625_s14_qp_12_26,26,"Which row correctly shows whether copper and steel are ferrous or non-ferrous?   copper steel 
A ferrous ferrous 
B ferrous non-ferrous 
C non-ferrous ferrous 
D non-ferrous non-ferrous 
",0625_s14_qp_12
0625_s14_qp_12_27,27,"A steel magnet is placed inside a coil of wire. There is a large alternating current in the coil. The magnet is slowly moved out of the coil to position P.  
steel magnet movedout of coil12
 V a.c.Pcoil of wire
  How has the steel changed, if at all, when it reaches position P? A It has become a stronger magnet. B It has become demagnetised. C The poles have changed ends. D There has been no change.    1 © UCLES 2014 0625/12/M/J/14",0625_s14_qp_12
0625_s14_qp_12_28,28,"Two balloons, X and Y, are suspended by insu lating threads. They are each held near a negatively charged balloon. The balloons hang as shown.  
––
––––––––––insulatingthreads
X––––––––––––insulatingthreads
Y
  What is the charge on balloon X and what is the charge on balloon Y?   balloon X balloon Y 
A negative negative 
B negative positive 
C positive negative 
D positive positive 
",0625_s14_qp_12
0625_s14_qp_12_29,29,"Which quantities is a voltmeter used to measure? A current and e.m.f. only B current and p.d. only C e.m.f. and p.d. only D e.m.f., current and p.d ",0625_s14_qp_12
0625_s14_qp_12_30,30,"The diagram shows a lamp and a resistor connected in a circuit. The lamp is too bright.  
  Which change to the circuit will decrease the current in the lamp and make it less bright? A connecting another resistor in parallel with the one in the circuit B connecting another resistor in series with the one in the circuit C exchanging the positions of the lamp and the resistor in the circuit D increasing the e.m.f. of the battery in the circuit    1 © UCLES 2014 0625/12/M/J/14 [Turn over",0625_s14_qp_12
0625_s14_qp_12_31,31,Which statement is not correct for lamps connected in parallel? A They can be switched on and off separately. B They will remain bright if another lamp is connected in parallel. C They share the supply voltage equally between them. D They still operate if one lamp is removed. ,0625_s14_qp_12
0625_s14_qp_12_32,32,"A student connects a circuit using an uncharged capacitor C, with a large capacitance, and a resistor R, with a high resistance.   The switch is closed. The reading on the voltmeter P rises immediately to a maximum value, then starts to fall gradually. 
VVRPQC
  What happens to the reading on the voltmeter Q and what happens to the energy stored in the capacitor?   reading on voltmeter Q energy stored in capacitor 
A falls decreases 
B falls increases 
C rises decreases 
D rises increases 
   1 © UCLES 2014 0625/12/M/J/14",0625_s14_qp_12
0625_s14_qp_12_33,33,"Which labelled component in the circuit shown controls the brightness of lamp X?  
V AB DCX
 ",0625_s14_qp_12
0625_s14_qp_12_34,34,"In the circuit shown, the current from the battery divides equally between the two lamps. Each ammeter reads 6.0
 A.  
A A
  What is a suitable rating for the fuse in this circuit? A 3.0
 A B 6.0  A C 10.0  A D 13.0  A    1 © UCLES 2014 0625/12/M/J/14 [Turn over",0625_s14_qp_12
0625_s14_qp_12_35,35,"A metal wire is placed between the poles of a magnet.  The wire can be moved in each of three directions OP, QR and ST.  
RTQS
S pole N pole OP metal wire
  In which direction or directions must the wire be moved to induce an e.m.f. across the ends of the wire?  A OP only B OP or ST C QR D ST only ",0625_s14_qp_12
0625_s14_qp_12_36,36,"A transformer has 100 turns on its primary coil and 25 turns on its secondary coil. The primary coil is connected to a 12
 V a.c. supply.  
100turnsprimary coil12
 Vsecondary coil25turns
  What is the voltage induced across the secondary coil? A 3.0
 V B 4.0  V C 48  V D 300  V    1 © UCLES 2014 0625/12/M/J/14",0625_s14_qp_12
0625_s14_qp_12_37,37,"A beam of cathode rays passes between two parallel metal plates connected to a high-voltage d.c. power supply.  Which path does the beam follow?  
+++
cathode rays DCBA+++metal plate
metal plate
 ",0625_s14_qp_12
0625_s14_qp_12_38,38,"Compared with β-particles and γ-rays, α-particles A are the only type of radiation to carry a charge. B have the greatest ionising effect. C have the greatest penetrating effect. D have the smallest mass. ",0625_s14_qp_12
0625_s14_qp_12_39,39,"The diagram shows a box used for storing radioactive sources.  
  Which material is best for lining the box to prevent the escape of most radioactive emissions? A aluminium B copper C lead D steel    1 © UCLES 2014 0625/12/M/J/14",0625_s14_qp_12
0625_s14_qp_12_40,40,"A particular nuclide of chlorine can be represented by the symbol shown.  
lC3717  How many electrons are there in a neutral atom of this nuclide? A 17 B 20 C 37 D 54       
Permission to reproduce items where thir d-party owned material protected by copyright is included has been sought and cleared w here possible. Every reasonable effort has been made by the publisher (UCLES) to trace copyright holder s, but if any items requiring clearance have unwittingly been included, the publisher will be pleased to make amends at the earliest possible opportunity.  Cambridge International Examinations is part of the Cambridge Asse ssment Group. Cambridge Assessment is the brand name of Unive rsity of Cambridge Local Examinations Syndicate (UCLES), which is itself a department of the University of Cambridge.  
© UCLES 2014 0625/12/M/J/14  BLANK PAGE ",0625_s14_qp_12
0625_s14_qp_13_01,1,Which instrument is used to compare the masses of objects? A a balance B a barometer C a manometer D a measuring cylinder ,0625_s14_qp_13
0625_s14_qp_13_02,2,"The graph shows how the speed of a car changes with time.  
01402 4time
 / sspeedm
 / s
  Which calculation gives the distance travelled by the car in 24 seconds? A 
m2414 B 
m1424 C 
 m 21424    ×  D 
)(1424  × m     © UCLES 2014 0625/13/M/J/14 [Turn over",0625_s14_qp_13
0625_s14_qp_13_03,3,"Which distance  / time graph represents the motion of an object moving at constant speed?  
A00
distancetimeB00distancetime
C00distancetimeD00distancetime
 ",0625_s14_qp_13
0625_s14_qp_13_04,4,"A student wishes to measure accurately the volume of approximately 40 cm
3 of water. She has two measuring cylinders, a larger one that can hold 100
 cm3, and a smaller one that can hold 50
 cm3. The water forms a meniscus where it touches the glass.  
top ofmeniscusbottom ofmeniscus
  Which cylinder should the student use and which water level should she use to ensure an accurate result?   cylinder water level 
A larger one bottom of meniscus 
B larger one top of meniscus 
C smaller one bottom of meniscus 
D smaller one top of meniscus 
    © UCLES 2014 0625/13/M/J/14",0625_s14_qp_13
0625_s14_qp_13_05,5,"A student adds weights to an elastic cord. He measures the length of the cord for each weight.  He then plots a graph from the results, as shown.  
00weight  What has he plotted on the vertical axis? A measured length B original length C (measured length + original length) D (measured length – original length) ",0625_s14_qp_13
0625_s14_qp_13_06,6,"A liquid has a volume of 100
 cm3 and a mass of 85  g.   The density of water is 1.0
 g / cm3.  How does the density of the liquid compare with the density of water? A Its density is higher than that of water. B Its density is lower than that of water. C Its density is the same as that of water. D It is impossible to say with only this data. ",0625_s14_qp_13
0625_s14_qp_13_07,7,Which situation is an example of a force acting over a large area to produce a small pressure? A a builder hammering a nail into a piece of wood B a cook using a sharp knife to cut vegetables C a nurse pushing a needle into a patient’s arm D a soldier marching in flat-soled boots     © UCLES 2014 0625/13/M/J/14 [Turn over,0625_s14_qp_13
0625_s14_qp_13_08,8,"A student places four identical beakers on a bench.  Two beakers contain salt water of density 1.1
 g / cm3 and two beakers contain pure water of density 1.0
 g / cm3.  Which beaker exerts the greatest pressure on the bench?  
AB CD150
 cm3
of saltwater 100 cm3
of purewater150  cm3
of purewater100  cm3
of saltwater
 ",0625_s14_qp_13
0625_s14_qp_13_09,9,"A plane lamina with centre of mass X touches the ground at point P.  Which diagram shows the lamina in equilibrium?  
PA
PB
P
CP
D
45°45°70°20°
X XX X
     © UCLES 2014 0625/13/M/J/14",0625_s14_qp_13
0625_s14_qp_13_10,10,"Four cars are driven along a road.  The table shows the work done by the engine in  each car and the time taken by each car.  Which engine produces the most power?   work done by engine
 / J time taken / s 
A 50  000  B 50  000 40 
C 100  000  D 100  000 40 
",0625_s14_qp_13
0625_s14_qp_13_11,11,Which energy transfer takes place when a matchstick burns? A chemical to thermal B chemical to nuclear C nuclear to chemical D thermal to chemical ,0625_s14_qp_13
0625_s14_qp_13_12,12,"The diagram shows a heater above a thermometer. The thermometer bulb is in the position shown.  
thermometer thermometer bulbairheater
  Which row shows how the heat energy from the heater reaches the thermometer bulb?   conduction convection radiation 
A yes yes no 
B yes no yes 
C no yes no 
D no no yes 
    © UCLES 2014 0625/13/M/J/14 [Turn over",0625_s14_qp_13
0625_s14_qp_13_13,13,Which statement about the transfer of thermal energy is correct? A All metals conduct thermal energy equally well. B Convection can only occur in solids or liquids. C Convection occurs in liquids because hot liquid is more dense than cold liquid. D The radiation that transfers thermal energy is a type of electromagnetic radiation. ,0625_s14_qp_13
0625_s14_qp_13_14,14,"In an experiment, a thermometer is placed in a test-tube of hot liquid. The temperature of the liquid is recorded every half minute. The table shows the results.  time
 / minutes 0.0 0.5 1.0 1.5 2.0 2.5 3.0 3.5 4.0 4.5 5.0 5.5 6.0 6.5 7.0 7.5
temperature  / °C 73 65 59 55 55 55 51 48 45 42 40 38 36 35 34 3  What is the melting point of the substance? A 0
 °C B 33  °C C 55  °C D 73  °C ",0625_s14_qp_13
0625_s14_qp_13_15,15,"A telephone engineer connects a wire between two poles when the weather is very cold. He makes the wire very loose. The wire passes over a road.  
pole polevery loose wire
  The weather changes and it becomes very hot.  What could happen to the wire and why?   what could happen why 
A it breaks it contracts 
B it breaks it expands 
C it sags and touches cars on the road it contracts 
D it sags and touches cars on the road it expands 
    © UCLES 2014 0625/13/M/J/14",0625_s14_qp_13
0625_s14_qp_13_16,16,"During evaporation, molecules escape rapidly from the surface of a liquid.  What happens to the average energy of the molecules of the remaining liquid and what happens to the temperature of the remaining liquid?   average energy of remaining molecules temperature of remaining liquid 
A decreases decreases 
B decreases increases 
C stays the same decreases 
D stays the same increases 
",0625_s14_qp_13
0625_s14_qp_13_17,17,"A student places his thumb firmly on the outlet of a bicycle pump, to stop the air coming out.  
direction of motion handle trapped air 
  What happens to the pressure and what happens to  the volume of the trapped air as the pump handle is pushed in?   pressure volume 
A decreases decreases 
B decreases remains the same 
C increases decreases 
D increases remains the same 
",0625_s14_qp_13
0625_s14_qp_13_18,18,"A boy blows a whistle that has a frequency of 10
 000  Hz. The boy’s friend cannot hear the sound from the whistle. The friend has normal hearing.  What could be a reason why he cannot hear the sound? A The amplitude is too large. B The amplitude is too small. C The frequency is too high. D The frequency is too low.     © UCLES 2014 0625/13/M/J/14 [Turn over",0625_s14_qp_13
0625_s14_qp_13_19,19,"A lighted candle is placed in front of a loudspeaker that is making a loud, steady note. The candle flame vibrates because of the sound wave.  
candle flameloudspeaker
  Which type of waves are sound waves and in which direction does the flame vibrate?   type of wave direction of vibration 
A longitudinal 
 
B transverse 
 
C longitudinal  
D transverse  
",0625_s14_qp_13
0625_s14_qp_13_20,20,"Which list shows electromagnetic waves in order of increasing frequency? A visible light, X-rays, γ-rays B visible light, γ-rays, X-rays C X-rays, γ-rays, visible light D γ-rays, X-rays, visible light     © UCLES 2014 0625/13/M/J/14",0625_s14_qp_13
0625_s14_qp_13_21,21,"A small boat in a harbour is protected from waves on the sea by harbour walls.  
seasea land seasmallboat
harbourharbourwallswaves
  Some waves can curve round the harbour walls and reach the boat.  What is the name of this effect? A diffraction B dispersion C reflection D refraction ",0625_s14_qp_13
0625_s14_qp_13_22,22,"Scout P signals to scout Q on the other side of a valley by using a mirror to reflect the Sun’s rays.  
mirror scout P Sun’s rays scout Q 
  Which mirror position would allow the Sun’s rays to be reflected to scout Q?  
Sun’sraysSun’sraysSun’sraysSun’srays mirrorAB C D 
    1 © UCLES 2014 0625/13/M/J/14 [Turn over",0625_s14_qp_13
0625_s14_qp_13_23,23,Which statement about a converging lens is not correct? A A ray parallel to the principal axis of the lens is refracted through the principal focus. B All rays of light refracted by the lens pass through the principal focus. C The distance between the centre of the lens and the principal focus is the focal length. D The principal focus of the lens is a point on the principal axis. ,0625_s14_qp_13
0625_s14_qp_13_24,24,"Rays of light enter and leave a box.  
ray 1ray 2 ray 1ray 2
  What could be inside the box to make the rays behave as shown? A a converging lens B a parallel-sided glass block C a plane mirror D a triangular prism ",0625_s14_qp_13
0625_s14_qp_13_25,25,"A plastic rod and a dry cloth are uncharged. The rod is now rubbed with the cloth and t hey both become charged. The rod becomes negatively charged because some charged part icles move from the cloth to the rod. What is the charge on the cloth and which particles moved in the charging process?  charge on cloth particles that moved 
A negative electrons 
B negative neutrons 
C positive electrons 
D positive neutrons 
   1 © UCLES 2014 0625/13/M/J/14",0625_s14_qp_13
0625_s14_qp_13_26,26,"The diagram shows a circuit containing three lamps and three switches S 1, S 2 and S 3.  
lamp 1lamp 2lamp 3S
1 S2
S3
  Lamp 1 and lamp 3 are lit, but lamp 2 is not lit. Which switch or switches is/are closed? A S
1 only B S
1 and S 2 C S
1 and S 3 D S
2 and S 3 ",0625_s14_qp_13
0625_s14_qp_13_27,27,"Which labelled component in the circuit shown controls the brightness of lamp X?  
V AB DCX
    1 © UCLES 2014 0625/13/M/J/14 [Turn over",0625_s14_qp_13
0625_s14_qp_13_28,28,"The diagram shows part of an electric circuit.  
12  V
0
 VV
  The light falling on the light-dependent resistor (LDR) increases in brightness.  What happens to the resistance of the LDR and what happens to the reading on the voltmeter?   resistance of LDR reading on voltmeter 
A decreases decreases 
B decreases increases 
C increases decreases 
D increases increases 
",0625_s14_qp_13
0625_s14_qp_13_29,29,"The diagram shows an incomplete circuit.  
AXY
  Four wires of different length and thickness are connected in turn between point X and point Y. All four wires are made of the same metal.  Which wire will cause the greatest reading on the ammeter? A long and thick B long and thin C short and thick D short and thin    1 © UCLES 2014 0625/13/M/J/14",0625_s14_qp_13
0625_s14_qp_13_30,30,"The diagram shows a circuit containing a battery, a lamp, a switch and another component X. The switch is initially closed and the lamp is lit. The switch is now opened and the lamp remains lit for several seconds before slowly going out.  
component X  What is component X? A a capacitor B a light-dependent resistor C a thermistor D a variable resistor ",0625_s14_qp_13
0625_s14_qp_13_31,31,"An appliance is connected to a mains supply. Its circuit also contains a switch and a fuse.  Which circuit shows the fuse in the correct position?  
liveneutralapplianceliveneutralappliance
liveneutral
applianceliveneutralapplianceABCD
    1 © UCLES 2014 0625/13/M/J/14 [Turn over",0625_s14_qp_13
0625_s14_qp_13_32,32,"Two iron nails hang from a bar magnet.  Which diagram shows the magnetic poles induced in the nails?  
ANNNSSSBNSNSNSCNNSSSNDNSSSNN
barmagnet
 ",0625_s14_qp_13
0625_s14_qp_13_33,33,"A steel magnet is placed inside a coil of wire. There is a large alternating current in the coil. The magnet is slowly moved out of the coil to position P.  
steel magnet movedout of coil12
 V a.c.Pcoil of wire
  How has the steel changed, if at all, when it reaches position P? A It has become a stronger magnet. B It has become demagnetised. C The poles have changed ends. D There has been no change.    1 © UCLES 2014 0625/13/M/J/14",0625_s14_qp_13
0625_s14_qp_13_34,34,"When a wire is moved upwards between the poles of a magnet, an electromotive force (e.m.f.) is induced across the ends of the wire.  
wire motionof wire
N S 
  Which device uses a moving wire to induce an e.m.f.? A a cathode-ray tube B a generator C a transformer D an electromagnet    1 © UCLES 2014 0625/13/M/J/14 [Turn over",0625_s14_qp_13
0625_s14_qp_13_35,35,"An electric current is passed through a coil of wire.  
coil of wire  Which diagram shows the shape of the magnetic field produced in the middle of the coil?  
A B
CD
 ",0625_s14_qp_13
0625_s14_qp_13_36,36,"An input voltage of 10
 V is supplied to the primary coil of a transformer. An output voltage of 40  V is produced across the secondary coil.  The 10
 V supply at the primary coil is now replaced with a 40  V supply.  What is the new output voltage across the secondary coil? A 10
 V B 40  V C 70  V D 160  V ",0625_s14_qp_13
0625_s14_qp_13_37,37,"A lithium nucleus contains 3 protons and 4 neutrons.  What is its nuclide notation? A 
Li34 B Li43 C Li73 D Li74    1 © UCLES 2014 0625/13/M/J/14",0625_s14_qp_13
0625_s14_qp_13_38,38,"The diagram shows a box used for storing radioactive sources.  
  Which material is best for lining the box to prevent the escape of most radioactive emissions? A aluminium B copper C lead D steel ",0625_s14_qp_13
0625_s14_qp_13_39,39,"The table shows the results of an experiment to find the half-life of a radioactive substance. time
 / s second/countssubstance from rate count 
0 150 
60 1 120 9 180 7 240 60 
 What is the half-life of the substance? A 60 seconds B 120 seconds C 180 seconds D 240 seconds    1 © UCLES 2014 0625/13/M/J/14",0625_s14_qp_13
0625_s14_qp_13_40,40,"A beam of cathode rays passes between two parallel metal plates connected to a high-voltage d.c. power supply.  Which path does the beam follow?  
+++
cathode rays DCBA+++metal plate
metal plate
       
Permission to reproduce items where thir d-party owned material protected by copyright is included has been sought and cleared w here possible. Every reasonable effort has been made by the publisher (UCLES) to trace copyright holder s, but if any items requiring clearance have unwittingly been included, the publisher will be pleased to make amends at the earliest possible opportunity.  Cambridge International Examinations is part of the Cambridge Asse ssment Group. Cambridge Assessment is the brand name of Unive rsity of Cambridge Local Examinations Syndicate (UCLES), which is itself a department of the University of Cambridge.  
© UCLES 2014 0625/13/M/J/14  BLANK PAGE ",0625_s14_qp_13
0625_s15_qp_11_01,1,"A geologist compares the volumes of three rocks, X, Y and Z. Three measuring cylinders contain different volumes of water. He places each rock into one of the measuring cylinders.  The diagrams show the measuring cylinders before and after the rocks are put in.  
100908070605040302010100908070605040302010to find thevolume of X
before after cm3cm3
100908070605040302010100908070605040302010to find thevolume of Y
before after cm3cm3
100908070605040302010100908070605040302010to find thevolume of Z
before after cm3cm3
XY Z
  Which row shows the volumes of X, Y and Z in order, from largest to smallest?   largest volume 
 smallest volume 
A X Z Y 
B Y X Z 
C Y Z X 
D Z Y X 
    © UCLES 2015 0625/11/M/J/15 [Turn over",0625_s15_qp_11
0625_s15_qp_11_02,2,"A car moves with constant speed and then constant acceleration.  Which graph is the speed-time graph for the car?  
speedtimeA00speedtimeB00speedtimeC00speedtimeD00
 ",0625_s15_qp_11
0625_s15_qp_11_03,3,"A car travels 100
 km. The journey takes two hours. The highest speed of the car is 80  km  / h, and the lowest speed is 40
 km  / h.  What is the average speed for the journey? A 40
 km  / h B 50  km  / h C 60  km  / h D 120  km  / h ",0625_s15_qp_11
0625_s15_qp_11_04,4,"Diagram 1 shows a piece of foam rubber that contains many pockets of air. Diagram 2 shows the same piece of foam rubber after it has been compressed so that its volume decreases.  
diagram 1(before compression) diagram 2(after compression)
   What happens to the mass and to the weight of the foam rubber when it is compressed?   mass weight 
A increases increases 
B increases no change 
C no change increases 
D no change no change 
    © UCLES 2015 0625/11/M/J/15",0625_s15_qp_11
0625_s15_qp_11_05,5,"A metal block has the dimensions shown. Its mass is 1000  g.  
2 cm10 cm5 cm
  What is the density of the metal? A 
××2  100010  5g / cm3 B 
××100010",0625_s15_qp_11
0625_s15_qp_11_06,6,"Four objects are each acted on by only two forces, as shown.  Which object is in equilibrium?  
A B3.0
 N2.0
 N4.0  N4.0
 N1.0  N2.0
 N2.0  N2.0
 NC D
     © UCLES 2015 0625/11/M/J/15 [Turn over",0625_s15_qp_11
0625_s15_qp_11_07,7,"A student measures the length of a spring. She then hangs different weights from the spring. She measures the length of the spring for each different weight.  The table shows her results.  weight
 / N length  / mm 
0 5 1.0 52 2.0 52 3.0 53 4.0 53 5.0 540 
 What is the extension of the spring when the weight hung from it is 3.0
 N? A 4
 mm B 5  mm C 12  mm D 13  mm ",0625_s15_qp_11
0625_s15_qp_11_08,8,Which energy resource is used to generate electricity without using any moving parts? A geothermal B hydroelectric C nuclear D solar ,0625_s15_qp_11
0625_s15_qp_11_09,9,"A cyclist travels down a hill from rest at point X, without pedalling.  The cyclist applies his brakes and the cycle stops at point Y.  
XY hill
  Which energy changes have taken place between X and Y? A gravitational potential → kinetic → thermal (heat) B gravitational potential → thermal (heat) → kinetic C kinetic → gravitational potential → thermal (heat) D kinetic → thermal (heat) → gravitational potential     © UCLES 2015 0625/11/M/J/15",0625_s15_qp_11
0625_s15_qp_11_10,10,"The diagram shows a simple mercury barometer.  Which height is used as a measurement of atmospheric pressure?  
DCBA mercury
 ",0625_s15_qp_11
0625_s15_qp_11_11,11,"A block with flat, rectangular sides rests on a table.  
block
table
  The block is now turned so that it rests with its largest side on the table.  
  How has this change affected the force and the pre ssure exerted by the block on the table?   force pressure 
A decreased decreased 
B decreased unchanged 
C unchanged decreased 
D unchanged unchanged 
    © UCLES 2015 0625/11/M/J/15 [Turn over",0625_s15_qp_11
0625_s15_qp_11_12,12,"Two states of matter are described as follows. In state 1, the molecules are very far apart. They move about very quickly at random in straight lines until they hit something. In state 2, the molecules are quite closely packed together. They move about at random. They do not have fixed positions.  What is state 1 and what is state 2?  state 1 state  A gas liquid 
B gas solid 
C liquid gas 
D solid liquid 
",0625_s15_qp_11
0625_s15_qp_11_13,13,"The pressure of a fixed mass of gas in a cylinder is measured. The temperature of the gas in the cylinder is then slowly increased. The volume of the cylinder does not change.  Which graph shows the pressure of the gas during this process?  
pressuretimeA
00pressuretimeB
pressuretimeC pressuretimeD
0000
00
     © UCLES 2015 0625/11/M/J/15",0625_s15_qp_11
0625_s15_qp_11_14,14,"The thermometer in the diagram has no scale.  
bulb stem
  Where must the bulb be placed so that 0
 °C can be marked on the stem? A in a freezer B in pure boiling water C in pure cold water D in pure melting ice ",0625_s15_qp_11
0625_s15_qp_11_15,15,"A solid is heated from room temperature.  The graph shows how its temperature changes with time as it is heated constantly.  At which time has it just become completely liquid?  
00AB C Droom temperaturetemperature
time
     © UCLES 2015 0625/11/M/J/15 [Turn over",0625_s15_qp_11
0625_s15_qp_11_16,16,Thermal energy travels through space from the Sun to the Earth. Space is a vacuum.  How is thermal energy transferred from the Sun to the Earth? A by conduction only B by convection only C by radiation only D by convection and radiation ,0625_s15_qp_11
0625_s15_qp_11_17,17,"A cupboard is placed in front of a heater. Air can move through a gap under the cupboard.  
wall
floor
heater cupboardair moves through gap
  Which row describes the temperature, and the direction of movement, of the air in the gap?   air temperature air direction 
A cool away from the heater 
B cool towards the heater 
C warm away from the heater 
D warm towards the heater 
",0625_s15_qp_11
0625_s15_qp_11_18,18,What is the number of wavefronts per second that pass a fixed point? A the amplitude of the wave B the frequency of the wave C the speed of the wave D the wavelength of the wave     © UCLES 2015 0625/11/M/J/15,0625_s15_qp_11
0625_s15_qp_11_19,19,"The diagrams represent water waves in a tank.  Which diagram represents a wave that changes speed?  
DdeeperwatershallowerwaterA
barrierB
barrierC
barrier
 ",0625_s15_qp_11
0625_s15_qp_11_20,20,"The diagram shows the electromagnetic spectrum, in order of increasing wavelength.  Three types of radiation, P, Q and R, are missing from the spectrum diagram.  γ-rays X-rays P visible light Q microwaves R 
 Which types of electromagnetic radiation are represented by P, by Q and by R?   P Q R 
A infra-red radio waves ultraviolet 
B infra-red ultraviolet radio waves 
C ultraviolet infra-red radio waves 
D ultraviolet radio waves infra-red 
",0625_s15_qp_11
0625_s15_qp_11_21,21,"Radiation from the Sun is dispersed by a prism. The prism does not absorb any of the radiation. Four identical thermometers are placed, one at each of the labelled positions.  In which position does the thermometer show the greatest rise in temperature?  
A BCDred light violet light radiation from the Sun prism
    1 © UCLES 2015 0625/11/M/J/15 [Turn over",0625_s15_qp_11
0625_s15_qp_11_22,22,"A scientist tries to direct a ray of light in a glass block so that no light escapes from the top of the block.   However, some light does escape.  
X glass block ray of light top of block light escapingfrom top of block
  The scientist changes angle X and stops the light escaping from the top.   Which row in the table describes the change to  angle X and the name of the effect produced?   change to angle X name of effect produced 
A decrease total internal reflection 
B decrease total internal refraction 
C increase total internal reflection 
D increase total internal refraction 
",0625_s15_qp_11
0625_s15_qp_11_23,23,"Which row states two properties of sound waves?   can travel through type of wave 
A a vacuum longitudinal 
B a vacuum transverse 
C water longitudinal  
D water transverse 
   1 © UCLES 2015 0625/11/M/J/15",0625_s15_qp_11
0625_s15_qp_11_24,24,"A man holding a starting pistol stands 640  m away from a spectator.  
640  m
spectator 
  The spectator hears the sound of the starting pistol 2.0
 s after seeing the flash from the pistol.  Using this information, what is the speed of sound in air? A 160
 m  / s B 320  m  / s C 640  m  / s D 1280  m  / s ",0625_s15_qp_11
0625_s15_qp_11_25,25,"A magnet is placed on a balance. The balance reading changes when an iron bar or another magnet is held close to the first magnet.  The arrangements are shown in the diagrams.  
g100diagram 1SN
gdiagram 2SN
gdiagram 3SNSNiron bar
  Which row gives the balance reading in diagram 2 and in diagram 3?   balance reading in diagram   / g balance reading in diagram 3  / g 
A less than 100 less than 100 
B less than 100 more than 100 
C more than 100 less than 100 
D more than 100 more than 100 
   1 © UCLES 2015 0625/11/M/J/15 [Turn over",0625_s15_qp_11
0625_s15_qp_11_26,26,"An electromagnet with a soft-iron core is connected to a battery and an open switch. The soft-iron core is just above some small soft-iron nails.  
electromagnetsoft-iron core
soft-iron nails
  The switch is now closed, left closed for a few seconds, and then opened.  What do the soft-iron nails do as the switch is clos ed, and what do they do when the switch is then opened?   as switch is closed as switch is opened 
A nails jump up nails fall down 
B nails jump up nails stay up 
C nails stay down nails jump up 
D nails stay down nails stay down 
",0625_s15_qp_11
0625_s15_qp_11_27,27,"The diagram shows a piece of metal resistance wire.  
   Which wire, made of the same metal, has a smaller resistance? A a wire of the same length with a larger diameter  B a wire of the same length with a smaller diameter  C a wire of greater length with the same diameter D a wire of greater length with a smaller diameter ",0625_s15_qp_11
0625_s15_qp_11_28,28,What is the unit of electromotive force (e.m.f.)? A ampere B joule C volt D watt    1 © UCLES 2015 0625/11/M/J/15,0625_s15_qp_11
0625_s15_qp_11_29,29,"The circuit diagram shows a 4.0  Ω resistor and an 8.0  Ω resistor connected to a 6.0  V battery.  
4.0  Ω8.0  Ω6.0 V
  What is the current in the battery? A 0.50
 A B 0.75  A C 1.5  A D 2.0  A ",0625_s15_qp_11
0625_s15_qp_11_30,30,"The diagram shows a circuit which includes an uncharged capacitor and a switch.  
XYswitch
capacitor 
  The switch can be moved between position X and position Y.  What happens to the capacitor when the switch is moved to position X, and what happens when the switch is then moved to position Y?   switch at X switch at Y 
A capacitor charges capacitor charges 
B capacitor charges capacitor discharges
C capacitor discharges capacitor charges 
D capacitor discharges capacitor discharges
   1 © UCLES 2015 0625/11/M/J/15 [Turn over",0625_s15_qp_11
0625_s15_qp_11_31,31,"The diagram shows a 3.0  Ω resistor and a 6.0  Ω resistor connected in parallel.  
3.0  Ω6.0
 Ω  What is the total resistance of this arrangement? A less than 3.0
 Ω B 3.0
 Ω C 4.5
 Ω D more than 6.0
 Ω ",0625_s15_qp_11
0625_s15_qp_11_32,32,"The diagram shows a 10
 Ω resistor and a 20  Ω resistor connected in a potential divider circuit.  
V10  Ω20
 Ω12.0 V
  What is the reading on the voltmeter? A 4.0
 V B 6.0  V C 8.0  V D 12.0  V    1 © UCLES 2015 0625/11/M/J/15",0625_s15_qp_11
0625_s15_qp_11_33,33,"In the circuit shown, only one of the fuses has blown, but none of the lamps is lit.  Which fuse has blown?  
ABCDpowersupply
 ",0625_s15_qp_11
0625_s15_qp_11_34,34,"Which diagram shows the pattern of the magnetic field produced by a current-carrying solenoid?  
ABCDsolenoid solenoid solenoid solenoid
 ",0625_s15_qp_11
0625_s15_qp_11_35,35,What is an advantage of transmitting electricity at a high voltage? A It is faster. B It is safer. C Less energy is wasted. D Less equipment is needed.    1 © UCLES 2015 0625/11/M/J/15 [Turn over,0625_s15_qp_11
0625_s15_qp_11_36,36,"A transformer has 1200 turns on its primary coil and 400 turns on its secondary coil. An output voltage of 90
 V is induced across the secondary coil.  
primary coil1200 turns secondary coil400 turns
outputvoltage90
 V
  What is the input voltage of the transformer? A 30
 V B 90  V C 270  V D 1200  V ",0625_s15_qp_11
0625_s15_qp_11_37,37,"The diagram shows a design for a cathode-ray tube. A tube with this design does not work.  
powersupply
coldcathode
heatedanode
vacuum
  Which change should be made so that the t ube works properly to produce cathode rays? A Heat the cathode instead of the anode. B Reverse the connections of the power supply. C Use air in the tube instead of a vacuum. D Use an a.c. power supply instead of a d.c. power supply. ",0625_s15_qp_11
0625_s15_qp_11_38,38,"Which row gives the properties of the radiation from radioactive materials?  most penetrating radiation most highly ionising radiation 
A α β 
B β γ 
C γ α 
D γ γ 
   1 © UCLES 2015 0625/11/M/J/15",0625_s15_qp_11
0625_s15_qp_11_39,39,"In a laboratory, a detector of ionising radiation records an average background count rate of 8 counts per second.  
detector
counts  / s  A radioactive source is now placed close to the det ector. The count rate on the detector rises to 200 counts per second.  
radioactivesourcedetectorcounts  / s
  What is the count rate due to radiation from the radioactive source? A 25 counts
 / s B 192 counts
 / s C 200 counts
 / s D 208 counts
 / s ",0625_s15_qp_11
0625_s15_qp_11_40,40,"
C146 is a nuclide of carbon.  What is the composition of one nucleus of this nuclide?   neutrons protons 
A   6    B   6 1 C   8    D 14       1 © UCLES 2015 0625/11/M/J/15  BLANK PAGE    
Permission to reproduce items where third-par ty owned material protected by copyright is  included has been sought and cleared w here possible. Every reasonable effort has been made by the publisher (UCLES) to trace copyright holder s, but if any items requiring clearance have unwittingly been included, the publisher will be pleased to make amends at the earliest possible opportunity.  To avoid the issue of disclosure of answer-related information to candidates, all copyright acknowledgements are reproduced onl ine in the Cambridge International Examinations Copyright Acknowledgements Booklet. This is produced for each series of examinations and is freely a vailable to download at www.cie.org.uk after the live examination series.  Cambridge International Examinations is part of the Cambridge Asse ssment Group. Cambridge Assessment is the brand name of Unive rsity of Cambridge Local Examinations Syndicate (UCLES), which is itself a department of the University of Cambridge.  
© UCLES 2015 0625/11/M/J/15  BLANK PAGE ",0625_s15_qp_11
0625_s15_qp_12_01,1,"The diagram shows four identical spheres placed between two wooden blocks on a ruler.  
cmwooden blocksphere
0 5 10 15  What is the diameter of one sphere? A 1.0
 cm B 2.0  cm C 3.0  cm D 4.0  cm ",0625_s15_qp_12
0625_s15_qp_12_02,2,What does the area under a speed-time graph represent? A acceleration B average speed C deceleration D distance travelled ,0625_s15_qp_12
0625_s15_qp_12_03,3,"A car travels 100
 km. The journey takes two hours. The highest speed of the car is 80  km  / h, and the lowest speed is 40
 km  / h.  What is the average speed for the journey? A 40
 km  / h B 50  km  / h C 60  km  / h D 120  km  / h ",0625_s15_qp_12
0625_s15_qp_12_04,4,"The diagram shows a uniform beam being used as a balance. The beam is pivoted at its centre.  A 1.0
 N weight is attached to one end of the beam. An empty pan weighing 0.2  N is attached to the other end of the beam.  
1.0  Nbeampan (0.2
 N)pivot
  How many 0.1
 N weights must be placed on the pan in order to balance the beam? A 5 B 8 C 10 D 12     © UCLES 2015 0625/12/M/J/15 [Turn over",0625_s15_qp_12
0625_s15_qp_12_05,5,"A metal block has the dimensions shown. Its mass is 1000  g.  
2 cm10 cm5 cm
  What is the density of the metal? A 
××2  100010  5g / cm3 B 
××100010",0625_s15_qp_12
0625_s15_qp_12_06,6,"The diagrams show four identical objects. Each object is acted on by only the three forces shown.  Which object accelerates to the right, with the smallest acceleration?  
A10
 N20 N30
 NB10
 N20
 N30 N
C10
 N30
 N20 ND10
 N20
 N30
 N     © UCLES 2015 0625/12/M/J/15",0625_s15_qp_12
0625_s15_qp_12_07,7,"Different weights are hung from a spring. The diagram shows the original length of the spring, and the lengths when different weights are added.  
20  N
W15  cm25
 cm35
 cm
  The extension of the spring is directly proportional to the weight hung from it.  What is the weight of W? A 30
 N B 35  N C 40  N D 45  N ",0625_s15_qp_12
0625_s15_qp_12_08,8,Which source of energy involves the splitting of heavy atoms? A chemical energy B geothermal energy C hydroelectric energy D nuclear energy     © UCLES 2015 0625/12/M/J/15 [Turn over,0625_s15_qp_12
0625_s15_qp_12_09,9,"A cyclist travels down a hill from rest at point X, without pedalling.  The cyclist applies his brakes and the cycle stops at point Y.  
XY hill
  Which energy changes have taken place between X and Y? A gravitational potential → kinetic → thermal (heat) B gravitational potential → thermal (heat) → kinetic C kinetic → gravitational potential → thermal (heat) D kinetic → thermal (heat) → gravitational potential ",0625_s15_qp_12
0625_s15_qp_12_10,10,"The diagram shows a stone suspended under the surface of a liquid from a string. The stone experiences a pressure caused by the liquid.  
liquidstring
stone
  What would increase the pressure on the stone? A decreasing the surface area of the stone  B increasing the mass of the stone C lowering the stone deeper into the liquid D using a liquid with a lower density     © UCLES 2015 0625/12/M/J/15",0625_s15_qp_12
0625_s15_qp_12_11,11,"The diagram shows a simple mercury barometer, used to measure atmospheric pressure.  
mercuryP L
  Atmospheric pressure decreases.  Which row states what happens to the pressure at point P and what happens to the level L?   pressure at P level L 
A decreases falls 
B decreases rises 
C stays the same falls 
D stays the same rises 
",0625_s15_qp_12
0625_s15_qp_12_12,12,"Puddles of rain water remain after a storm. The water in the puddles gradually evaporates.  How does the evaporation affect the temperature of the water remaining in the puddle, and how does it affect the average speed of the remaining water molecules in the puddle?   temperature of water in puddle average speed of water molecules in puddle 
A decreases decreases 
B decreases increases 
C increases decreases 
D increases increases 
    © UCLES 2015 0625/12/M/J/15 [Turn over",0625_s15_qp_12
0625_s15_qp_12_13,13,"The diagram represents moving gas molecules in a sealed container of fixed volume.  
container
gasmolecule
  The temperature of the gas is now increased.  What happens to the pressure of the gas, and w hat happens to the speed of the gas molecules?   pressure of gas speed of molecules 
A increases increases 
B increases unchanged 
C unchanged increases 
D unchanged unchanged 
",0625_s15_qp_12
0625_s15_qp_12_14,14,"The thermometer in the diagram has no scale.  
bulb stem
  Where must the bulb be placed so that 0
 °C can be marked on the stem? A in a freezer B in pure boiling water C in pure cold water D in pure melting ice     © UCLES 2015 0625/12/M/J/15",0625_s15_qp_12
0625_s15_qp_12_15,15,"Two metal blocks X and Y are at room temperature. Each block is heated so that its temperature rises by 10
 °C.  The blocks are now allowed to cool back to room temperature.  Block Y has a greater thermal capacity than block X.  Which block needs more thermal (heat) energy to heat it up by 10
 °C and which block loses more thermal (heat) energy as it cools back to room temperature?   more energy 
heating cooling 
A X X 
B X Y 
C Y X 
D Y Y 
",0625_s15_qp_12
0625_s15_qp_12_16,16,"The diagram shows a vacuum flask used to keep liquid hot.  
vacuumhot liquid
  How does thermal energy pass through the vacuum? A conduction only B convection only C radiation D conduction and convection     © UCLES 2015 0625/12/M/J/15 [Turn over",0625_s15_qp_12
0625_s15_qp_12_17,17,"A cupboard is placed in front of a heater. Air can move through a gap under the cupboard.  
wall
floor
heater cupboardair moves through gap
  Which row describes the temperature, and the direction of movement, of the air in the gap?   air temperature air direction 
A cool away from the heater 
B cool towards the heater 
C warm away from the heater 
D warm towards the heater 
    © UCLES 2015 0625/12/M/J/15",0625_s15_qp_12
0625_s15_qp_12_18,18,"The diagrams show two water waves P and Q that are travelling at the same speed on the surface of a pond. The diagrams are to the same scale.  
P
Q
  Which wave has the greater amplitude and which wave has the greater frequency?   greater amplitude greater frequency 
A P P 
B P Q 
C Q P 
D Q Q 
",0625_s15_qp_12
0625_s15_qp_12_19,19,"The diagrams represent water waves in a tank.  Which diagram represents a wave that changes speed?  
DdeeperwatershallowerwaterA
barrierB
barrierC
barrier
    1 © UCLES 2015 0625/12/M/J/15 [Turn over",0625_s15_qp_12
0625_s15_qp_12_20,20,"An object is placed in front of a thin converging lens.  The diagram shows the paths of two rays from the top of the object.  
objectconverging lens
  An image of the object is formed on a screen to the right of the lens.  How does this image compare with the object? A It is larger and inverted. B It is larger and the same way up. C It is smaller and inverted. D It is smaller and the same way up. ",0625_s15_qp_12
0625_s15_qp_12_21,21,"Radiation from the Sun is dispersed by a prism. The prism does not absorb any of the radiation. Four identical thermometers are placed, one at each of the labelled positions.  In which position does the thermometer show the greatest rise in temperature?  
A BCDred light violet light radiation from the Sun prism
    1 © UCLES 2015 0625/12/M/J/15",0625_s15_qp_12
0625_s15_qp_12_22,22,"A scientist tries to direct a ray of light in a glass block so that no light escapes from the top of the block.   However, some light does escape.  
X glass block ray of light top of block light escapingfrom top of block
  The scientist changes angle X and stops the light escaping from the top.   Which row in the table describes the change to  angle X and the name of the effect produced?   change to angle X name of effect produced 
A decrease total internal reflection 
B decrease total internal refraction 
C increase total internal reflection 
D increase total internal refraction 
",0625_s15_qp_12
0625_s15_qp_12_23,23,A quiet sound is produced by a loudspeaker. The loudness of the sound is increased.  Which property of the sound wave is increased? A amplitude B frequency C speed D wavelength    1 © UCLES 2015 0625/12/M/J/15 [Turn over,0625_s15_qp_12
0625_s15_qp_12_24,24,"A man holding a starting pistol stands 640  m away from a spectator.  
640  m
spectator 
  The spectator hears the sound of the starting pistol 2.0
 s after seeing the flash from the pistol.  Using this information, what is the speed of sound in air? A 160
 m  / s B 320  m  / s C 640  m  / s D 1280  m  / s ",0625_s15_qp_12
0625_s15_qp_12_25,25,"Which group contains only non-ferrous metals? A aluminium, brass, iron B brass, copper, lead C copper, iron, steel D copper, lead, steel ",0625_s15_qp_12
0625_s15_qp_12_26,26,"An electromagnet with a soft-iron core is connected to a battery and an open switch. The soft-iron core is just above some small soft-iron nails.  
electromagnetsoft-iron core
soft-iron nails
  The switch is now closed, left closed for a few seconds, and then opened.  What do the soft-iron nails do as the switch is clos ed, and what do they do when the switch is then opened?   as switch is closed as switch is opened 
A nails jump up nails fall down 
B nails jump up nails stay up 
C nails stay down nails jump up 
D nails stay down nails stay down 
  1 © UCLES 2015 0625/12/M/J/15",0625_s15_qp_12
0625_s15_qp_12_27,27,A student has wires of different lengths and different diameters. The wires are all made of the same metal.  The student measures the resistance of one wire.  Which wire has a greater resistance than the wire he has measured? A a shorter wire with a larger diameter B a shorter wire with the same diameter C a wire of the same length with a larger diameter D a wire of the same length with a smaller diameter ,0625_s15_qp_12
0625_s15_qp_12_28,28,"The circuit diagram shows a 4.0
 Ω resistor and an 8.0  Ω resistor connected to a 6.0  V battery.  
8.0  Ω4.0 Ω6.0 V
  What is the potential difference (p.d.) across the 4.0
 Ω resistor? A 0.5
 V B 2.0  V C 4.0  V D 6.0  V    1 © UCLES 2015 0625/12/M/J/15 [Turn over",0625_s15_qp_12
0625_s15_qp_12_29,29,"Diagram 1 shows two thin, uncharged strips of plastic.  Diagram 2 shows the same strips after they have been rubbed with a dry cloth.  
diagram 1 diagram 2stripsof plastic
  Which row describes the charge on the strips after rubbing, and the force between the strips after rubbing?   charge on strips force between strips 
A opposite attraction 
B opposite repulsion 
C the same attraction 
D the same repulsion 
   1 © UCLES 2015 0625/12/M/J/15",0625_s15_qp_12
0625_s15_qp_12_30,30,"The diagram shows a circuit which includes an uncharged capacitor and a switch.  
XYswitch
capacitor 
  The switch can be moved between position X and position Y.  What happens to the capacitor when the switch is moved to position X, and what happens when the switch is then moved to position Y?   switch at X switch at Y 
A capacitor charges capacitor charges 
B capacitor charges capacitor discharges
C capacitor discharges capacitor charges 
D capacitor discharges capacitor discharges
",0625_s15_qp_12
0625_s15_qp_12_31,31,"Two 5.0
 Ω resistors are connected as shown in the diagram.  
5.0  Ω5.0
 Ω  What is the total resistance of this combination? A less than 5.0
 Ω B 5.0
 Ω C more than 5.0
 Ω but less than 10.0  Ω D 10.0
 Ω    1 © UCLES 2015 0625/12/M/J/15 [Turn over",0625_s15_qp_12
0625_s15_qp_12_32,32,"The diagram shows a 10  Ω resistor and a 20  Ω resistor connected in a potential divider circuit.  
V10  Ω20
 Ω12.0 V
  What is the reading on the voltmeter? A 4.0
 V B 6.0  V C 8.0  V D 12.0  V ",0625_s15_qp_12
0625_s15_qp_12_33,33,"In the circuit shown, only one of the fuses has blown, but none of the lamps is lit.  Which fuse has blown?  
ABCDpowersupply
    1 © UCLES 2015 0625/12/M/J/15",0625_s15_qp_12
0625_s15_qp_12_34,34,An e.m.f. is induced across a wire when it moves through the magnetic field between the poles of a magnet.  Which electrical device operates because of this effect? A a battery B a cathode-ray tube C a generator D a motor ,0625_s15_qp_12
0625_s15_qp_12_35,35,"The diagram shows a flat, rectangular coil placed between the poles of a magnet.  There is a current in the coil that makes it turn in the direction shown in the diagram.  
NScoildirectionof turning
current
  Which change would make the coil turn in the opposite direction? A decreasing the current in the coil B increasing the number of turns on the coil  C reversing both the direction of the current in the coil and the poles of the magnet D reversing only the direction of the current in the coil ",0625_s15_qp_12
0625_s15_qp_12_36,36,"A transformer has 1000 turns on its primary coil. An input voltage of 12
 V is applied to the primary coil, and an output voltage of 120
 V is induced across the secondary coil.   
primary coil1000 turns secondary coil
input voltage12
 Voutput voltage120  V
  How many turns are on the secondary coil of the transformer? A 100 B 120 C 1000 D 10
 000    1 © UCLES 2015 0625/12/M/J/15",0625_s15_qp_12
0625_s15_qp_12_37,37,"The diagram shows a cathode-ray tube.  
heatedcathodecoldanodepowersupply
vacuum
  The tube is not working properly.  Which change should be made so that the tube works properly to produce a continuous beam of cathode rays? A Heat the anode instead of the cathode. B Reverse the connections of the power supply. C Use an a.c. power supply instead of a d.c. power supply. D Use air in the tube instead of a vacuum. ",0625_s15_qp_12
0625_s15_qp_12_38,38,Which statement about α-radiation is correct? A It is a stream of fast-moving electrons. B It is a form of electromagnetic radiation. C It is more highly ionising than γ-radiation. D It is more penetrating than β-radiation. ,0625_s15_qp_12
0625_s15_qp_12_39,39,"A radioactive source produces a count rate on a detector of 1600 counts
 / s.  After 32 hours the count rate has fallen to 100 counts
 / s.  Both count rates have been corrected for background radiation.  What is the half-life of the source? A 2.0 hours B 6.4 hours C 8.0 hours D 16 hours ",0625_s15_qp_12
0625_s15_qp_12_40,40,"A nuclide has the symbol 
Ne2210.  What is the proton number of a nucleus of this nuclide? A 10 B 12 C 22 D 32     
Permission to reproduce items where third-par ty owned material protected by copyright is  included has been sought and cleared w here possible. Every reasonable effort has been made by the publisher (UCLES) to trace copyright holder s, but if any items requiring clearance have unwittingly been included, the publisher will be pleased to make amends at the earliest possible opportunity.  To avoid the issue of disclosure of answer-related information to candidates, all copyright acknowledgements are reproduced onl ine in the Cambridge International Examinations Copyright Acknowledgements Booklet. This is produced for each series of examinations and is freely a vailable to download at www.cie.org.uk after the live examination series.  Cambridge International Examinations is part of the Cambridge Asse ssment Group. Cambridge Assessment is the brand name of Unive rsity of Cambridge Local Examinations Syndicate (UCLES), which is itself a department of the University of Cambridge.  
© UCLES 2015 0625/12/M/J/15  BLANK PAGE  ",0625_s15_qp_12
0625_s15_qp_13_01,1,"A cook wants to prepare some food to be cooked by 1.15  p.m. He uses an oven with an automatic timer that can be set to switch on and off at certain times. The oven needs to be switched on for 2 hours 10 minutes.  At which time does the oven need to switch on? A 11.05
 a.m. B 11.25  a.m. C 3.05  p.m. D 3.25  p.m. ",0625_s15_qp_13
0625_s15_qp_13_02,2,"The speed-time graph shows the motion of a car.  
00speed
time PQR
  Which row describes the motion?   between P and Q between Q and R 
A accelerating moving at constant speed 
B accelerating not moving 
C moving at constant speed decelerating 
D moving at constant speed not moving 
",0625_s15_qp_13
0625_s15_qp_13_03,3,"A car travels 100
 km. The journey takes two hours. The highest speed of the car is 80  km  / h, and the lowest speed is 40
 km  / h.  What is the average speed for the journey? A 40
 km  / h B 50  km  / h C 60  km  / h D 120  km  / h ",0625_s15_qp_13
0625_s15_qp_13_04,4,Weight is an example of which quantity? A acceleration B force C mass D pressure     © UCLES 2015 0625/13/M/J/15 [Turn over,0625_s15_qp_13
0625_s15_qp_13_05,5,"A metal block has the dimensions shown. Its mass is 1000  g.  
2 cm10 cm5 cm
  What is the density of the metal? A 
××2  100010  5g / cm3 B 
××100010",0625_s15_qp_13
0625_s15_qp_13_06,6,"A car travels along a horizontal road at a constant speed. Three horizontal forces act on the car. The diagram shows two of these three forces.  
air resistance300
 N force from engine1500  Ndirection ofmotion forwards
  What is the size and the direction of the third horizontal force acting on the car? A 1200
 N backwards B 1200
 N forwards C 1800
 N backwards D 1800
 N forwards     © UCLES 2015 0625/13/M/J/15",0625_s15_qp_13
0625_s15_qp_13_07,7,"The extension-load graph for a spring is shown. The unstretched length of the spring is 17.0  cm.  
321001234 load
 / Nextension / cm
  When an object is hung from the spring, the length of the spring is 19.2
 cm.  What is the weight of the object? A 1.4
 N B 1.6  N C 2.6  N D 3.0  N ",0625_s15_qp_13
0625_s15_qp_13_08,8,"To calculate the power produced by a force, the size of the force must be known.   What else needs to be known to calculate the power?   the distance the force  moves the object the time for which the  force acts on the object  
A /a19 /a19 key 
B /a19 /a23 /a19= needed 
C /a23 /a19 /a23= not needed 
D /a23 /a23  
    © UCLES 2015 0625/13/M/J/15 [Turn over",0625_s15_qp_13
0625_s15_qp_13_09,9,"A cyclist travels down a hill from rest at point X, without pedalling.  The cyclist applies his brakes and the cycle stops at point Y.  
XY hill
  Which energy changes have taken place between X and Y? A gravitational potential → kinetic → thermal (heat) B gravitational potential → thermal (heat) → kinetic C kinetic → gravitational potential → thermal (heat) D kinetic → thermal (heat) → gravitational potential ",0625_s15_qp_13
0625_s15_qp_13_10,10,"The diagram shows a manometer with one side connected to a gas cylinder and the other side open to the atmosphere.  
gas cylinderliquid
  Which conclusion can be made using only the information from liquid levels in the manometer? A The density of the gas is less than the density of air. B The density of the gas is greater than the density of air. C The pressure of the gas is less than atmospheric pressure. D The pressure of the gas is greater than atmospheric pressure.     © UCLES 2015 0625/13/M/J/15",0625_s15_qp_13
0625_s15_qp_13_11,11,"The diagram shows a solid block resting on a bench. The dimensions of the block are shown.  
bench80  cm20 cm40 cmP
RQ
  On which labelled surface should the block rest to produce the smallest pressure on the bench? A P B Q C R D any of P, Q or R ",0625_s15_qp_13
0625_s15_qp_13_12,12,Small smoke particles suspended in air are viewed through a microscope.  The smoke particles move randomly.  What does this show? A The air consists of fast-moving molecules. B The pressure of the air is increasing. C There are convection currents in the air. D The temperature of the air is increasing. ,0625_s15_qp_13
0625_s15_qp_13_13,13,"Molecules escape from a liquid during evaporation. The temperature of the remaining liquid changes. Which molecules escape and how does the temperature change?  molecules escaping temperature of remaining liquid 
A least energetic decreases 
B least energetic increases 
C most energetic decreases 
D most energetic increases 
    © UCLES 2015 0625/13/M/J/15 [Turn over",0625_s15_qp_13
0625_s15_qp_13_14,14,"The thermometer in the diagram has no scale.  
bulb stem
  Where must the bulb be placed so that 0
 °C can be marked on the stem? A in a freezer B in pure boiling water C in pure cold water D in pure melting ice ",0625_s15_qp_13
0625_s15_qp_13_15,15,"A solid is heated from room temperature. The graph shows how its temperature changes with time as it is heated constantly.  
timetemperature
00room temperaturePQRST
  Between which labelled points on the graph is the substance partly solid and partly liquid? A between P and Q B between Q and R C between R and S D between S and T     © UCLES 2015 0625/13/M/J/15",0625_s15_qp_13
0625_s15_qp_13_16,16,One method of heat transfer involves the energy travelling at a much greater speed than in other methods.  What is the name of this method? A conduction B convection C evaporation D radiation ,0625_s15_qp_13
0625_s15_qp_13_17,17,"A cupboard is placed in front of a heater. Air can move through a gap under the cupboard.  
wall
floor
heater cupboardair moves through gap
  Which row describes the temperature, and the direction of movement, of the air in the gap?   air temperature air direction 
A cool away from the heater 
B cool towards the heater 
C warm away from the heater 
D warm towards the heater 
",0625_s15_qp_13
0625_s15_qp_13_18,18,What is the frequency of a wave? A the distance that a wavefront travels every second B the distance from one wavefront to the next C the number of wavefronts produced per second D the time taken for a wavefront to pass a certain point     © UCLES 2015 0625/13/M/J/15 [Turn over,0625_s15_qp_13
0625_s15_qp_13_19,19,"The diagrams represent water waves in a tank.  Which diagram represents a wave that changes speed?  
DdeeperwatershallowerwaterA
barrierB
barrierC
barrier
 ",0625_s15_qp_13
0625_s15_qp_13_20,20,"Which diagram shows how the light from a candle is reflected by a mirror, and shows the position of the image formed?  
eye candleimage ofcandleA 
eyecandleeye candleimage ofcandleB 
image ofcandleC D 
eyecandleimage ofcandlemirror 
mirror mirror 
mirror 
     © UCLES 2015 0625/13/M/J/15",0625_s15_qp_13
0625_s15_qp_13_21,21,"Radiation from the Sun is dispersed by a prism. The prism does not absorb any of the radiation. Four identical thermometers are placed, one at each of the labelled positions.  In which position does the thermometer show the greatest rise in temperature?  
A BCDred light violet light radiation from the Sun prism
 ",0625_s15_qp_13
0625_s15_qp_13_22,22,"A scientist tries to direct a ray of light in a glass block so that no light escapes from the top of the block.   However, some light does escape.  
X glass block ray of light top of block light escapingfrom top of block
  The scientist changes angle X and stops the light escaping from the top.   Which row in the table describes the change to  angle X and the name of the effect produced?   change to angle X name of effect produced 
A decrease total internal reflection 
B decrease total internal refraction 
C increase total internal reflection 
D increase total internal refraction 
   1 © UCLES 2015 0625/13/M/J/15 [Turn over",0625_s15_qp_13
0625_s15_qp_13_23,23,The frequency of a musical note is increased.  A student hearing the sound detects an increase in which property? A loudness of the sound B pitch of the sound C speed of the sound wave D wavelength of the sound wave ,0625_s15_qp_13
0625_s15_qp_13_24,24,"A man holding a starting pistol stands 640
 m away from a spectator.  
640  m
spectator 
  The spectator hears the sound of the starting pistol 2.0
 s after seeing the flash from the pistol.  Using this information, what is the speed of sound in air? A 160
 m  / s B 320  m  / s C 640  m  / s D 1280  m  / s ",0625_s15_qp_13
0625_s15_qp_13_25,25,Which action will demagnetise a magnetised piece of steel? A Cool it in a freezer for several hours. B Hit it repeatedly with a hammer. C Put it in a coil carrying a direct current (d.c.). D Put it near an unmagnetised piece of iron.    1 © UCLES 2015 0625/13/M/J/15,0625_s15_qp_13
0625_s15_qp_13_26,26,"An electromagnet with a soft-iron core is connected to a battery and an open switch. The soft-iron core is just above some small soft-iron nails.  
electromagnetsoft-iron core
soft-iron nails
  The switch is now closed, left closed for a few seconds, and then opened.  What do the soft-iron nails do as the switch is clos ed, and what do they do when the switch is then opened?   as switch is closed as switch is opened 
A nails jump up nails fall down 
B nails jump up nails stay up 
C nails stay down nails jump up 
D nails stay down nails stay down 
",0625_s15_qp_13
0625_s15_qp_13_27,27,What is the unit of electromotive force (e.m.f.)? A ampere B newton C ohm D volt ,0625_s15_qp_13
0625_s15_qp_13_28,28,"Which sample of copper wire has the greatest electrical resistance?  length of wire
 / m diameter of wire  / mm 
A 1.0 2.0 
B 1.0 4.0 
C 10 2.0 
D 10 4.0 
   1 © UCLES 2015 0625/13/M/J/15 [Turn over",0625_s15_qp_13
0625_s15_qp_13_29,29,"The circuit diagram shows a 4.0  Ω resistor and an 8.0  Ω resistor connected to a 6.0  V battery.  
8.0  Ω4.0 Ω6.0 V
  What is the current in the 8.0
 Ω resistor? A 0
 A B 0.50  A C 0.75  A D 1.0  A ",0625_s15_qp_13
0625_s15_qp_13_30,30,"The diagram shows a circuit which includes an uncharged capacitor and a switch.  
XYswitch
capacitor 
  The switch can be moved between position X and position Y.  What happens to the capacitor when the switch is moved to position X, and what happens when the switch is then moved to position Y?   switch at X switch at Y 
A capacitor charges capacitor charges 
B capacitor charges capacitor discharges
C capacitor discharges capacitor charges 
D capacitor discharges capacitor discharges
   1 © UCLES 2015 0625/13/M/J/15",0625_s15_qp_13
0625_s15_qp_13_31,31,"Which component is represented by this circuit symbol?  
  A a bell B a fuse C a relay D a transformer ",0625_s15_qp_13
0625_s15_qp_13_32,32,"The diagram shows a 10
 Ω resistor and a 20  Ω resistor connected in a potential divider circuit.  
V10  Ω20
 Ω12.0 V
  What is the reading on the voltmeter? A 4.0
 V B 6.0  V C 8.0  V D 12.0  V    1 © UCLES 2015 0625/13/M/J/15 [Turn over",0625_s15_qp_13
0625_s15_qp_13_33,33,"In the circuit shown, only one of the fuses has blown, but none of the lamps is lit.  Which fuse has blown?  
ABCDpowersupply
 ",0625_s15_qp_13
0625_s15_qp_13_34,34,"A student investigates the force on a bar magnet placed near a current-carrying coil. She carries out three different experiments.  
NSmagnetattractedto coilexperiment 1NSexperiment 2NSexperiment 3
  In experiment 1, the magnet is attracted to the coil.  Which row shows what happens in the other two experiments?   experiment 2 experiment  A magnet attracted magnet attracted 
B magnet attracted magnet repelled 
C magnet repelled magnet attracted 
D magnet repelled magnet repelled 
   1 © UCLES 2015 0625/13/M/J/15",0625_s15_qp_13
0625_s15_qp_13_35,35,"Which diagram represents the voltage output of a simple a.c. generator?  
0voltagetimeA0voltagetimeB
0voltagetimeC0voltagetimeD
 ",0625_s15_qp_13
0625_s15_qp_13_36,36,"A transformer has 400 turns on its secondary coil. An input voltage of 12
 V is applied to the primary coil, and an output voltage of 120
 V is induced across the secondary coil.  
primary coil secondary coil400 turns
input voltage12
 Voutput voltage120  V
  How many turns are on the primary coil of the transformer? A 12 B 40 C 400 D 4000    1 © UCLES 2015 0625/13/M/J/15 [Turn over",0625_s15_qp_13
0625_s15_qp_13_37,37,"The diagram shows a cathode-ray tube.  
anode cathodecathode-rays
  Which electrode should be heated, and which electrode should be positive?   heated electrode positive electrode 
A anode anode 
B anode cathode 
C cathode anode 
D cathode cathode 
",0625_s15_qp_13
0625_s15_qp_13_38,38,"α, β and γ-radiations are emitted by radioactive substances.  Which statement is correct? A α-radiation consists of charged particles and is the most highly ionising radiation. B β-radiation consists of charged particles and is the most penetrating radiation. C β-radiation consists of uncharged particles and is the least highly ionising radiation. D γ-radiation consists of uncharged particles and is the least penetrating radiation. ",0625_s15_qp_13
0625_s15_qp_13_39,39,"The nucleus of an americium atom contains 146 neutrons and 95 protons. It decays by emitting an α-particle.   How many neutrons and how many protons remain in the nucleus when this form of americium decays?  number of neutrons remaining number of protons remaining 
A 142 9 B 142 9 C 144 9 D 144 9   1 © UCLES 2015 0625/13/M/J/15",0625_s15_qp_13
0625_s15_qp_13_40,40,"Which statement is correct for the nucleus of any atom? A The nucleus contains electrons, neutrons and protons. B The nucleus contains the same number of protons as neutrons. C The nucleus has a total charge of zero. D The nucleus is very small compared with the size of the atom.    1 © UCLES 2015 0625/13/M/J/15  BLANK PAGE    
Permission to reproduce items where third-par ty owned material protected by copyright is  included has been sought and cleared w here possible. Every reasonable effort has been made by the publisher (UCLES) to trace copyright holder s, but if any items requiring clearance have unwittingly been included, the publisher will be pleased to make amends at the earliest possible opportunity.  To avoid the issue of disclosure of answer-related information to candidates, all copyright acknowledgements are reproduced onl ine in the Cambridge International Examinations Copyright Acknowledgements Booklet. This is produced for each series of examinations and is freely a vailable to download at www.cie.org.uk after the live examination series.  Cambridge International Examinations is part of the Cambridge Asse ssment Group. Cambridge Assessment is the brand name of Unive rsity of Cambridge Local Examinations Syndicate (UCLES), which is itself a department of the University of Cambridge.  
© UCLES 2015 0625/13/M/J/15  BLANK PAGE ",0625_s15_qp_13
0625_s15_qp_14_01,1,"The diagram shows a measuring instrument.  
  Which quantity is this instrument used to measure? A area B density C mass D volume ",0625_s15_qp_14
0625_s15_qp_14_02,2,"The diagram shows the distance-time graph of an object.  
00distancetime  Which statement describes the object? A It is accelerating. B It is moving at a constant speed. C It is slowing down. D It is stationary.     © UCLES 2015 0625/14/M/J/15 [Turn over",0625_s15_qp_14
0625_s15_qp_14_03,3,"A tennis player hits a ball hard and 0.40  s later hears the echo from a wall.  
  The speed of sound in air is 330
 m  / s.  How far away is the player from the wall? A 66
 m B 132  m C 264  m D 825  m ",0625_s15_qp_14
0625_s15_qp_14_04,4,Weight is an example of which quantity? A acceleration B force C mass D pressure ,0625_s15_qp_14
0625_s15_qp_14_05,5,"Which substance in the table has the lowest density?   substance mass
 / g volume  / cm A nylon 1.2 1.0 
B cotton 1.5 1.0 
C olive oil 1.8 2.0 
D water 2.0 2.0 
    © UCLES 2015 0625/14/M/J/15",0625_s15_qp_14
0625_s15_qp_14_06,6,"A car travels along a horizontal road at a constant speed. Three horizontal forces act on the car. The diagram shows two of these three forces.  
air resistance300
 N force from engine1500  Ndirection ofmotion forwards
  What is the size and the direction of the third horizontal force acting on the car? A 1200
 N backwards B 1200
 N forwards C 1800
 N backwards D 1800
 N forwards ",0625_s15_qp_14
0625_s15_qp_14_07,7,"The extension-load graph for a spring is shown. The unstretched length of the spring is 17.0
 cm.  
321001234 load
 / Nextension / cm
  When an object is hung from the spring, the length of the spring is 19.2
 cm.  What is the weight of the object? A 1.4
 N B 1.6  N C 2.6  N D 3.0  N     © UCLES 2015 0625/14/M/J/15 [Turn over",0625_s15_qp_14
0625_s15_qp_14_08,8,Which form of energy is used to generate electrical energy in a tidal power station? A chemical energy B gravitational energy C internal energy (thermal energy) D nuclear energy ,0625_s15_qp_14
0625_s15_qp_14_09,9,"Four different model steam engines each lift a 1.0
 kg object from the same laboratory floor to the same laboratory bench. Each engine takes a different time to lift the object.  How does the most powerful engine compare with the other engines?   speed of lifting object onto bench useful work done 
A faster more than other engines 
B faster same as other engines 
C slower less than other engines 
D slower same as other engines 
",0625_s15_qp_14
0625_s15_qp_14_10,10,Which statement is explained by reference to pressure? A Objects with greater mass have greater weight. B One kilogram of water occupies more volume than one kilogram of lead. C Spikes on running-shoes sink into the ground. D Water cooled to a low enough temperature turns to ice. ,0625_s15_qp_14
0625_s15_qp_14_11,11,Small smoke particles suspended in air are viewed through a microscope.  The smoke particles move randomly.  What does this show? A The air consists of fast-moving molecules. B The pressure of the air is increasing. C There are convection currents in the air. D The temperature of the air is increasing.     © UCLES 2015 0625/14/M/J/15,0625_s15_qp_14
0625_s15_qp_14_12,12,The gas in a container is heated but is kept at constant volume.  Why does the gas pressure increase? A The molecules expand. B The molecules increase in mass. C The molecules move further apart. D The molecules move more rapidly. ,0625_s15_qp_14
0625_s15_qp_14_13,13,"Which row is correct for the evaporation of a liquid?   the particles escaping from the liquid are on average the average kinetic energy of particles remaining in the liquid 
A the least energetic decreases 
B the least energetic increases 
C the most energetic decreases 
D the most energetic increases 
",0625_s15_qp_14
0625_s15_qp_14_14,14,"A long thin bar of copper is heated evenly along its length.  
copper ba r
heat  What happens to the bar? A It becomes less heavy. B It becomes longer. C It becomes shorter. D It bends at the ends.     © UCLES 2015 0625/14/M/J/15 [Turn over",0625_s15_qp_14
0625_s15_qp_14_15,15,"A solid is heated from room temperature. The graph shows how its temperature changes with time as it is heated constantly.  
timetemperature
00room temperaturePQRST
  Between which labelled points on the graph is the substance partly solid and partly liquid? A between P and Q B between Q and R C between R and S D between S and T ",0625_s15_qp_14
0625_s15_qp_14_16,16,One method of heat transfer involves the energy travelling at a much greater speed than in other methods.  What is the name of this method? A conduction B convection C evaporation D radiation     © UCLES 2015 0625/14/M/J/15,0625_s15_qp_14
0625_s15_qp_14_17,17,"The diagram shows four markings on a liquid-in-glass thermometer.  
–10  °C0 °C100 °C110 °C
  Which temperatures are the upper and lower fixed points?   upper fixed point
 / °C lower fixed point  / °C 
A 110 0 
B 110 – C 100 0 
D 100 – ",0625_s15_qp_14
0625_s15_qp_14_18,18,"The diagram shows a block of ice placed in a warm room.  At which point is the temperature the lowest?  
tableclampiceBCDA
     © UCLES 2015 0625/14/M/J/15 [Turn over",0625_s15_qp_14
0625_s15_qp_14_19,19,"The thermal capacity of solid Y is greater than that of solid Z.  What is a consequence of this? A Solid Y needs less thermal energy to melt it than solid Z. B Solid Y needs less thermal energy to raise its temperature by 1
 °C than solid Z. C Solid Y needs more thermal energy to melt it than solid Z. D Solid Y needs more thermal energy to raise its temperature by 1
 °C than solid Z. ",0625_s15_qp_14
0625_s15_qp_14_20,20,"The diagram shows a water wave in a ripple tank.  Which line represents a wavefront?  
CDAB
     © UCLES 2015 0625/14/M/J/15",0625_s15_qp_14
0625_s15_qp_14_21,21,"Which diagram shows how the light from a candle is reflected by a mirror, and shows the position of the image formed?  
eye candleimage ofcandleA 
eyecandleeye candleimage ofcandleB 
image ofcandleC D 
eyecandleimage ofcandlemirror 
mirror mirror 
mirror 
    1 © UCLES 2015 0625/14/M/J/15 [Turn over",0625_s15_qp_14
0625_s15_qp_14_22,22,"The diagram shows a ray of white light incident on a triangular glass prism.  
ray ofwhite lightglass prism
  The ray enters the prism.  Which row correctly states if the light is refracted, and if the light is dispersed?   refracted dispersed 
A no no 
B no yes 
C yes no 
D yes yes 
",0625_s15_qp_14
0625_s15_qp_14_23,23,"A parallel beam of light falls on a converging lens.  Which diagram shows what happens to the beam of light?  
A B C D
    1 © UCLES 2015 0625/14/M/J/15",0625_s15_qp_14
0625_s15_qp_14_24,24,"In the experiment shown, the bell is heard ringing.  The air is gradually pumped out of the jar. No change is made to the ringing bell.  
air pumprubber bandsbellglass jar
  After a few minutes the bell can no longer be heard.  Why is this? A The amplitude of vibration of the bell decreases. B The frequency of vibration of the bell increases. C The sound waves from the bell become transverse. D The sound waves need a medium to travel through. ",0625_s15_qp_14
0625_s15_qp_14_25,25,"What can be heard by the human ear? A a whistle emitting a wave of frequency 50
 kHz B a bat emitting a wave of frequency 30
 kHz C an insect emitting a wave of frequency 300
 Hz D a vibrating spring emitting a wave of frequency 5
 Hz ",0625_s15_qp_14
0625_s15_qp_14_26,26,Which action will demagnetise a magnetised piece of steel? A Cool it in a freezer for several hours. B Hit it repeatedly with a hammer. C Put it in a coil carrying a direct current (d.c.). D Put it near an unmagnetised piece of iron.    1 © UCLES 2015 0625/14/M/J/15 [Turn over,0625_s15_qp_14
0625_s15_qp_14_27,27,"Which row gives the unit for electromotive force (e.m.f.) and the unit for potential difference (p.d.)?   electromotive force potential difference 
A newton joule 
B newton volt 
C volt joule 
D volt volt 
",0625_s15_qp_14
0625_s15_qp_14_28,28,"A student investigates the force on a bar magnet placed near a current-carrying coil. She carries out three different experiments.  
NSmagnetattractedto coilexperiment 1NSexperiment 2NSexperiment 3
  In experiment 1, the magnet is attracted to the coil.  Which row shows what happens in the other two experiments?   experiment 2 experiment  A magnet attracted magnet attracted 
B magnet attracted magnet repelled 
C magnet repelled magnet attracted 
D magnet repelled magnet repelled 
",0625_s15_qp_14
0625_s15_qp_14_29,29,"Which sample of copper wire has the greatest electrical resistance?  length of wire
 / m diameter of wire  / mm 
A 1.0 2.0 
B 1.0 4.0 
C 10 2.0 
D 10 4.0 
   1 © UCLES 2015 0625/14/M/J/15",0625_s15_qp_14
0625_s15_qp_14_30,30,"A student uses the circuit shown to determine the resistance of the two identical resistors.  
A
V  The voltmeter reading is 2.2
 V and the ammeter reading is 0.25  A.  What is the resistance of each resistor? A 0.275
 Ω B 0.55  Ω C 4.4  Ω D 8.8  Ω ",0625_s15_qp_14
0625_s15_qp_14_31,31,"Which component is represented by this circuit symbol?  
  A a bell B a fuse C a relay D a transformer ",0625_s15_qp_14
0625_s15_qp_14_32,32,"A student sets up this circuit.  
  What is the purpose of the circuit? A to allow a lamp to be made dimmer or brighter as required B to amplify the sound of a voice C to light a lamp in the dark D to sound a bell when the temperature rises   1 © UCLES 2015 0625/14/M/J/15 [Turn over",0625_s15_qp_14
0625_s15_qp_14_33,33,"Three cores of different metals, P, Q and R, are placed inside identical coils of wire.  At least one of the metals is non-ferrous.  The cores are held above some iron nails.  The three diagrams below show what happens when there is a current in the coils.   
Pcoil
core
ironnailsQ R+–+–+–
   The three diagrams below show what happens when the current is then switched off.   
P Q R+–+–+–
   Which row identifies whether the core metals are ferrous or non-ferrous?   ferrous non-ferrous 
A P Q and R 
B P and Q R 
C Q and R P 
D R P and Q 
   1 © UCLES 2015 0625/14/M/J/15",0625_s15_qp_14
0625_s15_qp_14_34,34,"Which diagram represents the voltage output of a simple a.c. generator?  
0voltagetimeA0voltagetimeB
0voltagetimeC0voltagetimeD
 ",0625_s15_qp_14
0625_s15_qp_14_35,35,"In an electrical circuit, what is the purpose of a fuse? A to connect the metal case of an appliance to the earth B to cut off the electrical supply if the current is too large C to keep an electrical appliance dry in damp conditions D to maintain a steady voltage as the current varies    1 © UCLES 2015 0625/14/M/J/15 [Turn over",0625_s15_qp_14
0625_s15_qp_14_36,36,"The diagram shows a cathode-ray tube.  
anode cathodecathode-rays
  Which electrode should be heated, and which electrode should be positive?   heated electrode positive electrode 
A anode anode 
B anode cathode 
C cathode anode 
D cathode cathode 
",0625_s15_qp_14
0625_s15_qp_14_37,37,Which particles are emitted during thermionic emission? A atoms B electrons C neutrons D protons ,0625_s15_qp_14
0625_s15_qp_14_38,38,"A uranium 
U23892 nucleus emits an α-particle.  What are the new nucleon and proton numbers?   nucleon number proton number 
A 238 8 B 236 90 
C 234 9 D 234 90 
   1 © UCLES 2015 0625/14/M/J/15",0625_s15_qp_14
0625_s15_qp_14_39,39,"Which row shows the nature and the penetrating ability of β-particles?   nature most are stopped by 
A electron a few mm of aluminium 
B electron a thin sheet of paper 
C helium nucleus a few mm of aluminium 
D helium nucleus a thin sheet of paper 
",0625_s15_qp_14
0625_s15_qp_14_40,40,"A radioactive isotope is placed near a detector. The readings on the detector are corrected for background radiation and recorded every hour.  The table shows the corrected readings.  time
 / hours 0 1.0 2.0 3.0 4.0 
count rate  / counts per second 500 375 280 210 160 
 What is the half-life of the isotope? A between 0 and 1 hour B between 1 hour and 2 hours C between 2 hours and 3 hours D between 3 hours and 4 hours    1 © UCLES 2015 0625/14/M/J/15  BLANK PAGE    
Permission to reproduce items where third-par ty owned material protected by copyright is  included has been sought and cleared w here possible. Every reasonable effort has been made by the publisher (UCLES) to trace copyright holder s, but if any items requiring clearance have unwittingly been included, the publisher will be pleased to make amends at the earliest possible opportunity.  To avoid the issue of disclosure of answer-related information to candidates, all copyright acknowledgements are reproduced onl ine in the Cambridge International Examinations Copyright Acknowledgements Booklet. This is produced for each series of examinations and is freely a vailable to download at www.cie.org.uk after the live examination series.  Cambridge International Examinations is part of the Cambridge Asse ssment Group. Cambridge Assessment is the brand name of Unive rsity of Cambridge Local Examinations Syndicate (UCLES), which is itself a department of the University of Cambridge.  
© UCLES 2015 0625/14/M/J/15  BLANK PAGE ",0625_s15_qp_14
0625_s16_qp_21_01,1,"The diagram shows an enlarged drawing of the end of a metre rule. It is being used to measure the length of a small feather.  
1mmcm 2310 20 30
  What is the length of the feather? A 19
 mm B 29  mm C 19  cm D 29  cm ",0625_s16_qp_21
0625_s16_qp_21_02,2,"The speed-time graph shown is for a car moving in a straight line.  
1510500 2 04 06 08 0 time
 / sspeedm / s
  What is the acceleration of the car when the time is 40
 s? A 0
 m  / s2 B 04315−m  / s2 C 0415m  / s2 D (15 – 3)  m  / s2     © UCLES 2016 0625/21/M/J/16 [Turn over",0625_s16_qp_21
0625_s16_qp_21_03,3,"Two runners take part in a race.  The graph shows how the speed of each runner changes with time.  
00speed
timerunner 1runner 2t  What does the graph show about the runners at time t
 ? A Both runners are moving at the same speed. B Runner 1 has zero acceleration. C Runner 1 is overtaking runner 2. D Runner 2 is slowing down. ",0625_s16_qp_21
0625_s16_qp_21_04,4,"A satellite orbits the Earth above the atmosphere at a constant speed.  The diagram shows the satellite at one point in its circular orbit around the Earth.  Which labelled arrow shows the direction of the resultant force on the satellite at the position shown?  
Earthdirection of rotationof satelliteABCD
satellite
     © UCLES 2016 0625/21/M/J/16",0625_s16_qp_21
0625_s16_qp_21_05,5,"A cup contains hot liquid.  Some of the liquid evaporates.  What happens to the mass and what happens to the weight of the liquid in the cup?   mass weight 
A decreases decreases 
B decreases stays the same 
C stays the same decreases 
D stays the same stays the same 
",0625_s16_qp_21
0625_s16_qp_21_06,6,"The diagrams show three uniform beams P, Q and R, each pivoted at its centre.  The two forces acting on each beam are also shown.  
4.0  N2.0 m 1.0  m4.0
 NP
2.0  N4.0 m 2.0  m5.0
 NQ
1.5  N2.0 m 4.0  m1.0
 NR  Which beams rotate clockwise? A P and Q only B P and R only C Q and R only D P, Q and R     © UCLES 2016 0625/21/M/J/16 [Turn over",0625_s16_qp_21
0625_s16_qp_21_07,7,"An object of mass 50  kg accelerates from a velocity of 2.0  m  / s to a velocity of 10  m  / s in the same direction.  What is the impulse provided to cause this acceleration? A 250
 N  s B 400  N  s C 850  N  s D 2500  N  s ",0625_s16_qp_21
0625_s16_qp_21_08,8,A scalar quantity has A magnitude and direction. B no magnitude and no direction. C magnitude but no direction. D direction but no magnitude. ,0625_s16_qp_21
0625_s16_qp_21_09,9,"Energy is released in some nuclear reactions.  Which nuclear reaction takes place in a nuclear power station, and which nuclear reaction takes place in the Sun?   nuclear power station the Sun 
A fission fission 
B fission fusion 
C fusion fission 
D fusion fusion 
",0625_s16_qp_21
0625_s16_qp_21_10,10,"A lorry of mass 4000
 kg is travelling at a speed of 4.0  m  / s.  A car has a mass of 1000
 kg. The kinetic energy of the car is equal to the kinetic energy of the lorry.  What is the speed of the car? A 2.0
 m  / s B 4.0  m  / s C 8.0  m  / s D 16.0  m  / s     © UCLES 2016 0625/21/M/J/16",0625_s16_qp_21
0625_s16_qp_21_11,11,"A force acts on an object and causes the object to move a certain distance, in the same direction as the force.  Which row represents a situation in which the largest amount of work is done on the object by the force?   force
 / N distance moved  / m 
A 2.0 40.0 
B 10.0 2.0 
C 20.0 6.0 
D 100.0 1.0 
",0625_s16_qp_21
0625_s16_qp_21_12,12,"A diver under water uses breathing apparatus at a depth where the pressure is 1.25 × 10
5
 Pa.  
  A bubble of gas breathed out by the diver has a volume of 20
 cm3 when it is released. The bubble moves upwards to the surface of the water.  At the surface of the water, the atmospheric pressure is 1.00 × 10
5
 Pa.  The temperature of the water is the same at all depths.  What is the volume of this bubble when it reaches the surface? A 15
 cm3 B 16  cm3 C 20  cm3 D 25  cm3     © UCLES 2016 0625/21/M/J/16 [Turn over",0625_s16_qp_21
0625_s16_qp_21_13,13,"The diagram shows a simple mercury barometer.  
VW
XYZmercury
  The atmospheric pressure increases.  Which distance increases? A VW B WY C XY D XZ ",0625_s16_qp_21
0625_s16_qp_21_14,14,"Which statement about evaporation is correct? A Evaporation causes the temperature of the remaining liquid to decrease. B Evaporation does not occur from a cold liquid near its freezing point. C Evaporation does not occur from a dense liquid, such as mercury. D Evaporation occurs from all parts of a liquid. ",0625_s16_qp_21
0625_s16_qp_21_15,15,"A beaker contains 0.500
 kg of water at a temperature of 3.0  °C. The beaker is heated, and the internal energy of the water increases by 21.0
 kJ.  The specific heat capacity of water is 4200
 J / (kg  °C).  What is the temperature of the water after it has been heated? A 5.5
 °C B 10.0  °C C 13.0  °C D 31.5  °C     © UCLES 2016 0625/21/M/J/16",0625_s16_qp_21
0625_s16_qp_21_16,16,"A substance loses thermal energy (heat) to the surroundings at a steady rate.  The graph shows how the temperature of the substance changes with time.  
00timetemperaturePQ
  What could the portion PQ of the graph represent? A gas condensing B gas cooling  C liquid cooling D liquid solidifying ",0625_s16_qp_21
0625_s16_qp_21_17,17,"A student wishes to check the upper and the lo wer fixed points on a Celsius scale thermometer.  
110°C1009080706050403020100–10
  She has four beakers P, Q, R and S.  Beaker P contains a mixture of ice and salt. Beaker Q contains a mixture of ice and water. Beaker R contains boiling salt solution. Beaker S contains boiling water.  Which two beakers should she use to check the fixed points? A P and R B P and S C Q and R D Q and S     © UCLES 2016 0625/21/M/J/16 [Turn over",0625_s16_qp_21
0625_s16_qp_21_18,18,"Two otherwise identical cars, one black and one white, are at the same initial temperature. The cars are left in bright sunshine and their temperatures increase. During the night their temperatures decrease.  Which car shows the greater rate of temperature increase and which car shows the greater rate of temperature decrease?   greater rate of temperature increase greater rate of temperature decrease 
A black black 
B black white 
C white black 
D white white 
",0625_s16_qp_21
0625_s16_qp_21_19,19,"A liquid is heated in a beaker.  
heatingliquid
  The density of the liquid changes as its temperature increases. This causes energy to be transferred throughout the liquid.  How does the density change and what is this energy transfer process?   density energy transfer process 
A decreases conduction 
B decreases convection 
C increases conduction 
D increases convection 
",0625_s16_qp_21
0625_s16_qp_21_20,20,"Sound waves of frequency 2.0
 kHz travel through a substance at a speed of 800  m  / s. What is the wavelength of the waves? A 0.40
 m B 2.5  m C 400  m D 1600  m     © UCLES 2016 0625/21/M/J/16",0625_s16_qp_21
0625_s16_qp_21_21,21,"Which row shows the natures of light waves, sound waves and X-rays?   light waves sound waves X-rays 
A longitudinal longitudinal transverse 
B longitudinal transverse longitudinal 
C transverse longitudinal transverse 
D transverse transverse longitudinal 
",0625_s16_qp_21
0625_s16_qp_21_22,22,"The diagram shows light travelling from air into glass.  Four angles v, w, x and y are shown.  
vwyxnormalairglasslight
  Which formula is used to calculate the refractive index n of the glass? A n = 
yv sin sin B n = xv sin sin C n = 
yw sin sin D n = xw sin sin ",0625_s16_qp_21
0625_s16_qp_21_23,23,"The diagram shows a converging lens forming an image of an object.  
imageobjectX
Y
  Which statement about the image is correct? A It is real and can be seen by an eye at X. B It is real and can be seen by an eye at Y. C It is virtual and can be seen by an eye at X. D It is virtual and can be seen by an eye at Y.  1 © UCLES 2016 0625/21/M/J/16 [Turn over",0625_s16_qp_21
0625_s16_qp_21_24,24,"A sound wave travels through air as a series of compressions and rarefactions.  Which row correctly compares the air pressure in a compression and the air pressure in a rarefaction to the air pressure nearby where there is no sound wave?   air pressure in a compression air pressure in a rarefaction 
A higher higher 
B higher lower 
C lower higher 
D lower lower 
",0625_s16_qp_21
0625_s16_qp_21_25,25,A sound wave has a certain amplitude and a certain frequency.  A second sound wave is quieter and lower in pitch than the first sound wave.  The second wave has A a larger amplitude and a greater frequency. B a larger amplitude and a smaller frequency. C a smaller amplitude and a greater frequency. D a smaller amplitude and a smaller frequency. ,0625_s16_qp_21
0625_s16_qp_21_26,26,What is an electric field? A a region around a wire carrying an electric current in which a compass needle experiences a force B a region in which an electric charge experiences a force C a region in which an electric charge is attracted by the Earth’s gravity D a region through which electromagnetic radiation is passing    1 © UCLES 2016 0625/21/M/J/16,0625_s16_qp_21
0625_s16_qp_21_27,27,"A negatively charged rod is held close to one side of a metal sphere. The other side of the sphere is earthed.  Which diagram shows the distribution of charge on the metal sphere?  
A––––––––
++––B––––
++++C––––
++++D––––
 ",0625_s16_qp_21
0625_s16_qp_21_28,28,"A cell is connected to a lamp, as shown.  
+–
  A charge of 4.0
 C flows through the lamp in 2.0  s.  What is the direction of the electron flow in the lamp and what is the current in the lamp?   direction of electron flow in lamp current
 / A 
A from left to right 2.0 
B from left to right 8.0 
C from right to left 2.0 
D from right to left 8.0 
   1 © UCLES 2016 0625/21/M/J/16 [Turn over",0625_s16_qp_21
0625_s16_qp_21_29,29,"The diagrams show four current-voltage graphs.  Which two graphs show the characteristics of an ohmic resistor and of a filament lamp?  
currentvoltageW currentvoltageX currentvoltageY currentvoltageZ00
000000
   ohmic resistor filament lamp 
A W Y 
B X Y 
C W Z 
D X Z 
",0625_s16_qp_21
0625_s16_qp_21_30,30,"The four circuits shown all include an a.c. power supply, two diodes and a lamp.  In which circuit is there a rectified current in the lamp?  
A
C DB
    1 © UCLES 2016 0625/21/M/J/16",0625_s16_qp_21
0625_s16_qp_21_31,31,"The diagram shows a combination of logic gates.  
input P(= 0) output Xoutput Y input Q(= 1)
  Input P is at a logic state 0 (low) and input Q is at a logic state 1 (high).  What are the logic states at output X and at output Y?   output X output Y 
A 0 0 
B 0  C 1 0 
D 1  ",0625_s16_qp_21
0625_s16_qp_21_32,32,"The diagram shows part of a circuit used to switch street lamps on and off automatically.  
+
–LDR
  In the evening it gets dark.  Which row shows the effect on the resistance of the light-dependent resistor (LDR) and on the potential difference (p.d.) across it?   resistance of LDR p.d. across LDR 
A decreases decreases 
B decreases increases 
C increases decreases 
D increases increases 
   1 © UCLES 2016 0625/21/M/J/16 [Turn over",0625_s16_qp_21
0625_s16_qp_21_33,33,"A domestic circuit includes a 30  A fuse. This protects the wiring if there is too much current in the circuit.  In which wire is the 30
 A fuse positioned, and what does it do when it operates?   position operation 
A live wire disconnects the circuit 
B live wire reduces the current to 30  A 
C neutral wire disconnects the circuit 
D neutral wire reduces the current to 30  A 
",0625_s16_qp_21
0625_s16_qp_21_34,34,"A strong electromagnet is used to attract pins.  
core
pinscoilcurrent
  What happens when the current in the coil is halved? A No pins are attracted. B Some pins are attracted, but not as many. C The same number of pins is attracted. D More pins are attracted.    1 © UCLES 2016 0625/21/M/J/16",0625_s16_qp_21
0625_s16_qp_21_35,35,"The diagram shows a transformer.  
primary coil800 turnssecondary coil40 turnsinputvoltage output voltage
  
  The input voltage is 240
 V.  What is the output voltage? A 6.0
 V B 12  V C 20  V D 40  V ",0625_s16_qp_21
0625_s16_qp_21_36,36,"The diagram shows a shaded area where the direction of a magnetic field is into the page.  A beam of β-particles enters the field as shown.  
magnetic fieldinto the pagebeam ofβ-particles
  In which direction is the beam of β-particles deflected as they enter the magnetic field? A into the page B out of the page C down the page D up the page    1 © UCLES 2016 0625/21/M/J/16 [Turn over",0625_s16_qp_21
0625_s16_qp_21_37,37,"The arrangement shown is used to check whether the flour inside a cardboard packet is above a certain level. If it is above this level, the flour absorbs the radiation from the source so that it doesn’t reach the detector.  
radioactivesourcecardboardpacketdetector
flour
  Which type of radiation is suitable to use? A α-particles only B β-particles only C either α-particles or β-particles D γ-rays only ",0625_s16_qp_21
0625_s16_qp_21_38,38,"A nucleus of americium 
Am24395 emits an α-particle to form a nucleus of neptunium (Np).  Which equation represents this decay? A 
Am24395  →  Np24797  +  α42 B 
Am24395  →  Np24396  +  α01- C 
Am24395  →  Np24394  +  α01- D 
Am24395  →  Np23993  +  α42 ",0625_s16_qp_21
0625_s16_qp_21_39,39,A certain element has several isotopes. Which statement about these isotopes is correct? A They must have different numbers of electrons orbiting their nuclei. B They must have the same number of neutrons in their nuclei. C They must have the same number of nucleons in their nuclei. D They must have the same number of protons in their nuclei.    1 © UCLES 2016 0625/21/M/J/16,0625_s16_qp_21
0625_s16_qp_21_40,40,"A reading is taken every 10 minutes of the number of emissions per second from a radioactive source. The table shows the readings.  time
 / min number of emissions per second 
0 800 
10 560 
20 400 
30 280 
40 200 
50 140 
60 100 
 What is the half-life of the source? A 10
 min B 20  min C 40  min D 60  min    1 © UCLES 2016 0625/21/M/J/16  BLANK PAGE       
Permission to reproduce items where third-par ty owned material protected by copyright is  included has been sought and cleared w here possible. Every reasonable effort has been made by the publisher (UCLES) to trace copyright holder s, but if any items requiring clearance have unwittingly been included, the publisher will be pleased to make amends at the earliest possible opportunity.  To avoid the issue of disclosure of answer-related information to candidates, all copyright acknowledgements are reproduced onl ine in the Cambridge International Examinations Copyright Acknowledgements Booklet. This is produced for each series of examinations and is freely a vailable to download at www.cie.org.uk after the live examination series.  Cambridge International Examinations is part of the Cambridge Asse ssment Group. Cambridge Assessment is the brand name of Unive rsity of Cambridge Local Examinations Syndicate (UCLES), which is itself a department of the University of Cambridge.  
© UCLES 2016 0625/21/M/J/16  BLANK PAGE    ",0625_s16_qp_21
0625_s16_qp_22_01,1,"The diagram shows an enlarged drawing of the end of a metre rule. It is being used to measure the length of a small feather.  
1mmcm 2310 20 30
  What is the length of the feather? A 19
 mm B 29  mm C 19  cm D 29  cm ",0625_s16_qp_22
0625_s16_qp_22_02,2,"A car travels along a straight road.  The speed-time graph for this journey is shown.  During which labelled part of the journey is the resultant force on the car zero?  
timespeed
00ABCD
 ",0625_s16_qp_22
0625_s16_qp_22_03,3,"A large stone is dropped from a bridge into a river. Air resistance can be ignored.  Which row describes the acceleration and the speed of the stone as it falls?   acceleration  of the stone speed of  the stone 
A constant constant 
B constant increasing 
C increasing constant 
D increasing increasing 
    © UCLES 2016 0625/22/M/J/16 [Turn over",0625_s16_qp_22
0625_s16_qp_22_04,4,"A cup contains hot liquid.  Some of the liquid evaporates.  What happens to the mass and what happens to the weight of the liquid in the cup?   mass weight 
A decreases decreases 
B decreases stays the same 
C stays the same decreases 
D stays the same stays the same 
",0625_s16_qp_22
0625_s16_qp_22_05,5,Below are four statements about acceleration. Which statement is not correct? A Acceleration always involves changing speed. B Changing direction always involves acceleration. C Changing speed always involves acceleration. D Circular motion always involves acceleration. ,0625_s16_qp_22
0625_s16_qp_22_06,6,"The diagram shows a non-uniform beam of weight 120
 N, pivoted at one end. The beam is kept in equilibrium by force F.  
20  cm 60  cm
weight120
 N Fpivotcentre ofmass of beam
  What is the value of force F? A 30
 N B 40  N C 360  N D 480  N     © UCLES 2016 0625/22/M/J/16",0625_s16_qp_22
0625_s16_qp_22_07,7,"An object is acted upon by a 3  N force and by a 4  N force.  Each diagram shows the two forces.  Which diagram also shows the resultant X of these two forces?  
A
3 N4
 NXB3 N4
 NXC3 N4
 NXD
3 N4
 NX
 ",0625_s16_qp_22
0625_s16_qp_22_08,8,"The engine of a car produces a driving force of 5000
 N on the car. Resistive forces R also act on the car, as shown.  
R 5000  N
  The car has a mass of 800
 kg and an acceleration of 1.0  m  / s2.  What is the value of R? A 800
 N B 4200  N C 5800  N D 8000  N ",0625_s16_qp_22
0625_s16_qp_22_09,9,"A stone of mass m is held at rest in water. The stone is released and falls vertically a distance h. The stone reaches a speed v.  Some of the original energy of the stone is transferred to the water. As it falls, resistive forces cause the temperature of the water and stone to increase.  Which expression gives the work done against the resistive forces? A 
21mv  2 B mgh  –  
21mv  2 C mgh D mgh  +  
21mv  2     © UCLES 2016 0625/22/M/J/16 [Turn over",0625_s16_qp_22
0625_s16_qp_22_10,10,Which energy resource does not derive its energy from the Sun? A geothermal B hydroelectric C oil D waves ,0625_s16_qp_22
0625_s16_qp_22_11,11,"Some processes are more efficient than others.  Which expression gives the efficiency of a process? A 
inputenergy  totaloutputenergy  total × 100% B 
inputenergy  totaloutputenergy  useful × 100% C 
inputenergy  totaloutputenergy  wasted × 100% D 
outputenergy  usefuloutputenergy  wasted × 100% ",0625_s16_qp_22
0625_s16_qp_22_12,12,"A diver under water uses breathing apparatus at a depth where the pressure is 1.25 × 10
5
 Pa.  
  A bubble of gas breathed out by the diver has a volume of 20
 cm3 when it is released. The bubble moves upwards to the surface of the water.  At the surface of the water, the atmospheric pressure is 1.00 × 10
5
 Pa.  The temperature of the water is the same at all depths.  What is the volume of this bubble when it reaches the surface? A 15
 cm3 B 16  cm3 C 20  cm3 D 25  cm3     © UCLES 2016 0625/22/M/J/16",0625_s16_qp_22
0625_s16_qp_22_13,13,"The diagram shows a simple mercury barometer.  
VW
XYZmercury
  The atmospheric pressure increases.  Which distance increases? A VW B WY C XY D XZ ",0625_s16_qp_22
0625_s16_qp_22_14,14,"Which statement describes what happens as ice at 0
 °C starts to melt to become water? A Energy is absorbed and the temperature remains constant. B Energy is absorbed and the temperature rises. C Energy is released and the temperature remains constant. D Energy is released and the temperature rises. ",0625_s16_qp_22
0625_s16_qp_22_15,15,"Smoke particles, illuminated by a bright light, are seen through a microscope. They move about randomly.  What causes this motion? A attraction between the smoke particles and the molecules of the air B collisions between the smoke particles and the molecules of the air C evaporation of the faster-moving smoke particles D warming of the smoke particles by the lamp     © UCLES 2016 0625/22/M/J/16 [Turn over",0625_s16_qp_22
0625_s16_qp_22_16,16,"A liquid is at a temperature below its boiling point.  The liquid is then heated so that it becomes a gas at a temperature above its boiling point.  Which row correctly compares the liquid with the gas?   average distance between the particles average speed of the particles 
A greater in the liquid greater in the liquid 
B greater in the liquid smaller in the liquid 
C smaller in the liquid greater in the liquid 
D smaller in the liquid smaller in the liquid 
",0625_s16_qp_22
0625_s16_qp_22_17,17,"A beaker of liquid is left on a laboratory bench. There is an electric fan in the laboratory causing a draught over the liquid.  The liquid evaporates.  Which row shows two changes that will both cause the liquid to evaporate more quickly?   change to surface area of the liquid change to speed of fan 
A decrease decrease 
B decrease increase 
C increase decrease 
D increase increase 
",0625_s16_qp_22
0625_s16_qp_22_18,18,"Which processes occur in a metal to cause thermal conduction?   electron transfer proton transfer lattice vibration  
A /a19 /a19 /a19 key 
B /a19 /a19 /a23 /a19= process occurs 
C /a19 /a23 /a19 /a23= process does not occur 
D /a23 /a19 /a19  
    © UCLES 2016 0625/22/M/J/16",0625_s16_qp_22
0625_s16_qp_22_19,19,"A wooden beam is painted part black and part white. The beam absorbs infra-red radiation from the Sun during the day, and loses infra-red radiation to the surroundings at night.  
wooden beam
  Which part of the beam heats up more quickly during the day, and which part cools down more quickly at night?   part heating up more quickly part cooling down more quickly 
A black black 
B black white 
C white black 
D white white 
",0625_s16_qp_22
0625_s16_qp_22_20,20,"5.0
 g of water at 25  °C is dropped onto a large block of ice at 0  °C. The water cools to 0  °C and some of the ice melts.  Assume that all the energy lost by the water is gained by the ice.  What is the mass of ice that melts?  The specific heat capacity of water is 4.2
 J / (g  °C).  The specific latent heat of fusion of ice is 340
 J / g. A 0.062
 g B 0.087  g C 1.5  g D 10  g ",0625_s16_qp_22
0625_s16_qp_22_21,21,The frequency of a wave is doubled. The speed of the wave does not change. What happens to the wavelength of the wave? A It becomes four times as large. B It does not change. C It doubles. D It halves.     © UCLES 2016 0625/22/M/J/16 [Turn over,0625_s16_qp_22
0625_s16_qp_22_22,22,"Which row shows the natures of light waves, sound waves and X-rays?   light waves sound waves X-rays 
A longitudinal longitudinal transverse 
B longitudinal transverse longitudinal 
C transverse longitudinal transverse 
D transverse transverse longitudinal 
",0625_s16_qp_22
0625_s16_qp_22_23,23,"The diagram shows light passing from air into glass.  
30°60°air glassnormalNOT TOSCALE
  The glass has a refractive index of 1.5.  What is the angle of refraction in the glass? A 19° B 22° C 35° D 49° ",0625_s16_qp_22
0625_s16_qp_22_24,24,"Visible light has a frequency of approximately 5.0 × 10
14
 Hz.  M and N are two other types of electromagnetic radiation.  The frequency of M is 5.0 × 10
6
 Hz.  The frequency of N is 5.0 × 10
15
 Hz.  Which types of radiation are M and N?   M N 
A radio waves infra-red 
B radio waves ultraviolet 
C ultraviolet X-rays 
D X-rays infra-red 
    © UCLES 2016 0625/22/M/J/16",0625_s16_qp_22
0625_s16_qp_22_25,25,"The diagram shows a converging lens forming an image of an object.  
imageobjectX
Y
  Which statement about the image is correct? A It is real and can be seen by an eye at X. B It is real and can be seen by an eye at Y. C It is virtual and can be seen by an eye at X. D It is virtual and can be seen by an eye at Y. ",0625_s16_qp_22
0625_s16_qp_22_26,26,"A small potential difference V is applied across a filament lamp. The current I in the lamp is measured. V is increased in stages and I is measured at each stage.  Which graph shows the results obtained?  
00VIA00VIB00VIC00VID
 ",0625_s16_qp_22
0625_s16_qp_22_27,27,"A resistor of resistance R is connected to a battery of e.m.f. V.  There is a current I in the resistor.  Power P is dissipated by the resistor, and in time t the energy transferred is E.  Which expression is correct? A E = IVt B E = PIt C P = VIR D 
RVP=    1 © UCLES 2016 0625/22/M/J/16 [Turn over",0625_s16_qp_22
0625_s16_qp_22_28,28,"A wire has a certain electrical resistance.  The diameter and length of the wire may be changed.  Which pair of changes must cause the resistance of the wire to increase?   change of diameter change of length 
A decrease decrease 
B decrease increase 
C increase decrease 
D increase increase 
",0625_s16_qp_22
0625_s16_qp_22_29,29,"The four circuits shown all include an a.c. power supply, two diodes and a lamp.  In which circuit is there a rectified current in the lamp?  
A
C DB
    1 © UCLES 2016 0625/22/M/J/16",0625_s16_qp_22
0625_s16_qp_22_30,30,"P and Q are the circuit symbols for two electrical components.  
PQ  Which components are represented by P and by Q?   P Q 
A thermistor fuse 
B thermistor relay 
C variable resistor fuse 
D variable resistor relay 
",0625_s16_qp_22
0625_s16_qp_22_31,31,"The diagram shows a combination of logic gates.  
input P(= 0) output Xoutput Y input Q(= 1)
  Input P is at a logic state 0 (low) and input Q is at a logic state 1 (high).  What are the logic states at output X and at output Y?   output X output Y 
A 0 0 
B 0  C 1 0 
D 1     1 © UCLES 2016 0625/22/M/J/16 [Turn over",0625_s16_qp_22
0625_s16_qp_22_32,32,"The diagram shows part of a circuit used to switch street lamps on and off automatically.  
+
–LDR
  In the evening it gets dark.  Which row shows the effect on the resistance of the light-dependent resistor (LDR) and on the potential difference (p.d.) across it?   resistance of LDR p.d. across LDR 
A decreases decreases 
B decreases increases 
C increases decreases 
D increases increases 
",0625_s16_qp_22
0625_s16_qp_22_33,33,"A domestic circuit includes a 30
 A fuse. This protects the wiring if there is too much current in the circuit.  In which wire is the 30
 A fuse positioned, and what does it do when it operates?   position operation 
A live wire disconnects the circuit 
B live wire reduces the current to 30  A 
C neutral wire disconnects the circuit 
D neutral wire reduces the current to 30  A 
   1 © UCLES 2016 0625/22/M/J/16",0625_s16_qp_22
0625_s16_qp_22_34,34,"A strong electromagnet is used to attract pins.  
core
pinscoilcurrent
  What happens when the current in the coil is halved? A No pins are attracted. B Some pins are attracted, but not as many. C The same number of pins is attracted. D More pins are attracted. ",0625_s16_qp_22
0625_s16_qp_22_35,35,"The diagram shows a transformer.  
primary coil800 turnssecondary coil40 turnsinputvoltage output voltage
  
  The input voltage is 240
 V.  What is the output voltage? A 6.0
 V B 12  V C 20  V D 40  V    1 © UCLES 2016 0625/22/M/J/16 [Turn over",0625_s16_qp_22
0625_s16_qp_22_36,36,"The diagram shows a shaded area where the direction of a magnetic field is into the page.  A beam of β-particles enters the field as shown.  
magnetic fieldinto the pagebeam ofβ-particles
  In which direction is the beam of β-particles deflected as they enter the magnetic field? A into the page B out of the page C down the page D up the page ",0625_s16_qp_22
0625_s16_qp_22_37,37,"A very important experiment increased scientists’ understanding of the structure of matter.  In the experiment, particles scattered as they passed through a thin metal foil.  Which particles were used, and to which conclusion did the experiment lead?   particles conclusion 
A alpha particles matter is made up of atoms 
B alpha particles atoms have a very small nucleus 
C beta particles matter is made up of atoms 
D beta particles atoms have a very small nucleus 
",0625_s16_qp_22
0625_s16_qp_22_38,38,"Below are the symbols for five different nuclides.  
X3517                X3717                X3818                X8135                X8137  nuclide 1 nuclide 2 nuclide 3 nuclide 4 nuclide 5  Which two nuclides are isotopes of the same element? A nuclide 1 and nuclide 2 B nuclide 2 and nuclide 3 C nuclide 2 and nuclide 5 D nuclide 4 and nuclide 5   1  
Permission to reproduce items where third-par ty owned material protected by copyright is  included has been sought and cleared w here possible. Every reasonable effort has been made by the publisher (UCLES) to trace copyright holder s, but if any items requiring clearance have unwittingly been included, the publisher will be pleased to make amends at the earliest possible opportunity.  To avoid the issue of disclosure of answer-related information to candidates, all copyright acknowledgements are reproduced onl ine in the Cambridge International Examinations Copyright Acknowledgements Booklet. This is produced for each series of examinations and is freely a vailable to download at www.cie.org.uk after the live examination series.  Cambridge International Examinations is part of the Cambridge Asse ssment Group. Cambridge Assessment is the brand name of Unive rsity of Cambridge Local Examinations Syndicate (UCLES), which is itself a department of the University of Cambridge.  
© UCLES 2016 0625/22/M/J/16",0625_s16_qp_22
0625_s16_qp_22_39,39,"A radioactive decay can be represented as shown.  
Pa23391 → U23392  The equation is incomplete.  In this decay, the nucleus changes by A absorbing a neutron. B absorbing a proton. C emitting an α-particle. D emitting a β-particle. ",0625_s16_qp_22
0625_s16_qp_22_40,40,"The graph shows how the decay rate of a radioactive source changes with time.  
4000300020001000002468 1 0 time
 / daysdecay ratedecays
 / s
  What will be the decay rate at 8 days? A 0 decays
 / s B 125 decays
 / s C 250 decays
 / s D 500 decays
 / s    ",0625_s16_qp_22
0625_s16_qp_23_01,1,"The diagram shows an enlarged drawing of the end of a metre rule. It is being used to measure the length of a small feather.  
1mmcm 2310 20 30
  What is the length of the feather? A 19
 mm B 29  mm C 19  cm D 29  cm ",0625_s16_qp_23
0625_s16_qp_23_02,2,"An object moves at a constant speed for some time, then begins to accelerate.  Which distance-time graph shows this motion?  
distance
time00Adistance
time00B
distance
time00Cdistance
time00D
     © UCLES 2016 0625/23/M/J/16 [Turn over",0625_s16_qp_23
0625_s16_qp_23_03,3,A heavy object is released near the surface of the Earth and falls freely. Air resistance can be ignored.  Which statement about the acceleration of the object due to gravity is correct? A The acceleration depends on the mass of the object. B The acceleration depends on the volume of the object. C The acceleration is constant. D The acceleration is initially zero and increases as the object falls. ,0625_s16_qp_23
0625_s16_qp_23_04,4,"A cup contains hot liquid.  Some of the liquid evaporates.  What happens to the mass and what happens to the weight of the liquid in the cup?   mass weight 
A decreases decreases 
B decreases stays the same 
C stays the same decreases 
D stays the same stays the same 
",0625_s16_qp_23
0625_s16_qp_23_05,5,An object moves in a circle at constant speed.  Which statement about the force needed on the object is correct? A A force away from the centre of the circle keeps the object moving in the circle. B A force in the direction of motion of the object keeps it moving in the circle. C A force towards the centre of the circle keeps the object moving in the circle. D No force is needed to keep the object moving at constant speed in the circle.     © UCLES 2016 0625/23/M/J/16,0625_s16_qp_23
0625_s16_qp_23_06,6,"A long plank XY lies on the ground. A load of 120  N is placed on it, at a distance of 0.50  m from end X, as shown.  End Y is lifted off the ground. The upward force needed to do this is 65
 N.  
120  N0.50 m 1.5  m 2.0  m65 NWXY load
ground
  In the diagram, W is the weight of the plank, acting at its mid-point.  What is the value of W
 ? A 35
 N B 47  N C 100  N D 133  N ",0625_s16_qp_23
0625_s16_qp_23_07,7,"Which list contains only vector quantities? A energy, force, velocity B speed, acceleration, force C velocity, energy, acceleration D velocity, force, acceleration ",0625_s16_qp_23
0625_s16_qp_23_08,8,"A gas molecule strikes the wall of a container. The molecule rebounds with the same speed.  
before hitting the wall after hitting the wallwallgas moleculewall
gas molecule
  What happens to the kinetic energy and what happens to the momentum of the molecule?   kinetic energy momentum 
A changes changes 
B changes stays the same 
C stays the same changes 
D stays the same stays the same 
    © UCLES 2016 0625/23/M/J/16 [Turn over",0625_s16_qp_23
0625_s16_qp_23_09,9,Which energy resource does not derive its energy from the Sun? A hydroelectric B nuclear fission C waves D wind ,0625_s16_qp_23
0625_s16_qp_23_10,10,"The diagram shows the energy used by a modern lamp.  
60  W input ofelectrical power
48
 W of powerwasted in heatingsurroundings 12  W ofuseful poweroutput as light
  Which expression gives the efficiency of the lamp? A 
6012 × 100% B 
4812 × 100% C 
6048 × 100% D 
1248 × 100% ",0625_s16_qp_23
0625_s16_qp_23_11,11,"Three boxes each weigh 100
 N. A man lifts all the boxes together from the ground on to a shelf that is 1.5
 m above the ground. The man takes 2.0  s to do this.  
boxes
shelf
1.5  m
  How much useful power does the man produce to lift the boxes? A 75
 W B 225  W C 300  W D 900  W     © UCLES 2016 0625/23/M/J/16",0625_s16_qp_23
0625_s16_qp_23_12,12,"A diver under water uses breathing apparatus at a depth where the pressure is 1.25 × 105
 Pa.  
  A bubble of gas breathed out by the diver has a volume of 20
 cm3 when it is released. The bubble moves upwards to the surface of the water.  At the surface of the water, the atmospheric pressure is 1.00 × 10
5
 Pa.  The temperature of the water is the same at all depths.  What is the volume of this bubble when it reaches the surface? A 15
 cm3 B 16  cm3 C 20  cm3 D 25  cm3 ",0625_s16_qp_23
0625_s16_qp_23_13,13,"The diagram shows a simple mercury barometer.  
VW
XYZmercury
  The atmospheric pressure increases.  Which distance increases? A VW B WY C XY D XZ ",0625_s16_qp_23
0625_s16_qp_23_14,14,"What causes the random, zig-zag movement (Brownian motion) of smoke particles suspended in air? A air molecules colliding with smoke particles B convection currents as the hot smoke rises C smoke particles colliding with each other D smoke particles reacting with oxygen molecules in the air   © UCLES 2016 0625/23/M/J/16 [Turn over",0625_s16_qp_23
0625_s16_qp_23_15,15,"A sealed bottle of constant volume contains air.  The air in the bottle is heated by the Sun.  What is the effect on the average speed of the air molecules in the bottle, and the average distance between them?   average speed  of air molecules average distance between air molecules 
A decreases decreases 
B decreases stays the same 
C increases increases 
D increases stays the same 
",0625_s16_qp_23
0625_s16_qp_23_16,16,"The diagram shows a liquid-in-glass thermometer.  
–10 0 10 20 30 40 50 60 70 80 90 100 110°Cliquid threadstem glass bulbliquidtube
  How can the thermometer be made more sensitive? A increase the internal diameter of the tube containing the liquid thread B increase the internal volume of the glass bulb and the volume of the liquid C increase the length of the tube and stem D increase the thickness of the glass in the glass bulb ",0625_s16_qp_23
0625_s16_qp_23_17,17,"In an experiment to measure specific heat capacity, a block of aluminium is heated and its rise in temperature is measured.  The amount of energy gained by the block is E. The mass of the block is m. The rise in temperature of the block is ∆T.  Which expression gives the specific heat capacity of aluminium? A 
TEm∆  B 
ETm∆  C 
TmE∆  D 
mTE∆      © UCLES 2016 0625/23/M/J/16",0625_s16_qp_23
0625_s16_qp_23_18,18,"Which row shows the surface that is the better absorber and the surface that is the better emitter of infra-red radiation?   better absorber better emitter 
A black surface black surface 
B black surface white surface 
C white surface black surface 
D white surface white surface 
",0625_s16_qp_23
0625_s16_qp_23_19,19,"A student suggests some uses for containers made from good thermal conductors and for containers made from poor thermal conductors.  In which row are both suggested uses correct?   good thermal conductor poor thermal conductor 
A keeping a cold liquid at a low temperature transferring thermal energy quickly from a hot liquid 
B keeping a hot liquid at a high temperature keeping a cold liquid at a low temperature 
C  transferring thermal energy quickly from a hot liquid transferring thermal energy quickly to a cold liquid 
D transferring thermal energy quickly to a cold liquid keeping a hot liquid at a high temperature 
",0625_s16_qp_23
0625_s16_qp_23_20,20,"A water wave passes into a region where the wave travels more slowly.  As it passes into the slow region, what happens to the frequency and what happens to the wavelength of the wave?   frequency wavelength 
A decreases remains the same 
B increases remains the same 
C remains the same decreases 
D remains the same increases 
    © UCLES 2016 0625/23/M/J/16 [Turn over",0625_s16_qp_23
0625_s16_qp_23_21,21,"Which row shows the natures of light waves, sound waves and X-rays?   light waves sound waves X-rays 
A longitudinal longitudinal transverse 
B longitudinal transverse longitudinal 
C transverse longitudinal transverse 
D transverse transverse longitudinal 
",0625_s16_qp_23
0625_s16_qp_23_22,22,"The diagram shows an object in front of a plane mirror. The mirror forms an image of the object.  
NMobject
  At which labelled point is the image formed, and which type of image is formed?   where the image is formed type of image 
A at M real 
B at M virtual 
C at N real 
D at N virtual 
",0625_s16_qp_23
0625_s16_qp_23_23,23,Light enters a glass block at an angle of incidence of 46 °.  The light refracts at an angle of refraction of 26 °.  What is the refractive index of the glass? A 0.57 B 0.61 C 1.64 D 1.77     © UCLES 2016 0625/23/M/J/16,0625_s16_qp_23
0625_s16_qp_23_24,24,"The diagram shows a converging lens forming an image of an object.  
imageobjectX
Y
  Which statement about the image is correct? A It is real and can be seen by an eye at X. B It is real and can be seen by an eye at Y. C It is virtual and can be seen by an eye at X. D It is virtual and can be seen by an eye at Y. ",0625_s16_qp_23
0625_s16_qp_23_25,25,"The sound from a loudspeaker must pass through two materials to reach a microphone.  
material 1 material 2loudspeaker microphone
  Which combination of materials gives the shortest time for the sound to reach the microphone?   material 1 material  A air hydrogen 
B air water 
C copper aluminium 
D water oil 
",0625_s16_qp_23
0625_s16_qp_23_26,26,"Which range of wave frequencies includes only sounds that can be heard by a human with normal hearing? A 3.0
 Hz to 300  Hz B 30
 Hz to 3000  Hz C 300
 Hz to 30  000  Hz D 3000
 Hz to 300  000  Hz    1 © UCLES 2016 0625/23/M/J/16 [Turn over",0625_s16_qp_23
0625_s16_qp_23_27,27,"Each diagram shows two charged metal plates.  Which diagram shows the pattern and the direction of the electric field between the plates?  
––––++++A ––––++++B
––––++++CD
––––++++
 ",0625_s16_qp_23
0625_s16_qp_23_28,28,"The four circuits shown all include an a.c. power supply, two diodes and a lamp.  In which circuit is there a rectified current in the lamp?  
A
C DB
    1 © UCLES 2016 0625/23/M/J/16",0625_s16_qp_23
0625_s16_qp_23_29,29,"The diagram shows a battery connected to two resistors.  
R
  Four students separately measure the electromotive force (e.m.f.) of the battery, the current in the resistors, and the potential difference (p.d.) across resistor R.  Their results are shown in the table below.  Which row shows values with their correct units?   e.m.f. current p.d. 
A 3.0  A 0.30  V 1.5  A 
B 3.0  A 0.30  A 1.5  V 
C 3.0  V 0.30  V 1.5  A 
D 3.0  V 0.30  A 1.5  V 
",0625_s16_qp_23
0625_s16_qp_23_30,30,"A 3.0
 Ω resistor and a 6.0  Ω resistor are connected in parallel.  
6.0  Ω3.0  Ω
  What is their combined resistance? A 0.50
 Ω B 2.0  Ω C 4.5  Ω D 9.0  Ω    1 © UCLES 2016 0625/23/M/J/16 [Turn over",0625_s16_qp_23
0625_s16_qp_23_31,31,"The diagram shows a combination of logic gates.  
input P(= 0) output Xoutput Y input Q(= 1)
  Input P is at a logic state 0 (low) and input Q is at a logic state 1 (high).  What are the logic states at output X and at output Y?   output X output Y 
A 0 0 
B 0  C 1 0 
D 1  ",0625_s16_qp_23
0625_s16_qp_23_32,32,"The diagram shows part of a circuit used to switch street lamps on and off automatically.  
+
–LDR
  In the evening it gets dark.  Which row shows the effect on the resistance of the light-dependent resistor (LDR) and on the potential difference (p.d.) across it?   resistance of LDR p.d. across LDR 
A decreases decreases 
B decreases increases 
C increases decreases 
D increases increases 
   1 © UCLES 2016 0625/23/M/J/16",0625_s16_qp_23
0625_s16_qp_23_33,33,"A domestic circuit includes a 30  A fuse. This protects the wiring if there is too much current in the circuit.  In which wire is the 30
 A fuse positioned, and what does it do when it operates?   position operation 
A live wire disconnects the circuit 
B live wire reduces the current to 30  A 
C neutral wire disconnects the circuit 
D neutral wire reduces the current to 30  A 
",0625_s16_qp_23
0625_s16_qp_23_34,34,"A strong electromagnet is used to attract pins.  
core
pinscoilcurrent
  What happens when the current in the coil is halved? A No pins are attracted. B Some pins are attracted, but not as many. C The same number of pins is attracted. D More pins are attracted.    1 © UCLES 2016 0625/23/M/J/16 [Turn over",0625_s16_qp_23
0625_s16_qp_23_35,35,"The diagram shows a transformer.  
primary coil800 turnssecondary coil40 turnsinputvoltage output voltage
  
  The input voltage is 240
 V.  What is the output voltage? A 6.0
 V B 12  V C 20  V D 40  V ",0625_s16_qp_23
0625_s16_qp_23_36,36,"The diagram shows a shaded area where the direction of a magnetic field is into the page.  A beam of β-particles enters the field as shown.  
magnetic fieldinto the pagebeam ofβ-particles
  In which direction is the beam of β-particles deflected as they enter the magnetic field? A into the page B out of the page C down the page D up the page    1 © UCLES 2016 0625/23/M/J/16",0625_s16_qp_23
0625_s16_qp_23_37,37,Below are four statements about isotopes of a certain element. Which statement about the isotopes must be correct? A They are radioactive. B They are unstable. C They have the same number of neutrons. D They have the same number of protons. ,0625_s16_qp_23
0625_s16_qp_23_38,38,"Which diagram represents an experiment that provided evidence for the nuclear atom?  
goldnucleusα-particleA
goldnucleusβ-particleB
goldnucleusα-particleβ-particleC
goldnucleusD
 ",0625_s16_qp_23
0625_s16_qp_23_39,39,"Sodium-24 decays to magnesium-24 according to the following equation.  
2411Na  → 2412Mg   +  emitted particle  What is the emitted particle? A α-particle B β-particle C neutron D proton    1 © UCLES 2016 0625/23/M/J/16",0625_s16_qp_23
0625_s16_qp_23_40,40,"The reading on a detector placed near a radioactive material is 536 counts per second.  The background count rate is 44 counts per second.  The half-life of the radioactive material is 34 hours.  What is the reading on the detector after 68 hours? A 44 counts per second B 123 counts per second C 134 counts per second D 167 counts per second    1 © UCLES 2016 0625/23/M/J/16  BLANK PAGE    1 © UCLES 2016 0625/23/M/J/16  BLANK PAGE      
Permission to reproduce items where thir d-party owned material protected by copyright is included has been sought and cleared w here possible. Every reasonable effort has been made by the publisher (UCLES) to trace copyright holder s, but if any items requiring clearance have unwittingly been included, the publisher will be pleased to make amends at the earliest possible opportunity.  To avoid the issue of disclosure of answer-related information to candidates, all copyright acknowledgements are reproduced onl ine in the Cambridge International Examinations Copyright Acknowledgements Booklet. This is produced for each series of examinations and is freely a vailable to download at www.cie.org.uk after the live examination series.  Cambridge International Examinations is part of the Cambridge Asse ssment Group. Cambridge Assessment is the brand name of Unive rsity of Cambridge Local Examinations Syndicate (UCLES), which is itself a department of the University of Cambridge.  
© UCLES 2016 0625/23/M/J/16  BLANK PAGE    ",0625_s16_qp_23
0625_s17_qp_21_01,1,What is the most accurate and precise method to measure the thickness of a coin? A Use a micrometer screw gauge. B Use a ruler and look at the scale perpendicularly. C Use a top pan balance. D Use the displacement method with water in a measuring cylinder. ,0625_s17_qp_21
0625_s17_qp_21_02,2,"On Earth, a ball is dropped and falls 2.0
 m in a vacuum.  The acceleration of the ball at 1.0
 m is 10  m  / s2.  
0 m0.5
 m1.0
 m1.5
 m2.0
 mball
  What is the acceleration of the ball at 0.5
 m? A 5.0
 m  / s2 B 10  m  / s2 C 15  m  / s2 D 20  m  / s2 ",0625_s17_qp_21
0625_s17_qp_21_03,3,A skydiver reaches terminal velocity. Then he opens his parachute.  What happens to the skydiver as the parachute opens? A There is a decrease in weight. B There is acceleration upwards. C There is an increase in speed. D There is movement upwards.     © UCLES 2017 0625/21/M/J/17 [Turn over,0625_s17_qp_21
0625_s17_qp_21_04,4,A piece of steel is taken from the Earth to the Moon for an experiment. The gravitational field strength on the Moon is smaller than on the Earth.  Which statement about the piece of steel is correct? A It has less mass on the Moon than on the Earth. B It has more mass on the Moon than on the Earth. C It weighs less on the Moon than on the Earth. D It weighs more on the Moon than on the Earth. ,0625_s17_qp_21
0625_s17_qp_21_05,5,"A measuring cylinder containing only water is placed  on an electronic balance. A small, irregularly shaped stone is now completely immersed in the water.  The diagrams show the equipment before and after the stone is immersed.  
100908070605040302010measuringcylinder
waterbalance
g
before the stoneis immersed100908070605040302010
g
after the stoneis immersedcm3cm3
stone
  What is the density of the material of the stone? A 1.7
 g / cm3 B 3.3  g / cm3 C 4.5  g / cm3 D 8.7  g / cm3     © UCLES 2017 0625/21/M/J/17",0625_s17_qp_21
0625_s17_qp_21_06,6,A boat is travelling at a steady speed in a straight line across the surface of a lake.  Which statement about the boat is correct? A The resultant force on the boat is in the direction of motion. B The resultant force on the boat is in the opposite direction to its motion. C The resultant force on the boat is vertically downwards. D The resultant force on the boat is zero. ,0625_s17_qp_21
0625_s17_qp_21_07,7,"A ball of weight 1.2
 N drops through the air at terminal velocity.  A sudden gust of wind exerts a horizontal force of 0.5
 N on the ball from the left.  Which diagram shows the resultant force on the ball while the wind is blowing?  
ball
resultantforce1.2  N0.5 NA ball
resultantforce1.2 N0.5 NB
resultantforce0.5 NC
ballresultantforce1.2  N1.2  N
1.2  N 0.5 NDball
     © UCLES 2017 0625/21/M/J/17 [Turn over",0625_s17_qp_21
0625_s17_qp_21_08,8,"The diagram shows a uniform bridge, 4.0  m long and weighing 10  000  N.  The bridge is pivoted at one end. A force at the other end gradually increases until the bridge begins to lift.  
pivotbridge4.0
 mliftingforce
  What is the lifting force as the bridge starts to move upwards?  A 2500
 N B 5000  N C 10  000  N D 20  000  N ",0625_s17_qp_21
0625_s17_qp_21_09,9,"A bullet of mass 0.10
 kg travels horizontally at a speed of 600  m  / s. It strikes a stationary wooden block of mass 1.90
 kg resting on a frictionless, horizontal surface.  The bullet stays in the block.  What is the speed of the bullet and the block immediately after the impact? A 30
 m  / s B 32  m  / s C 60  m  / s D 134  m  / s     © UCLES 2017 0625/21/M/J/17",0625_s17_qp_21
0625_s17_qp_21_10,10,"A box of mass m slides down a slope of length l and vertical height d against a frictional force F.  
d lmass mFstop
  As the box slides down the slope, it loses gravitat ional potential energy and it does work against the friction.  Which row gives the loss in gravitational potential energy and the work done against friction?   loss in gravitational potential energy work done against friction 
A mgd F l 
B mgd Fd 
C mgl F l 
D mgl Fd 
",0625_s17_qp_21
0625_s17_qp_21_11,11,"The diagram represents the energy transfers for a device.  
inputenergywastedoutput energyusefuloutput energy
  The device is 50% efficient.  Which equation is correct? A input energy = useful output energy ÷ 2 B useful output energy = wasted output energy ÷ 2 C wasted output energy = useful output energy D wasted output energy = useful output energy ÷ 2     © UCLES 2017 0625/21/M/J/17 [Turn over",0625_s17_qp_21
0625_s17_qp_21_12,12,"A student carries out some simple exercises.  In which exercise is the most work done?  
1 kgliftingthrough 1
 mA
1 kgpushing through1 m against africtional force of 4
 NB
2 kgliftingthrough 2 m
2 kgpulling through2 m against africtional force of 2
 NCD
 ",0625_s17_qp_21
0625_s17_qp_21_13,13,"Four different liquids are poured into four containers.  The diagrams show the depth and the density of liquid in each container.  In which container is the pressure on its base the greatest?  
A
liquid density= 3.1
 g / cm310  cmB
liquid density= 1.2
 g / cm320  cmC
liquid density= 1.3
 g / cm330  cmD
liquid density= 0.8
 g / cm340  cm
     © UCLES 2017 0625/21/M/J/17",0625_s17_qp_21
0625_s17_qp_21_14,14,Brownian motion is observed when using a microscope to look at smoke particles in air.  What causes the smoke particles to move at random? A Smoke particles are hit by air molecules. B Smoke particles are moved by convection currents in the air. C Smoke particles have different weights and fall at different speeds. D Smoke particles hit the walls of the container. ,0625_s17_qp_21
0625_s17_qp_21_15,15,"Gas molecules striking a container wall cause a pressure to be exerted on the wall.  Which statement explains this? A When a molecule rebounds there must be a change in its energy. B When a molecule rebounds there must be a change in its momentum. C When a molecule rebounds there must be a change in its speed. D When a molecule rebounds there must be a change in its temperature.   
   © UCLES 2017 0625/21/M/J/17 [Turn over",0625_s17_qp_21
0625_s17_qp_21_16,16,"Equal masses of two different liquids are put into identical beakers.  Liquid 1 is heated for 100
 s and liquid 2 is heated for 200  s by heaters of the same power.  Each liquid has the same rise in temperature.  
liquid 1 liquid 2
heating time = 100  s heating time = 200  sdifferent liquidsof same mass
  Which statement is correct? A Each beaker of liquid has the same thermal capacity. B Each beaker of liquid receives the same energy. C Liquid 1 receives more energy than liquid 2. D The thermal capacity of liquid 1 is less than the thermal capacity of liquid 2. ",0625_s17_qp_21
0625_s17_qp_21_17,17,"Water of mass 100
 g at a temperature of 100  °C is converted into steam at 100  °C. The specific latent heat of vaporisation of water is 2300
 J / g.  How much thermal energy is absorbed by the water? A 23
 J B 230  J C 230  000  J D 23  000  000  J     © UCLES 2017 0625/21/M/J/17",0625_s17_qp_21
0625_s17_qp_21_18,18,"A copper bar and a wooden bar are joined. A piece of paper is wrapped tightly around the join.  The bar is heated strongly at the centre for a short time, and the paper goes brown on one side only.  
paper copperwoodheat
  Which side goes brown, and what does this show about wood and copper?   brown side wood copper 
A copper conductor insulator 
B copper insulator conductor 
C wood conductor insulator 
D wood insulator conductor 
   1 © UCLES 2017 0625/21/M/J/17 [Turn over",0625_s17_qp_21
0625_s17_qp_21_19,19,"Different waves hit barriers with different sized gaps.  The waves will diffract.  In which diagram does the greatest spreading occur?  
gap 2.0  cmAbarrier
wavelength1.0
 cmgap 2.0  cmBbarrier
wavelength2.0
 cm
wavelength2.0
 cmgap 3.0  cmCbarrier
wavelength1.0
 cmgap 3.0  cmDbarrier
 ",0625_s17_qp_21
0625_s17_qp_21_20,20,A converging lens is used as a magnifying glass to view an object.  Which statement is correct? A The image is inverted. B The image is nearer the lens than the object. C The image is the same size. D The image is virtual.    1 © UCLES 2017 0625/21/M/J/17,0625_s17_qp_21
0625_s17_qp_21_21,21,"Which diagram shows what happens when a ray of white light passes through a prism?  
A 
spectrum B
spectrum
C
spectrumDspectrumwhitelight
whitelightwhitelight
whitelight
 ",0625_s17_qp_21
0625_s17_qp_21_22,22,"Light travels in a vacuum and then enters a glass block. The speed of the light in the glass block is 2.0 × 10
8
 m  / s.  Which statement about the speed of light is correct? A The speed in a vacuum is 1.5 times the speed in the glass. B The speed in the glass is the same as the speed in a vacuum. C The speed in the glass is 1.5 times the speed in a vacuum. D The speed in the glass is 1.0 × 10
8 times the speed in a vacuum. ",0625_s17_qp_21
0625_s17_qp_21_23,23,"A fire alarm is not loud enough and the pitch is too low. An engineer adjusts the alarm so that it produces a louder note of a higher pitch. What effect does this have on the amplitude and on the frequency of the sound?   amplitude frequency 
A larger greater 
B larger smaller 
C smaller greater 
D smaller smaller 
   1 © UCLES 2017 0625/21/M/J/17 [Turn over",0625_s17_qp_21
0625_s17_qp_21_24,24,"In a child’s toy, metal fish are lifted out of a toy pond using a metal rod. The fish are magnetically attracted to the end of the rod. There is no magnetic force between the fish themselves.  
toy pondmetal rod
metal fish
  What are possible materials from which the fish and the rod are made?   fish rod 
A aluminium soft iron 
B aluminium steel 
C soft iron soft iron 
D soft iron steel 
",0625_s17_qp_21
0625_s17_qp_21_25,25,What is the most effective method of demagnetising a bar magnet? A placing the magnet in a solenoid carrying a large alternating current and gradually decreasing the current B placing the magnet in a solenoid carrying a large direct current and gradually decreasing the current C placing the magnet in a solenoid that produces a magnetic field in the opposite direction to the magnet D placing the magnet next to an identical bar magnet with its poles in the opposite direction ,0625_s17_qp_21
0625_s17_qp_21_26,26,A magnet near a coil of wire is attracted to the coil only when there is a current in the coil.  Which statement explains this force of attraction? A The coil of wire has its own gravitational field. B The coil of wire is made from soft iron. C The current in the coil of wire creates a magnetic field. D The current in the coil of wire induces a charge on the magnet.    1 © UCLES 2017 0625/21/M/J/17,0625_s17_qp_21
0625_s17_qp_21_27,27,A student rubs a plastic rod with a cloth.  The rod becomes positively charged.  What has happened to the rod? A It has gained electrons. B It has gained protons. C It has lost electrons. D It has lost protons. ,0625_s17_qp_21
0625_s17_qp_21_28,28,Which quantity is measured in coulombs? A charge B current C electromotive force D power ,0625_s17_qp_21
0625_s17_qp_21_29,29,"A cylinder of conducting putty has length l, diameter d and resistance R. The putty is now moulded into a cylinder of diameter 2 d that has the same volume.  
Rld
  By which factor does the resistance of the putty cylinder decrease? A 2 B 4 C 8 D 16 ",0625_s17_qp_21
0625_s17_qp_21_30,30,"The average current during a lightning strike between a cloud and the ground is 1.5 × 10
4
 A.  The lightning releases 3.0 × 10
8
 J of energy and lasts for 2.0 × 10–4
 s.  What is the average electromotive force (e.m.f.) between the cloud and the ground? A 4.0
 V B 100  V C 1.0 × 108
 V D 9.0 × 108
 V    1 © UCLES 2017 0625/21/M/J/17 [Turn over",0625_s17_qp_21
0625_s17_qp_21_31,31,"A student connects a variable potential divider (potentiometer) circuit.  
R 
S T 
V 12
 V
  What happens to the reading on the voltmeter as the sliding terminal T is moved from R to S? A It decreases from 12
 V to 0  V. B It increases from 0
 V to 12  V. C It remains at 0
 V. D It remains at 12
 V. ",0625_s17_qp_21
0625_s17_qp_21_32,32,"The circuit diagram shows a circuit with an a.c. supply, a diode and a resistor.  
  Which diagram shows how the current I in the resistor varies with time t
 ?  
A B
C D0II
IItt
tt00
0
0
00
0
    1 © UCLES 2017 0625/21/M/J/17",0625_s17_qp_21
0625_s17_qp_21_33,33,"A light-dependent resistor (LDR) and a resistor R are connected in a series circuit. Light falls on the LDR.  
A
R  The brightness of the light falling on the LDR decreases.  What happens to the resistance of the LDR and what happens to the reading on the ammeter?   resistance of LDR reading on ammeter 
A decreases decreases 
B decreases increases 
C increases decreases 
D increases increases 
",0625_s17_qp_21
0625_s17_qp_21_34,34,"The diagram shows a logic gate.  
PRQ
  Which input combinations at P and Q gives an output of 0 at R?   P Q 
A 0 0 
B 0  C 1 0 
D 1     1 © UCLES 2017 0625/21/M/J/17 [Turn over",0625_s17_qp_21
0625_s17_qp_21_35,35,"A simple d.c. electric motor is fitted with a coil that rotates in a magnetic field. A commutator connects the power supply to the coil.  What is the purpose of the commutator? A It converts a.c. into d.c. in the coil. B It prevents the current from becoming too great, because the coil has a low resistance. C It reverses the direction of the current in the coil after every 180 ° rotation of the coil. D It switches the current off momentarily after every 90 ° rotation of the coil. ",0625_s17_qp_21
0625_s17_qp_21_36,36,What is the purpose of a relay? A to change a large voltage into a small voltage B to change a small voltage into a large voltage C to use a large current to switch on a small current D to use a small current to switch on a large current ,0625_s17_qp_21
0625_s17_qp_21_37,37,"Which row gives the relative charge of an electron, a neutron and a proton?   electron neutron proton 
A –1 0 – B –1 0 + C +1 –1 0 
D +1 0 + ",0625_s17_qp_21
0625_s17_qp_21_38,38,A nuclide of element X undergoes β-decay.  Which statement is correct? A The nucleon number increases by 1. B The nucleon number stays the same. C The product is another nuclide of an isotope of X. D The proton number decreases by 1.    1 © UCLES 2017 0625/21/M/J/17,0625_s17_qp_21
0625_s17_qp_21_39,39,A sample of radioactive isotope is decaying.  The nuclei of which atoms will decay first? A It is impossible to know because radioactive decay is random. B It is impossible to know unless the age of the material is known. C The atoms near the centre will decay first because they are surrounded by more atoms. D The atoms near the surface will decay first because the radiation can escape more easily. ,0625_s17_qp_21
0625_s17_qp_21_40,40,"A detector of ionising radiation gives a background reading of 20 counts
 / minute.  A radioactive isotope with a half-life of 2.0 days is brought near to the detector. The reading on the detector increases to 100 counts
 / minute.  How long does it take for the reading on the detector to decrease to 40 counts
 / minute? A 2.0 days B 4.0 days C 5.0 days D 10 days    1 © UCLES 2017 0625/21/M/J/17  BLANK PAGE   
Permission to reproduce items where third-party owned material protected by copyright is included has been sought and cleared w here possible. Every reasonable effort has been made by the publisher (UCLES) to trac e copyright holders, but if any items requiring clearance have unwittingly been included, the publisher will be pleased to make amends  at the earliest possible opportunity.  To avoid the issue of disclosure of ans wer-related information to candidates, all copyright acknowledgements are reproduced onl ine in the Cambridge International Examinations Copyright Acknow ledgements Booklet. This is produced for each  series of examinations and is freely a vailable to download at www.cie.org.uk after the live examination series.  Cambridge International Examinations is part of the Cambridge As sessment Group. Cambridge Assessment is the brand name of Unive rsity of Cambridge Local Examinations Syndicate (UCLES), which is itself a department of the University of Cambridge.  
© UCLES 2017 0625/21/M/J/17  BLANK PAGE ",0625_s17_qp_21
0625_s17_qp_22_01,1,What is the most accurate and precise method to measure the thickness of a coin? A Use a micrometer screw gauge. B Use a ruler and look at the scale perpendicularly. C Use a top pan balance. D Use the displacement method with water in a measuring cylinder. ,0625_s17_qp_22
0625_s17_qp_22_02,2,"A student determines the average speed of a bubble rising through a liquid at constant speed.  When the student starts the stopwatch the bubble is at position P.  After 2.0
 s the bubble is at position Q.  
181920212223242526cm27Q
Pbubble
bubble  What is the speed of the bubble between P and Q? A 3.2
 cm  / s B 3.7  cm  / s C 6.4  cm  / s D 7.4  cm  / s     © UCLES 2017 0625/22/M/J/17 [Turn over",0625_s17_qp_22
0625_s17_qp_22_03,3,"The diagram shows the speed-time graph for a toy car travelling in a straight line.  
0 1.0 2.0 3.0time
 / s4.0 5.04.03.02.01.00speedm / s
  What is the acceleration of the car during the first two seconds and what is the total distance that it travels?   acceleration 
m  / s2 total distance  / m 
A 0.50  B 0.50  C 2.0  D 2.0  ",0625_s17_qp_22
0625_s17_qp_22_04,4,In which pair are both quantities measured in newtons? A force and pressure B force and weight C mass and pressure D mass and weight     © UCLES 2017 0625/22/M/J/17,0625_s17_qp_22
0625_s17_qp_22_05,5,"The masses of a measuring cylinder before and after pouring some liquid into it are shown in the diagram.  
200100cm3
mass = 80  g200100cm3
mass = 180  gliquid
  What is the density of the liquid? A 
120100g / cm3 B 140100g / cm3 C 120180g / cm3 D 140180g / cm3   
6 A spring which obeys Hooke’s Law has an unstretched length of 10  cm.  A load of 20
 N is hung from the spring.  The new length of the spring is 36
 cm.  What is the spring constant 
k of the spring? 
A 0.56  N  / cm B 0.77  N  / cm C 1.3  N  / cm D 1.8  N  / cm   
7 A car travels forwards along a straight horizontal road. Only the horizontal forces acting on it are shown.  
driving force air resistanceand friction
  The length of each arrow represents the size of each force.  How do these forces affect the motion of the car? 
A The car moves at constant speed. 
B The car moves backwards. 
C The car slows down. 
D The car’s forward speed increases.     © UCLES 2017 0625/22/M/J/17 [Turn over  8 The diagram shows a wooden beam of weight 20  N. The centre of mass of the beam is labelled M.  There is a pivot at one end of the beam. The beam is kept horizontal by an upward force, F.  
1.2  m2.0  mFM
20  Npivot
wooden beam
  What is the magnitude of F
 ? A 12
 N B 20  N C 30  N D 33  N   9 A ball of mass 2.0
 kg is travelling at a speed of 12  m  / s. It moves towards an object of mass 3.0  kg which is at rest.  
12  m / s2.0
 kg3.0 kgat rest
  The ball hits the object and sticks to it.  Which row gives the total momentum, and the speed of both objects immediately after the collision?   total momentum 
kg  m  / s speed m  / s 
A 0 4. B 0 8.0 
C 24 4. D 24 8.0 
    © UCLES 2017 0625/22/M/J/17  10 An object falls from a height of 5.0  m.  Air resistance can be ignored.  As it hits the ground the object has 750
 J of kinetic energy.  What is its mass? A 15
 kg B 50  kg C 75  kg D 150  kg   11 An electric generator produces an electromotive force (e.m.f.) of 200
 V and produces a current of 3.0
 A in a circuit. The generator is driven by an engine with a power of 2.4  kW.  What is the efficiency of the generator? A 2.8% B 25% C 28% D 36%   12 The diagrams show athletes training by stretching springs.  Each spring has the same stiffness.  Which athlete does the most work?  
A
one spring stretchedby 0.60
 m
two springs stretchedby 0.60
 mB
one spring stretchedby 0.80
 m
CD
two springs stretchedby 0.80
 m     © UCLES 2017 0625/22/M/J/17 [Turn over  13 Four different liquids are poured into four containers.  The diagrams show the depth and the density of liquid in each container.  In which container is the pressure on its base the greatest?  
A
liquid density= 3.1
 g / cm310  cmB
liquid density= 1.2
 g / cm320  cmC
liquid density= 1.3
 g / cm330  cmD
liquid density= 0.8
 g / cm340  cm
   14 Brownian motion is observed when using a microscope to look at smoke particles in air.  What causes the smoke particles to move at random? A Smoke particles are hit by air molecules. B Smoke particles are moved by convection currents in the air. C Smoke particles have different weights and fall at different speeds. D Smoke particles hit the walls of the container.   15 A student blows air through a liquid using a straw. This causes the liquid to evaporate quickly and therefore to cool.  Which statement explains why the remaining liquid cools? A Slower-moving molecules are carried away by the air bubbles. B The air molecules conduct heat from the liquid. C The air sets up convection currents in the liquid. D The molecules with most energy leave the liquid.   16 What is meant by the specific latent heat of fusion of ice? A the energy needed to change unit mass of ice into water at constant temperature B the energy needed to change unit volume of ice into water at constant temperature C the energy needed to produce unit temperature increase of unit mass of ice D the energy needed to produce unit temperature increase of unit volume of ice     © UCLES 2017 0625/22/M/J/17  17 Equal masses of two different liquids are put into identical beakers.  Liquid 1 is heated for 100
 s and liquid 2 is heated for 200  s by heaters of the same power.  Each liquid has the same rise in temperature.  
liquid 1 liquid 2
heating time = 100  s heating time = 200  sdifferent liquidsof same mass
  Which statement is correct? A Each beaker of liquid has the same thermal capacity. B Each beaker of liquid receives the same energy. C Liquid 1 receives more energy than liquid 2. D The thermal capacity of liquid 1 is less than the thermal capacity of liquid 2.     © UCLES 2017 0625/22/M/J/17 [Turn over  18 A copper bar and a wooden bar are joined. A piece of paper is wrapped tightly around the join.  The bar is heated strongly at the centre for a short time, and the paper goes brown on one side only.  
paper copperwoodheat
  Which side goes brown, and what does this show about wood and copper?   brown side wood copper 
A copper conductor insulator 
B copper insulator conductor 
C wood conductor insulator 
D wood insulator conductor 
    © UCLES 2017 0625/22/M/J/17  19 Different waves hit barriers with different sized gaps.  The waves will diffract.  In which diagram does the greatest spreading occur?  
gap 2.0  cmAbarrier
wavelength1.0
 cmgap 2.0  cmBbarrier
wavelength2.0
 cm
wavelength2.0
 cmgap 3.0  cmCbarrier
wavelength1.0
 cmgap 3.0  cmDbarrier
    1 © UCLES 2017 0625/22/M/J/17 [Turn over  20 The incomplete ray diagram shows two rays of light that have passed from one point on an object through a thin converging lens.  
lensright object
rays oflightleft
  Which type of image is formed, and on which side of the lens is it formed?   type of image which side of lens 
A real on the left 
B real on the right 
C virtual on the left 
D virtual on the right 
  21 Which diagram shows what happens when a ray of white light passes through a prism?  
A 
spectrum B
spectrum
C
spectrumDspectrumwhitelight
whitelightwhitelight
whitelight
    1 © UCLES 2017 0625/22/M/J/17  22 Light travels in a vacuum and then enters a glass block. The speed of the light in the glass block is 2.0 × 10
8
 m  / s.  Which statement about the speed of light is correct? A The speed in a vacuum is 1.5 times the speed in the glass. B The speed in the glass is the same as the speed in a vacuum. C The speed in the glass is 1.5 times the speed in a vacuum. D The speed in the glass is 1.0 × 10
8 times the speed in a vacuum.   23 A fire alarm is not loud enough and the pitch is too low. An engineer adjusts the alarm so that it produces a louder note of a higher pitch. What effect does this have on the amplitude and on the frequency of the sound?   amplitude frequency 
A larger greater 
B larger smaller 
C smaller greater 
D smaller smaller 
  24 A student demagnetises a magnetised steel bar.  He places the bar in a solenoid connected to a power supply. He then removes the bar from the solenoid.  Which row indicates the most effective way of demagnetising the bar?   type of power supply speed to remove bar 
A a.c. fast 
B a.c. slow 
C d.c. fast 
D d.c. slow 
   1 © UCLES 2017 0625/22/M/J/17 [Turn over  25 A magnet near a coil of wire is attracted to the coil only when there is a current in the coil.  Which statement explains this force of attraction? A The coil of wire has its own gravitational field. B The coil of wire is made from soft iron. C The current in the coil of wire creates a magnetic field. D The current in the coil of wire induces a charge on the magnet.   26 What is wrong with this labelled diagram of a permanent magnet?  
N Siron disc
  A The cross-section should be rectangular. B The length should be greater than the diameter. C The magnet should be made of steel. D The N-pole and the S-pole should be reversed.   27 A student tests the electrical conduction of four materials.  aluminium iron plastic silver  Which materials conduct electricity? A aluminium, iron and silver only B aluminium and silver only C iron, silver and plastic only D plastic only    1 © UCLES 2017 0625/22/M/J/17  28 What is the unit of charge? A ampere B coulomb C ohm D volt   29 An isolated metal sphere is positively charged.  It is then brought near to another isolated metal sphere that is neutral.  
++++++++++++
neutralmetal sphere positively chargedmetal sphere
  What happens to the charges on the neutral sphere as the positively charged sphere is brought close to it? A Some positive charges move to the left and some negative charges move to the right. B Some positive charges move to the right and some negative charges move to the left. C Some positive charges move to the right, but the negative charges do not move. D The positive charges do not move, but some negative charges move to the left.   30 Which diagram is the current-voltage ( I-V) characteristic graph for a metallic conductor at constant temperature?  
A00VI B00VI C00VI D00VI
    1 © UCLES 2017 0625/22/M/J/17 [Turn over  31 Four circuits each contain a 6  V battery, a diode, an ammeter and a lamp. None of the components is faulty.  Which circuit shows a possible ammeter reading?  
AAreading = 1.0
 AABreading = 0
 A
ACreading = 1.0
 AADreading = –1.0
 A   32 A student connects a variable potential divider (potentiometer) circuit.  
R 
S T 
V 12
 V
  What happens to the reading on the voltmeter as the sliding terminal T is moved from R to S? A It decreases from 12
 V to 0  V. B It increases from 0
 V to 12  V. C It remains at 0
 V. D It remains at 12
 V.    1 © UCLES 2017 0625/22/M/J/17  33 The diagram shows an electric circuit.  
10  Ω0.40 A 20  Ω
  What is the potential difference (p.d.) across the LDR? A 4.0
 V B 8.0  V C 25  V D 50  V   34 What does the symbol shown represent?  
  A an AND gate B a NOR gate C a NOT gate D an OR gate   35 What is the purpose of a relay? A to change a large voltage into a small voltage B to change a small voltage into a large voltage C to use a large current to switch on a small current D to use a small current to switch on a large current   36 Which device uses a split-ring commutator? A a d.c. motor B a relay C a transformer D an a.c. generator    1 © UCLES 2017 0625/22/M/J/17  37 Which particle has a negative charge? A an alpha particle B an electron C a neutron D a proton   38 A type of nuclear reaction takes place in stars.  Which row describes this type of reaction?   nuclear reaction nuclei formed energy transfer 
A fission larger than original nuclei released 
B fission smaller than original nuclei absorbed 
C fusion larger than original nuclei released 
D fusion smaller than original nuclei absorbed 
  39 A sample of radioactive isotope is decaying.  The nuclei of which atoms will decay first? A It is impossible to know because radioactive decay is random. B It is impossible to know unless the age of the material is known. C The atoms near the centre will decay first because they are surrounded by more atoms. D The atoms near the surface will decay first because the radiation can escape more easily.   40 A sample of a radioactive isotope emits particles at a rate of 240 per minute.  After 48 hours the rate of emission has decreased to 15 per minute.  What is the half-life of the radioactive material? A 4.0 hours B 8.0 hours C 12 hours D 16 hours    1 © UCLES 2017 0625/22/M/J/17  BLANK PAGE 1 © UCLES 2017 0625/22/M/J/17  BLANK PAGE   
Permission to reproduce items where third-party owned material protected by copyright is included has been sought and cleared w here possible. Every reasonable effort has been made by the publisher (UCLES) to trac e copyright holders, but if any items requiring clearance have unwittingly been included, the publisher will be pleased to make amends  at the earliest possible opportunity.  To avoid the issue of disclosure of ans wer-related information to candidates, all copyright acknowledgements are reproduced onl ine in the Cambridge International Examinations Copyright Acknow ledgements Booklet. This is produced for each  series of examinations and is freely a vailable to download at www.cie.org.uk after the live examination series.  Cambridge International Examinations is part of the Cambridge As sessment Group. Cambridge Assessment is the brand name of Unive rsity of Cambridge Local Examinations Syndicate (UCLES), which is itself a department of the University of Cambridge.  
© UCLES 2017 0625/22/M/J/17  BLANK PAGE ",0625_s17_qp_22
pass,pass,pass,pass
pass,pass,pass,pass
0625_s17_qp_22_08,8,"The diagram shows a wooden beam of weight 20  N. The centre of mass of the beam is labelled M.  There is a pivot at one end of the beam. The beam is kept horizontal by an upward force, F.  
1.2  m2.0  mFM
20  Npivot
wooden beam
  What is the magnitude of F
 ? A 12
 N B 20  N C 30  N D 33  N ",0625_s17_qp_22
0625_s17_qp_22_09,9,"A ball of mass 2.0
 kg is travelling at a speed of 12  m  / s. It moves towards an object of mass 3.0  kg which is at rest.  
12  m / s2.0
 kg3.0 kgat rest
  The ball hits the object and sticks to it.  Which row gives the total momentum, and the speed of both objects immediately after the collision?   total momentum 
kg  m  / s speed m  / s 
A 0 4. B 0 8.0 
C 24 4. D 24 8.0 
    © UCLES 2017 0625/22/M/J/17",0625_s17_qp_22
0625_s17_qp_22_10,10,"An object falls from a height of 5.0  m.  Air resistance can be ignored.  As it hits the ground the object has 750
 J of kinetic energy.  What is its mass? A 15
 kg B 50  kg C 75  kg D 150  kg ",0625_s17_qp_22
0625_s17_qp_22_11,11,"An electric generator produces an electromotive force (e.m.f.) of 200
 V and produces a current of 3.0
 A in a circuit. The generator is driven by an engine with a power of 2.4  kW.  What is the efficiency of the generator? A 2.8% B 25% C 28% D 36% ",0625_s17_qp_22
0625_s17_qp_22_12,12,"The diagrams show athletes training by stretching springs.  Each spring has the same stiffness.  Which athlete does the most work?  
A
one spring stretchedby 0.60
 m
two springs stretchedby 0.60
 mB
one spring stretchedby 0.80
 m
CD
two springs stretchedby 0.80
 m     © UCLES 2017 0625/22/M/J/17 [Turn over",0625_s17_qp_22
0625_s17_qp_22_13,13,"Four different liquids are poured into four containers.  The diagrams show the depth and the density of liquid in each container.  In which container is the pressure on its base the greatest?  
A
liquid density= 3.1
 g / cm310  cmB
liquid density= 1.2
 g / cm320  cmC
liquid density= 1.3
 g / cm330  cmD
liquid density= 0.8
 g / cm340  cm
 ",0625_s17_qp_22
0625_s17_qp_22_14,14,Brownian motion is observed when using a microscope to look at smoke particles in air.  What causes the smoke particles to move at random? A Smoke particles are hit by air molecules. B Smoke particles are moved by convection currents in the air. C Smoke particles have different weights and fall at different speeds. D Smoke particles hit the walls of the container. ,0625_s17_qp_22
0625_s17_qp_22_15,15,A student blows air through a liquid using a straw. This causes the liquid to evaporate quickly and therefore to cool.  Which statement explains why the remaining liquid cools? A Slower-moving molecules are carried away by the air bubbles. B The air molecules conduct heat from the liquid. C The air sets up convection currents in the liquid. D The molecules with most energy leave the liquid. ,0625_s17_qp_22
0625_s17_qp_22_16,16,What is meant by the specific latent heat of fusion of ice? A the energy needed to change unit mass of ice into water at constant temperature B the energy needed to change unit volume of ice into water at constant temperature C the energy needed to produce unit temperature increase of unit mass of ice D the energy needed to produce unit temperature increase of unit volume of ice     © UCLES 2017 0625/22/M/J/17,0625_s17_qp_22
0625_s17_qp_22_17,17,"Equal masses of two different liquids are put into identical beakers.  Liquid 1 is heated for 100
 s and liquid 2 is heated for 200  s by heaters of the same power.  Each liquid has the same rise in temperature.  
liquid 1 liquid 2
heating time = 100  s heating time = 200  sdifferent liquidsof same mass
  Which statement is correct? A Each beaker of liquid has the same thermal capacity. B Each beaker of liquid receives the same energy. C Liquid 1 receives more energy than liquid 2. D The thermal capacity of liquid 1 is less than the thermal capacity of liquid 2.     © UCLES 2017 0625/22/M/J/17 [Turn over",0625_s17_qp_22
0625_s17_qp_22_18,18,"A copper bar and a wooden bar are joined. A piece of paper is wrapped tightly around the join.  The bar is heated strongly at the centre for a short time, and the paper goes brown on one side only.  
paper copperwoodheat
  Which side goes brown, and what does this show about wood and copper?   brown side wood copper 
A copper conductor insulator 
B copper insulator conductor 
C wood conductor insulator 
D wood insulator conductor 
    © UCLES 2017 0625/22/M/J/17",0625_s17_qp_22
0625_s17_qp_22_19,19,"Different waves hit barriers with different sized gaps.  The waves will diffract.  In which diagram does the greatest spreading occur?  
gap 2.0  cmAbarrier
wavelength1.0
 cmgap 2.0  cmBbarrier
wavelength2.0
 cm
wavelength2.0
 cmgap 3.0  cmCbarrier
wavelength1.0
 cmgap 3.0  cmDbarrier
    1 © UCLES 2017 0625/22/M/J/17 [Turn over",0625_s17_qp_22
0625_s17_qp_22_20,20,"The incomplete ray diagram shows two rays of light that have passed from one point on an object through a thin converging lens.  
lensright object
rays oflightleft
  Which type of image is formed, and on which side of the lens is it formed?   type of image which side of lens 
A real on the left 
B real on the right 
C virtual on the left 
D virtual on the right 
",0625_s17_qp_22
0625_s17_qp_22_21,21,"Which diagram shows what happens when a ray of white light passes through a prism?  
A 
spectrum B
spectrum
C
spectrumDspectrumwhitelight
whitelightwhitelight
whitelight
    1 © UCLES 2017 0625/22/M/J/17",0625_s17_qp_22
0625_s17_qp_22_22,22,"Light travels in a vacuum and then enters a glass block. The speed of the light in the glass block is 2.0 × 10
8
 m  / s.  Which statement about the speed of light is correct? A The speed in a vacuum is 1.5 times the speed in the glass. B The speed in the glass is the same as the speed in a vacuum. C The speed in the glass is 1.5 times the speed in a vacuum. D The speed in the glass is 1.0 × 10
8 times the speed in a vacuum. ",0625_s17_qp_22
0625_s17_qp_22_23,23,"A fire alarm is not loud enough and the pitch is too low. An engineer adjusts the alarm so that it produces a louder note of a higher pitch. What effect does this have on the amplitude and on the frequency of the sound?   amplitude frequency 
A larger greater 
B larger smaller 
C smaller greater 
D smaller smaller 
",0625_s17_qp_22
0625_s17_qp_22_24,24,"A student demagnetises a magnetised steel bar.  He places the bar in a solenoid connected to a power supply. He then removes the bar from the solenoid.  Which row indicates the most effective way of demagnetising the bar?   type of power supply speed to remove bar 
A a.c. fast 
B a.c. slow 
C d.c. fast 
D d.c. slow 
   1 © UCLES 2017 0625/22/M/J/17 [Turn over",0625_s17_qp_22
0625_s17_qp_22_25,25,A magnet near a coil of wire is attracted to the coil only when there is a current in the coil.  Which statement explains this force of attraction? A The coil of wire has its own gravitational field. B The coil of wire is made from soft iron. C The current in the coil of wire creates a magnetic field. D The current in the coil of wire induces a charge on the magnet. ,0625_s17_qp_22
0625_s17_qp_22_26,26,"What is wrong with this labelled diagram of a permanent magnet?  
N Siron disc
  A The cross-section should be rectangular. B The length should be greater than the diameter. C The magnet should be made of steel. D The N-pole and the S-pole should be reversed. ",0625_s17_qp_22
0625_s17_qp_22_27,27,"A student tests the electrical conduction of four materials.  aluminium iron plastic silver  Which materials conduct electricity? A aluminium, iron and silver only B aluminium and silver only C iron, silver and plastic only D plastic only    1 © UCLES 2017 0625/22/M/J/17",0625_s17_qp_22
0625_s17_qp_22_28,28,What is the unit of charge? A ampere B coulomb C ohm D volt ,0625_s17_qp_22
0625_s17_qp_22_29,29,"An isolated metal sphere is positively charged.  It is then brought near to another isolated metal sphere that is neutral.  
++++++++++++
neutralmetal sphere positively chargedmetal sphere
  What happens to the charges on the neutral sphere as the positively charged sphere is brought close to it? A Some positive charges move to the left and some negative charges move to the right. B Some positive charges move to the right and some negative charges move to the left. C Some positive charges move to the right, but the negative charges do not move. D The positive charges do not move, but some negative charges move to the left. ",0625_s17_qp_22
0625_s17_qp_22_30,30,"Which diagram is the current-voltage ( I-V) characteristic graph for a metallic conductor at constant temperature?  
A00VI B00VI C00VI D00VI
    1 © UCLES 2017 0625/22/M/J/17 [Turn over",0625_s17_qp_22
0625_s17_qp_22_31,31,"Four circuits each contain a 6  V battery, a diode, an ammeter and a lamp. None of the components is faulty.  Which circuit shows a possible ammeter reading?  
AAreading = 1.0
 AABreading = 0
 A
ACreading = 1.0
 AADreading = –1.0
 A ",0625_s17_qp_22
0625_s17_qp_22_32,32,"A student connects a variable potential divider (potentiometer) circuit.  
R 
S T 
V 12
 V
  What happens to the reading on the voltmeter as the sliding terminal T is moved from R to S? A It decreases from 12
 V to 0  V. B It increases from 0
 V to 12  V. C It remains at 0
 V. D It remains at 12
 V.    1 © UCLES 2017 0625/22/M/J/17",0625_s17_qp_22
0625_s17_qp_22_33,33,"The diagram shows an electric circuit.  
10  Ω0.40 A 20  Ω
  What is the potential difference (p.d.) across the LDR? A 4.0
 V B 8.0  V C 25  V D 50  V ",0625_s17_qp_22
0625_s17_qp_22_34,34,"What does the symbol shown represent?  
  A an AND gate B a NOR gate C a NOT gate D an OR gate ",0625_s17_qp_22
0625_s17_qp_22_35,35,What is the purpose of a relay? A to change a large voltage into a small voltage B to change a small voltage into a large voltage C to use a large current to switch on a small current D to use a small current to switch on a large current ,0625_s17_qp_22
0625_s17_qp_22_36,36,Which device uses a split-ring commutator? A a d.c. motor B a relay C a transformer D an a.c. generator    1 © UCLES 2017 0625/22/M/J/17,0625_s17_qp_22
0625_s17_qp_22_37,37,Which particle has a negative charge? A an alpha particle B an electron C a neutron D a proton ,0625_s17_qp_22
0625_s17_qp_22_38,38,"A type of nuclear reaction takes place in stars.  Which row describes this type of reaction?   nuclear reaction nuclei formed energy transfer 
A fission larger than original nuclei released 
B fission smaller than original nuclei absorbed 
C fusion larger than original nuclei released 
D fusion smaller than original nuclei absorbed 
",0625_s17_qp_22
0625_s17_qp_22_39,39,A sample of radioactive isotope is decaying.  The nuclei of which atoms will decay first? A It is impossible to know because radioactive decay is random. B It is impossible to know unless the age of the material is known. C The atoms near the centre will decay first because they are surrounded by more atoms. D The atoms near the surface will decay first because the radiation can escape more easily. ,0625_s17_qp_22
0625_s17_qp_22_40,40,"A sample of a radioactive isotope emits particles at a rate of 240 per minute.  After 48 hours the rate of emission has decreased to 15 per minute.  What is the half-life of the radioactive material? A 4.0 hours B 8.0 hours C 12 hours D 16 hours    1 © UCLES 2017 0625/22/M/J/17  BLANK PAGE 1 © UCLES 2017 0625/22/M/J/17  BLANK PAGE   
Permission to reproduce items where third-party owned material protected by copyright is included has been sought and cleared w here possible. Every reasonable effort has been made by the publisher (UCLES) to trac e copyright holders, but if any items requiring clearance have unwittingly been included, the publisher will be pleased to make amends  at the earliest possible opportunity.  To avoid the issue of disclosure of ans wer-related information to candidates, all copyright acknowledgements are reproduced onl ine in the Cambridge International Examinations Copyright Acknow ledgements Booklet. This is produced for each  series of examinations and is freely a vailable to download at www.cie.org.uk after the live examination series.  Cambridge International Examinations is part of the Cambridge As sessment Group. Cambridge Assessment is the brand name of Unive rsity of Cambridge Local Examinations Syndicate (UCLES), which is itself a department of the University of Cambridge.  
© UCLES 2017 0625/22/M/J/17  BLANK PAGE ",0625_s17_qp_22
0625_s17_qp_23_01,1,What is the most accurate and precise method to measure the thickness of a coin? A Use a micrometer screw gauge. B Use a ruler and look at the scale perpendicularly. C Use a top pan balance. D Use the displacement method with water in a measuring cylinder. ,0625_s17_qp_23
0625_s17_qp_23_02,2,"A pendulum is swinging. Five students each meas ure the time it takes to swing through ten complete swings.  Three students measure the time as 17.2
 s. Another student measures it as 16.9  s, and the fifth student measures it as 17.0
 s.  What is the average period of the pendulum? A 1.69
 s B 1.70  s C 1.71  s D 1.72  s ",0625_s17_qp_23
0625_s17_qp_23_03,3,"Which distance-time graph represents a body whose speed is decreasing?  
A00distancetimeB00distancetime
C00distancetimeD00distancetime
     © UCLES 2017 0625/23/M/J/17 [Turn over",0625_s17_qp_23
0625_s17_qp_23_04,4,"What are the units for mass, pressure and velocity?   mass pressure velocity 
A kg N  s Pa 
B kg Pa m  / s 
C N  s Pa m  / s 
D Pa N  s m  / s 
",0625_s17_qp_23
0625_s17_qp_23_05,5,"A steel ball bearing has a mass of 24
 g and a density of 8.0  g / cm3. It is lowered into a measuring cylinder containing 12
 cm3 of water.  What is the new water level in the cylinder? A 3.0
 cm3 B 4.0  cm3 C 15  cm3 D 16  cm3 ",0625_s17_qp_23
0625_s17_qp_23_06,6,"The diagram shows an object being acted upon by two forces.  
3.0  N6.0  N
  What is the size of the resultant force on the object? A 2.0
 N B 3.0  N C 9.0  N D 18  N     © UCLES 2017 0625/23/M/J/17",0625_s17_qp_23
0625_s17_qp_23_07,7,"The diagram shows a man holding a sack and barrow stationary. He applies a vertical force to the handle.  The centre of mass and the weight of the sack and barrow are shown. The wheel acts as a pivot.  
weight ofsack and barrow200
 N15  cm 45  cm80 cm20 cmforceexertedby mancentre of massof sack and barrow
  What is the magnitude of the vertical force exerted by the man? A 38
 N B 50  N C 67  N D 200  N     © UCLES 2017 0625/23/M/J/17 [Turn over",0625_s17_qp_23
0625_s17_qp_23_08,8,"The diagram shows the only two forces F 1 and F 2 acting on an object. The magnitude of each force is represented by the length of each arrow.  
F2110°F1
  The resultant force acting on the object is R.  Which vector diagram shows how forces F
1 and F 2 add to produce R?  
F1
F2110°A
F1F270° R
RRBF1
F2110°C
F1F2R
70°D
     © UCLES 2017 0625/23/M/J/17",0625_s17_qp_23
0625_s17_qp_23_09,9,"The diagrams show four bodies moving in the directions shown. The only forces acting on the bodies are shown in each diagram.  Which body gains the most kinetic energy when moving a distance of 1.0
 m?  
A20
 N10
 NB10
 N
C10
 N3 0  N3 0  N 25  NDmovement
movement movementmovement
 ",0625_s17_qp_23
0625_s17_qp_23_10,10,A steel ball is fired vertically upwards with a velocity v. The ball reaches a height h.  The same ball is now fired vertically upwards from the same position with a velocity 2 v.  Air resistance can be ignored.  What is the new height reached by the ball? A h B 2h C 4h D 8h     © UCLES 2017 0625/23/M/J/17 [Turn over,0625_s17_qp_23
0625_s17_qp_23_11,11,"A solar panel is used to recharge a battery. The solar panel produces 0.80  W of electrical power. The panel is 20% efficient.  
solar panel
sunlight
power tobattery0.80
 W
  What is the power input of the sunlight onto the solar panel? A 0.16
 W B 4.0  W C 8.0  W D 16  W ",0625_s17_qp_23
0625_s17_qp_23_12,12,"The diagrams show four different athletes training by doing pull-ups.  Which athlete does the most work?  
A
weight ofathlete = 700
 Ndistancelifted = 0.50
 mB
weight ofathlete = 700 Ndistancelifted = 0.55
 mC
weight ofathlete = 800 Ndistancelifted = 0.50
 mD
weight ofathlete = 800 Ndistancelifted = 0.55
 m     © UCLES 2017 0625/23/M/J/17",0625_s17_qp_23
0625_s17_qp_23_13,13,"Four different liquids are poured into four containers.  The diagrams show the depth and the density of liquid in each container.  In which container is the pressure on its base the greatest?  
A
liquid density= 3.1
 g / cm310  cmB
liquid density= 1.2
 g / cm320  cmC
liquid density= 1.3
 g / cm330  cmD
liquid density= 0.8
 g / cm340  cm
 ",0625_s17_qp_23
0625_s17_qp_23_14,14,Brownian motion is observed when using a microscope to look at smoke particles in air.  What causes the smoke particles to move at random? A Smoke particles are hit by air molecules. B Smoke particles are moved by convection currents in the air. C Smoke particles have different weights and fall at different speeds. D Smoke particles hit the walls of the container. ,0625_s17_qp_23
0625_s17_qp_23_15,15,"The diagrams show four open dishes. Each dish contains water at the same temperature.  The dishes are different shapes and a draught blows over two of them.  From which container does the water evaporate at the greatest rate?  
AdraughtBdraughtno draught no draughtC D
     © UCLES 2017 0625/23/M/J/17 [Turn over",0625_s17_qp_23
0625_s17_qp_23_16,16,"Equal masses of two different liquids are put into identical beakers.  Liquid 1 is heated for 100
 s and liquid 2 is heated for 200  s by heaters of the same power.  Each liquid has the same rise in temperature.  
liquid 1 liquid 2
heating time = 100  s heating time = 200  sdifferent liquidsof same mass
  Which statement is correct? A Each beaker of liquid has the same thermal capacity. B Each beaker of liquid receives the same energy. C Liquid 1 receives more energy than liquid 2. D The thermal capacity of liquid 1 is less than the thermal capacity of liquid 2.     © UCLES 2017 0625/23/M/J/17",0625_s17_qp_23
0625_s17_qp_23_17,17,"A block of ice at –20  °C is heated until it turns to steam. The graph of temperature against thermal energy absorbed is shown.  The latent heat of fusion of ice is 340
 kJ  / kg.  
100806040200–20temperature°C0 200 400 600 800 1000 1200 1400 1600 1800 2000 2200 2400 2600
1146  kJ126  kJ 2406  kJthermal energyabsorbed
 / kJ  What is the mass of the ice? A 1.0
 kg B 2.0  kg C 3.0  kg D 4.0  kg ",0625_s17_qp_23
0625_s17_qp_23_18,18,"A copper bar and a wooden bar are joined. A piece of paper is wrapped tightly around the join.  The bar is heated strongly at the centre for a short time, and the paper goes brown on one side only.  
paper copperwoodheat
  Which side goes brown, and what does this show about wood and copper?   brown side wood copper 
A copper conductor insulator 
B copper insulator conductor 
C wood conductor insulator 
D wood insulator conductor 
   1 © UCLES 2017 0625/23/M/J/17 [Turn over",0625_s17_qp_23
0625_s17_qp_23_19,19,"Different waves hit barriers with different sized gaps.  The waves will diffract.  In which diagram does the greatest spreading occur?  
gap 2.0  cmAbarrier
wavelength1.0
 cmgap 2.0  cmBbarrier
wavelength2.0
 cm
wavelength2.0
 cmgap 3.0  cmCbarrier
wavelength1.0
 cmgap 3.0  cmDbarrier
    1 © UCLES 2017 0625/23/M/J/17",0625_s17_qp_23
0625_s17_qp_23_20,20,"A converging lens is used to make an image on a screen.  
candlescreenconverginglens
imageformedhere
  What type of image is formed on the screen? A real and inverted B real and upright C virtual and inverted D virtual and upright ",0625_s17_qp_23
0625_s17_qp_23_21,21,"Which diagram shows what happens when a ray of white light passes through a prism?  
A 
spectrum B
spectrum
C
spectrumDspectrumwhitelight
whitelightwhitelight
whitelight
    1 © UCLES 2017 0625/23/M/J/17 [Turn over",0625_s17_qp_23
0625_s17_qp_23_22,22,"Light travels in a vacuum and then enters a glass blo ck. The speed of the light in the glass block is 2.0 × 10
8
 m  / s.  Which statement about the speed of light is correct? A The speed in a vacuum is 1.5 times the speed in the glass. B The speed in the glass is the same as the speed in a vacuum. C The speed in the glass is 1.5 times the speed in a vacuum. D The speed in the glass is 1.0 × 10
8 times the speed in a vacuum. ",0625_s17_qp_23
0625_s17_qp_23_23,23,"A fire alarm is not loud enough and the pitch is too low. An engineer adjusts the alarm so that it produces a louder note of a higher pitch. What effect does this have on the amplitude and on the frequency of the sound?   amplitude frequency 
A larger greater 
B larger smaller 
C smaller greater 
D smaller smaller 
",0625_s17_qp_23
0625_s17_qp_23_24,24,In which way are a bar magnet and an electromagnet similar? A A bar magnet and an electromagnet are always magnetised when stored. B A bar magnet and an electromagnet can both be used to separate magnetic and  non-magnetic materials. C A bar magnet can be made of steel and an electromagnet uses a steel core. D The magnetic field strength of a bar magnet and of an electromagnet can both be varied. ,0625_s17_qp_23
0625_s17_qp_23_25,25,A magnet near a coil of wire is attracted to the coil only when there is a current in the coil.  Which statement explains this force of attraction? A The coil of wire has its own gravitational field. B The coil of wire is made from soft iron. C The current in the coil of wire creates a magnetic field. D The current in the coil of wire induces a charge on the magnet.    1 © UCLES 2017 0625/23/M/J/17,0625_s17_qp_23
0625_s17_qp_23_26,26,"A steel magnet is placed in a coil and demagnetised.  Which type of current is established in the coil, and how is the current changed? A a direct current in the coil, then reduce the current quickly to zero B a direct current in the coil, then reduce the current slowly to zero C an alternating current in the coil, then reduce the current quickly to zero D an alternating current in the coil, then reduce the current slowly to zero ",0625_s17_qp_23
0625_s17_qp_23_27,27,Which material is a conductor of electricity? A brass B glass C plastic D wood ,0625_s17_qp_23
0625_s17_qp_23_28,28,"The diagrams each show a positive point charge.  Which diagram represents the pattern and the direction of the electric field due to the charge?  
+A+B+CD+
 ",0625_s17_qp_23
0625_s17_qp_23_29,29,"Which quantity is equivalent to 1.0
 V? A 1.0
 J / C B 1.0  kJ  / C C 1.0  J / s D 1.0  kJ  / s ",0625_s17_qp_23
0625_s17_qp_23_30,30,"A circuit contains a fixed resistor. The potential difference across the resistor is 24.0
 V and the current in the resistor is 2.30
 A.  How much energy is transferred in the resistor in a time of 17.0
 minutes? A 938
 J B 5630  J C 56.3  kJ D 9.38  kJ    1 © UCLES 2017 0625/23/M/J/17 [Turn over",0625_s17_qp_23
0625_s17_qp_23_31,31,"A battery, an ammeter, a switch, a lamp and a resistor are connected together in a circuit.  
A
  With the switch open, the ammeter reads 2.4
 A. When the switch is closed, this reading increases to 4.0
 A.  What is the current through the resistor with the switch closed? A 0
 A B 1.6  A C 3.2  A D 6.4  A ",0625_s17_qp_23
0625_s17_qp_23_32,32,"A student connects a variable potential divider (potentiometer) circuit.  
R S T 
V 12
 V
  What happens to the reading on the voltmeter as the sliding terminal T is moved from R to S? A It decreases from 12
 V to 0  V. B It increases from 0
 V to 12  V. C It remains at 0
 V. D It remains at 12
 V.    1 © UCLES 2017 0625/23/M/J/17",0625_s17_qp_23
0625_s17_qp_23_33,33,"The diagram shows a circuit used to make a light detector.  
AXY
  One component is connected between X and Y.  Which component causes the ammeter reading to increase when the light gets brighter?  
A B C D
 ",0625_s17_qp_23
0625_s17_qp_23_34,34,"A truth table for a type of logic gate is shown.  input 1 input 2 output 
0 0 0 
0 1  1 0  1 1   Which type of logic gate is it? A AND B NOR C NOT D OR ",0625_s17_qp_23
0625_s17_qp_23_35,35,"In which device is a split-ring commutator used, and what is its purpose?   device purpose 
A  a.c. generator  to change the direction of the current in the coil as it turns 
B  a.c. generator  to change the output current from d.c. into a.c. 
C  d.c. motor  to change the direction of the current in the coil as it turns 
D  d.c. motor  to change the input current from a.c. into d.c. 
   1 © UCLES 2017 0625/23/M/J/17 [Turn over",0625_s17_qp_23
0625_s17_qp_23_36,36,What is the purpose of a relay? A to change a large voltage into a small voltage B to change a small voltage into a large voltage C to use a large current to switch on a small current D to use a small current to switch on a large current ,0625_s17_qp_23
0625_s17_qp_23_37,37,When a source of D-particles is directed towards a thin metal foil they become scattered.  Which observation of this experiment provides evidence for a small charged nucleus? A A small proportion of the D-particles come straight back from the foil towards the source. B A small proportion of the D-particles pass straight through the foil. C Some of the D-particles are deflected by an angle of less than 90 °. D Some of the D-particles follow a curved path after leaving the foil. ,0625_s17_qp_23
0625_s17_qp_23_38,38,Which description of a neutral atom of copper is correct? A a nucleus surrounded by electrons B a nucleus surrounded by molecules C electrons surrounded by a nucleus D electrons surrounded by molecules ,0625_s17_qp_23
0625_s17_qp_23_39,39,A sample of radioactive isotope is decaying.  The nuclei of which atoms will decay first? A It is impossible to know because radioactive decay is random. B It is impossible to know unless the age of the material is known. C The atoms near the centre will decay first because they are surrounded by more atoms. D The atoms near the surface will decay first because the radiation can escape more easily.    1 © UCLES 2017 0625/23/M/J/17,0625_s17_qp_23
0625_s17_qp_23_40,40,"A student determines the half-life of a radioactive isotope.  The student uses a detector over five minutes and plots a graph showing how the count rate shown on the detector varies with time.  The count rate due to background radiation is 30 counts per minute.  
2502001501005000
1 2 3 4 5count ratecounts / minute
time  / minutes  What is the half-life of this isotope? A 0.30 minutes B 1.2 minutes C 1.5 minutes D 5.0 minutes    1 © UCLES 2017 0625/23/M/J/17  BLANK PAGE   
Permission to reproduce items where third-party owned material protected by copyright is included has been sought and cleared w here possible. Every reasonable effort has been made by the publisher (UCLES) to trace copyright holders, but if any items requiring clearance have unwittingly been included, the publisher will be pleased to make amends at the earliest possible opportunity.  To avoid the issue of disclosure of answer-related information to candidates, all copyright acknowledgements are reproduced onl ine in the Cambridge International Examinations Copyright Acknowledgements Booklet. This is produced for each series of examinations and is freely a vailable to download at www.cie.org.uk after the live examination series.  Cambridge International Examinations is part of the Cambridge Assessment Group. Cambridge Assessment is the brand name of Unive rsity of Cambridge Local Examinations Syndicate (UCLES), which is itself a department of the University of Cambridge.  
© UCLES 2017 0625/23/M/J/17  BLANK PAGE ",0625_s17_qp_23
0625_w13_qp_11_01,1,"A student uses a ruler to measure the length and the width of a small rectangular metal plate.  
012345cmwidth
012345cmlengthmetal plate
  What is the area of the plate? A 14.0
 cm2 B 14.7  cm2 C 16.0  cm2 D 16.8  cm2 ",0625_w13_qp_11
0625_w13_qp_11_02,2,"The diagram shows the speed
 / time graph for a train as it travels along a track.  
00speed
timePQRST
  For which part of the graph is the tra in’s speed changing at the greatest rate? A PQ B QR C RS D ST ",0625_w13_qp_11
0625_w13_qp_11_03,3,"A small steel ball is dropped from a low balcony.  Ignoring air resistance, which statement describes its motion? A It falls with constant acceleration. B It falls with constant speed. C It falls with decreasing speed. D It falls with increasing acceleration.     © UCLES 2013 0625/11/O/N/13 [Turn over",0625_w13_qp_11
0625_w13_qp_11_04,4,"Which is the unit for force and which is the unit for weight?   force weight 
A kg kg 
B kg N 
C N kg 
D N N 
",0625_w13_qp_11
0625_w13_qp_11_05,5,"A cup contains hot liquid.  Some of the liquid evaporates.  What happens to the mass and to the weight of the liquid in the cup?   mass weight 
A decreases decreases 
B decreases stays the same 
C stays the same decreases 
D stays the same stays the same 
",0625_w13_qp_11
0625_w13_qp_11_06,6,"Four rectangular blocks, P, Q, R and S are shown. Each block is labelled with its size and its mass.  
P
2.0  cm2.0
 cm2.0 cmQ
2.0  cm3.0
 cm2.0 cm
R
2.0  cm4.0
 cm2.0 cmS10 g 10  g
20
 g 20  g 2.0  cm2.0
 cm2.0 cm
  Which two blocks have the same density? A P and Q B P and R C Q and R D R and S    © UCLES 2013 0625/11/O/N/13",0625_w13_qp_11
0625_w13_qp_11_07,7,"A force acting on an object causes some properties of the object to change.  Which list contains only properties that can be changed by the action of the force? A mass, motion and shape B mass, motion and size C mass, shape and size D motion, shape and size ",0625_w13_qp_11
0625_w13_qp_11_08,8,"A box is being moved by a fork-lift truck. The total weight of the box is 3000
 N.  
fork-lift truck box 
  The force exerted by the fork-lift truck on the box is 3500
 N upwards.  What is the resultant force on the box? A 500
 N downwards B 500
 N upwards C 6500
 N downwards D 6500
 N upwards ",0625_w13_qp_11
0625_w13_qp_11_09,9,"Some energy sources are reliably available at all times, and some are not.  Which row shows three sources all in their correct columns?   available at all times not available at all times 
A geothermal nuclear fission, solar  
B geothermal, nuclear fission solar 
C solar, nuclear fission geothermal 
D solar nuclear fission, geothermal 
    © UCLES 2013 0625/11/O/N/13 [Turn over",0625_w13_qp_11
0625_w13_qp_11_10,10,"A woman in a factory has to lift a box on to a shelf.  
boxhigh shelflow shelf
  Which action involves the woman in doing the least amount of work? A lifting the box quickly to the high shelf B lifting the box slowly to the high shelf C lifting the box to the low shelf first then lifting it to the high shelf D lifting the box to the low shelf instead of to the high shelf ",0625_w13_qp_11
0625_w13_qp_11_11,11,"A drawing pin (thumb tack) has a sharp point and a flat end.  
flat end sharp point
  The pin is pushed into a wooden board.  How do the pressure and the force at the sharp point compare with the pressure and the force at the flat end?   force at the sharp point pressure at the sharp point 
A greater than at the flat end greater than at the flat end 
B greater than at the flat end less than at the flat end 
C the same as at the flat end greater than at the flat end 
D the same as at the flat end less than at the flat end 
    © UCLES 2013 0625/11/O/N/13",0625_w13_qp_11
0625_w13_qp_11_12,12,"The diagrams show four divers at the bottom of four different swimming pools.  Two swimming pools contain fresh water and two contain salt water. Fresh water is less dense than salt water.  Which diver feels the least pressure from the water?  
ABfreshwaterfreshwaterCDsaltwatersaltwater
 ",0625_w13_qp_11
0625_w13_qp_11_13,13,"The diagram shows a sealed jar containing a gas.  
gas
  Which statement about the gas in the jar is correct? A The gas molecules collide with the inside of the jar more often as the temperature increases. B The gas molecules move more slowly as the temperature increases. C The pressure of the gas decreases as the temperature increases. D The pressure of the gas is higher at the top of the jar than at the bottom of the jar. ",0625_w13_qp_11
0625_w13_qp_11_14,14,"A block of ice cream is prevented from melting by wrapping it in newspaper soaked in water. The water evaporates from the newspaper.  Which molecules escape from the water and what happens to the average speed of the water molecules that remain in the newspaper?   escaping molecules average speed of the remaining water molecules 
A the less energetic ones decreases 
B the less energetic ones increases 
C the more energetic ones decreases 
D the more energetic ones increases   © UCLES 2013 0625/11/O/N/13 [Turn over",0625_w13_qp_11
0625_w13_qp_11_15,15,"Equal masses of two different liquids are heated  using the same heater. The graph shows how the temperature of each liquid changes with time.  
temperature 
timeliquid 1liquid 200
  What does the graph tell us about the liquids? A Liquid 1 has a higher melting point than liquid 2. B Liquid 1 has a higher boiling point than liquid 2. C Liquid 1 starts to melt sooner than liquid 2. D Liquid 1 starts to boil sooner than liquid 2. ",0625_w13_qp_11
0625_w13_qp_11_16,16,"A wooden wheel can be strengthened by putting a tight circle of iron around it.  
wooden wheeliron circle
  Which action would make it easier to fit the circle over the wood? A cooling the iron circle B heating the iron circle C heating the wooden wheel and cooling the iron circle D heating the wooden wheel but not heating or cooling the iron circle     © UCLES 2013 0625/11/O/N/13",0625_w13_qp_11
0625_w13_qp_11_17,17,"A man goes into a cold room and switches on a heater. The man then stands one metre away from the heater. He feels warmer almost immediately.  
roomheate
r
  How is thermal energy transferred from the heater to the man so quickly? A by conduction, convection and radiation B by conduction only C by convection only D by radiation only ",0625_w13_qp_11
0625_w13_qp_11_18,18,"A rod is made half of glass and half of copper. Four pins, A, B, C and D are attached to the rod by wax. The rod is heated in the centre as shown.  Which pin falls off first?  
heatpinApinBpinCpinDglass copper
 ",0625_w13_qp_11
0625_w13_qp_11_19,19,"Which row shows an example of a transverse wave and an example of a longitudinal wave?   transverse longitudinal 
A light radio 
B radio sound 
C sound water 
D water light 
    © UCLES 2013 0625/11/O/N/13 [Turn over",0625_w13_qp_11
0625_w13_qp_11_20,20,"A boy throws a small stone into a pond. Waves spread out from where the stone hits the water and travel to the side of the pond.  The boy notices that eight waves reach the side of the pond in a time of 5.0
 s.  What is the frequency of the waves? A 0.20
 Hz B 0.63  Hz C 1.6  Hz D 40  Hz ",0625_w13_qp_11
0625_w13_qp_11_21,21,"The table gives common uses for three types of electromagnetic wave.  Which row correctly identifies the waves?   satellite television terrestrial television (not satellite) television remote controllers 
A infra-red waves microwaves radio waves 
B microwaves radio waves infra-red waves 
C radio waves infra-red waves microwaves 
D radio waves microwaves infra-red waves 
",0625_w13_qp_11
0625_w13_qp_11_22,22,"The diagram shows a ray of light passing through a semicircular glass block into air.  
Pray oflightglassair
  Which row gives the correct name for angle P and states how angle P compares with the critical angle?   name of angle P angle P compared with the critical angle 
A angle of incidence larger than the critical angle 
B angle of incidence smaller than the critical angle 
C angle of refraction larger than the critical angle 
D angle of refraction smaller than the critical angle 
   © UCLES 2013 0625/11/O/N/13",0625_w13_qp_11
0625_w13_qp_11_23,23,"Which diagram shows how an image of an object is formed on a screen by a converging lens?  
screenobject2 × focal lengthA
screenobject2 × focal length
focal length focal lengthB
screenobjectC
screenobjectD
 ",0625_w13_qp_11
0625_w13_qp_11_24,24,"When the volcano Krakatoa erupted in 1883, it was heard 5000
 km away.  Which statement about the sound from the volcano is not correct? A If such a loud sound were to be made today, an astronaut orbiting in space (a vacuum) at a height of 400
 km could hear it. B People further from the volcano heard the so und later than people nearer to the volcano. C The amplitude of the sound waves would have been smaller further from the volcano. D The sound was very loud because a lot of energy was transferred to vibrations of the air.    1 © UCLES 2013 0625/11/O/N/13 [Turn over",0625_w13_qp_11
0625_w13_qp_11_25,25,"A loudspeaker on a boat produces a pulse of sound in the sea. The echo of the pulse is received back at the boat after 3.0
 s. The depth of the sea under the boat is 2250  m.  
pulse ofsoundsea bedboat
(not to scale)
  From this information, what is the speed of sound in the sea water? A 330
 m  / s B 750  m  / s C 1500  m  / s D 6750  m  / s ",0625_w13_qp_11
0625_w13_qp_11_26,26,"A hard magnetic material can be used to make a permanent magnet.   A soft magnetic material can be used to make a temporary magnet.   Which row shows whether iron and steel are hard or soft magnetic materials?   iron steel 
A hard hard 
B hard soft 
C soft hard 
D soft soft 
",0625_w13_qp_11
0625_w13_qp_11_27,27,How can a permanent magnet be demagnetised? A cool the magnet for a long time B hit the magnet repeatedly with a hammer C leave the magnet in a coil which is connected to a battery D shine bright light onto the magnet ,0625_w13_qp_11
0625_w13_qp_11_28,28,Which equation can be used to calculate the resistance R of a resistor? A V = I ÷ R B I = V × R C R = V × I D V = I × R    1 © UCLES 2013 0625/11/O/N/13,0625_w13_qp_11
0625_w13_qp_11_29,29,"A student wishes to measure first the electromotive force (e.m.f.) of a battery, and then the potential difference (p.d.) across a resistor.  She has the resistor, the battery and some connecting wires.  What else does she need? A a force meter (newton meter) and a voltmeter B an ammeter and a voltmeter C an ammeter only D a voltmeter only ",0625_w13_qp_11
0625_w13_qp_11_30,30,"Two similar balloons hang side by side, on insulating threads, a short distance apart. They are both rubbed with the same dry cloth and become charged.  Which diagram shows how the balloons hang after charging?  
A D B C
 ",0625_w13_qp_11
0625_w13_qp_11_31,31,"When the thermistor in the circuit below is heated, the current in the lamp increases.  
  Why does this happen? A The resistance of the lamp decreases. B The resistance of the lamp increases. C The resistance of the thermistor decreases. D The resistance of the thermistor increases.    1 © UCLES 2013 0625/11/O/N/13 [Turn over",0625_w13_qp_11
0625_w13_qp_11_32,32,"A student connects various resistors in parallel pairs.  Underneath each diagram is a statement about the total resistance of each pair of resistors.  Which statement is correct?  
2 ΩAThe total resistance is 4
 Ω.2 Ω5 ΩBThe total resistance is between 1
 Ω and 5  Ω.1 Ω
10  ΩCThe total resistance is less than 5
 Ω.5 Ω20  ΩDThe total resistance is more than 20
 Ω.10 Ω
 ",0625_w13_qp_11
0625_w13_qp_11_33,33,"The circuit shown contains a relay.  Both lamps are initially off.  
lamp 1lamp 2switch S relay
  When switch S is closed, the relay operates. What is the state of the lamps?   lamp 1 lamp  A on on 
B on off 
C off on 
D off off 
   1 © UCLES 2013 0625/11/O/N/13",0625_w13_qp_11
0625_w13_qp_11_34,34,"The diagram shows the connections to an electric heater. Three fuses have been added to the circuit.  
fuse 3fuse 1fuse 2
heate rplasticcase
liveneutralheating element
  Which of the fuses are correctly placed? A fuse 1, fuse 2 and fuse 3 B fuse 1 and fuse 2 only C fuse 1 only D fuse 2 only ",0625_w13_qp_11
0625_w13_qp_11_35,35,"Which diagram shows a movement that will not produce the changing magnetic field needed to induce an e.m.f. in the coil?  
NS
NS
NS
NSA B C D moving a magnet and a coil towards each otherat the same speedmoving a magnet and a coil in the same directionat the same speedmoving a magnet away from a fixed coilmoving a coil away from a fixed magnet
   1 © UCLES 2013 0625/11/O/N/13 [Turn over",0625_w13_qp_11
0625_w13_qp_11_36,36,"The diagram shows a simple d.c. electric motor which is rotating.  
SN magnet magnet coil
  Which change will make the motor rotate more quickly? A increasing the number of turns on the coil B removing the magnets C reversing the battery D reversing the polarity of the magnets ",0625_w13_qp_11
0625_w13_qp_11_37,37,"A transformer is needed to convert a supply of 240
 V a.c. into 4800  V a.c.  
NPNS
240  V a.c. 4800  V a.c.
  Which pair of coils would be suitable for this transformer?   number of turns on primary coil N
P number of turns on secondary coil N S 
A 50 1000 
B 240 48  000 
C 480 2 D 2000 100 
   1   
Permission to reproduce items where thir d-party owned material protected by copyright is included has been sought and cleared w here possible. Every reasonable effort has been made by the publisher (UCLES) to trace copyright holder s, but if any items requiring clearance have unwittingly been included, the publisher will be pleased to make amends at the earliest possible opportunity.  Cambridge International Examinations is part of the Cambridge Asse ssment Group. Cambridge Assessment is the brand name of Unive rsity of Cambridge Local Examinations Syndicate (UCLES), which is itself a department of the University of Cambridge.  
© UCLES 2013 0625/11/O/N/13",0625_w13_qp_11
0625_w13_qp_11_38,38,"The diagram shows a cathode-ray tube used to produce cathode rays.  
––++current Ianodefilament(cathode)
metalplatescathode-ray tube
powersupply
  Which change would increase the deflection of the cathode rays? A decreasing the current I in the filament B increasing the current I in the filament C increasing the potential difference between the filament and the anode D increasing the potential difference between the metal plates ",0625_w13_qp_11
0625_w13_qp_11_39,39,A radioactive substance emits a particle from the nucleus of one of its atoms. The particle consists of two protons and two neutrons.  What is the name of this process? A α-emission B β-emission C γ-emission D nuclear fission ,0625_w13_qp_11
0625_w13_qp_11_40,40,"A nucleus X has 17 protons and 18 neutrons.  Which notation is correct for this nucleus? A 
X1718 B X1735 C X1817 D X3517    ",0625_w13_qp_11
0625_w13_qp_12_01,1,"The diagram shows the speed  / time graph for a train as it travels along a track.  
00speed
timePQRST
  For which part of the graph is the tra in’s speed changing at the greatest rate? A PQ B QR C RS D ST ",0625_w13_qp_12
0625_w13_qp_12_02,2,"A student uses a ruler to measure the length and the width of a small rectangular metal plate.  
012345cmwidth
012345cmlengthmetal plate
  What is the area of the plate? A 14.0
 cm2 B 14.7  cm2 C 16.0  cm2 D 16.8  cm2 ",0625_w13_qp_12
0625_w13_qp_12_03,3,"A small steel ball is dropped from a low balcony.  Ignoring air resistance, which statement describes its motion? A It falls with constant acceleration. B It falls with constant speed. C It falls with decreasing speed. D It falls with increasing acceleration.     © UCLES 2013 0625/12/O/N/13 [Turn over",0625_w13_qp_12
0625_w13_qp_12_04,4,"Four rectangular blocks, P, Q, R and S are shown. Each block is labelled with its size and its mass.  
P
2.0  cm2.0
 cm2.0 cmQ
2.0  cm3.0
 cm2.0 cm
R
2.0  cm4.0
 cm2.0 cmS10 g 10  g
20
 g 20  g 2.0  cm2.0
 cm2.0 cm
  Which two blocks have the same density? A P and Q B P and R C Q and R D R and S ",0625_w13_qp_12
0625_w13_qp_12_05,5,"Which is the unit for force and which is the unit for weight?   force weight 
A kg kg 
B kg N 
C N kg 
D N N 
",0625_w13_qp_12
0625_w13_qp_12_06,6,"A cup contains hot liquid.  Some of the liquid evaporates.  What happens to the mass and to the weight of the liquid in the cup?   mass weight 
A decreases decreases 
B decreases stays the same 
C stays the same decreases 
D stays the same stays the same 
   © UCLES 2013 0625/12/O/N/13",0625_w13_qp_12
0625_w13_qp_12_07,7,"A box is being moved by a fork-lift truck. The total weight of the box is 3000  N.  
fork-lift truck box 
  The force exerted by the fork-lift truck on the box is 3500
 N upwards.  What is the resultant force on the box? A 500
 N downwards B 500
 N upwards C 6500
 N downwards D 6500
 N upwards ",0625_w13_qp_12
0625_w13_qp_12_08,8,"A force acting on an object causes some properties of the object to change.  Which list contains only properties that can be changed by the action of the force? A mass, motion and shape B mass, motion and size C mass, shape and size D motion, shape and size ",0625_w13_qp_12
0625_w13_qp_12_09,9,"Some energy sources are reliably available at all times, and some are not.  Which row shows three sources all in their correct columns?   available at all times not available at all times 
A geothermal nuclear fission, solar  
B geothermal, nuclear fission solar 
C solar, nuclear fission geothermal 
D solar nuclear fission, geothermal 
    © UCLES 2013 0625/12/O/N/13 [Turn over",0625_w13_qp_12
0625_w13_qp_12_10,10,"A woman in a factory has to lift a box on to a shelf.  
boxhigh shelflow shelf
  Which action involves the woman in doing the least amount of work? A lifting the box quickly to the high shelf B lifting the box slowly to the high shelf C lifting the box to the low shelf first then lifting it to the high shelf D lifting the box to the low shelf instead of to the high shelf ",0625_w13_qp_12
0625_w13_qp_12_11,11,"A drawing pin (thumb tack) has a sharp point and a flat end.  
flat end sharp point
  The pin is pushed into a wooden board.  How do the pressure and the force at the sharp point compare with the pressure and the force at the flat end?   force at the sharp point pressure at the sharp point 
A greater than at the flat end greater than at the flat end 
B greater than at the flat end less than at the flat end 
C the same as at the flat end greater than at the flat end 
D the same as at the flat end less than at the flat end 
    © UCLES 2013 0625/12/O/N/13",0625_w13_qp_12
0625_w13_qp_12_12,12,"The diagrams show four divers at the bottom of four different swimming pools.  Two swimming pools contain fresh water and two contain salt water. Fresh water is less dense than salt water.  Which diver feels the least pressure from the water?  
ABfreshwaterfreshwaterCDsaltwatersaltwater
 ",0625_w13_qp_12
0625_w13_qp_12_13,13,"A block of ice cream is prevented from melting by wrapping it in newspaper soaked in water. The water evaporates from the newspaper.  Which molecules escape from the water and what happens to the average speed of the water molecules that remain in the newspaper?   escaping molecules average speed of the remaining water molecules 
A the less energetic ones decreases 
B the less energetic ones increases 
C the more energetic ones decreases 
D the more energetic ones increases 
",0625_w13_qp_12
0625_w13_qp_12_14,14,"The diagram shows a sealed jar containing a gas.  
gas
  Which statement about the gas in the jar is correct? A The gas molecules collide with the inside of the jar more often as the temperature increases. B The gas molecules move more slowly as the temperature increases. C The pressure of the gas decreases as the temperature increases. D The pressure of the gas is higher at the top of the jar than at the bottom of the jar.   © UCLES 2013 0625/12/O/N/13 [Turn over",0625_w13_qp_12
0625_w13_qp_12_15,15,"Equal masses of two different liquids are heated using the same heater. The graph shows how the temperature of each liquid changes with time.  
temperature 
timeliquid 1liquid 200
  What does the graph tell us about the liquids? A Liquid 1 has a higher melting point than liquid 2. B Liquid 1 has a higher boiling point than liquid 2. C Liquid 1 starts to melt sooner than liquid 2. D Liquid 1 starts to boil sooner than liquid 2. ",0625_w13_qp_12
0625_w13_qp_12_16,16,"A wooden wheel can be strengthened by putting a tight circle of iron around it.  
wooden wheeliron circle
  Which action would make it easier to fit the circle over the wood? A cooling the iron circle B heating the iron circle C heating the wooden wheel and cooling the iron circle D heating the wooden wheel but not heating or cooling the iron circle     © UCLES 2013 0625/12/O/N/13",0625_w13_qp_12
0625_w13_qp_12_17,17,"A rod is made half of glass and half of copper. Four pins, A, B, C and D are attached to the rod by wax. The rod is heated in the centre as shown.  Which pin falls off first?  
heatpinApinBpinCpinDglass copper
 ",0625_w13_qp_12
0625_w13_qp_12_18,18,"A man goes into a cold room and switches on a heater. The man then stands one metre away from the heater. He feels warmer almost immediately.  
roomheate
r
  How is thermal energy transferred from the heater to the man so quickly? A by conduction, convection and radiation B by conduction only C by convection only D by radiation only ",0625_w13_qp_12
0625_w13_qp_12_19,19,"Which row shows an example of a transverse wave and an example of a longitudinal wave?   transverse longitudinal 
A light radio 
B radio sound 
C sound water 
D water light 
    © UCLES 2013 0625/12/O/N/13 [Turn over",0625_w13_qp_12
0625_w13_qp_12_20,20,"The diagram shows a ray of light passing through a semicircular glass block into air.  
Pray oflightglassair
  Which row gives the correct name for angle P and states how angle P compares with the critical angle?   name of angle P angle P compared with the critical angle 
A angle of incidence larger than the critical angle 
B angle of incidence smaller than the critical angle 
C angle of refraction larger than the critical angle 
D angle of refraction smaller than the critical angle 
",0625_w13_qp_12
0625_w13_qp_12_21,21,"A boy throws a small stone into a pond. Waves spread out from where the stone hits the water and travel to the side of the pond.  The boy notices that eight waves reach the side of the pond in a time of 5.0
 s.  What is the frequency of the waves? A 0.20
 Hz B 0.63  Hz C 1.6  Hz D 40  Hz ",0625_w13_qp_12
0625_w13_qp_12_22,22,"The table gives common uses for three types of electromagnetic wave.  Which row correctly identifies the waves?   satellite television terrestrial television (not satellite) television remote controllers 
A infra-red waves microwaves radio waves 
B microwaves radio waves infra-red waves 
C radio waves infra-red waves microwaves 
D radio waves microwaves infra-red waves 
   © UCLES 2013 0625/12/O/N/13",0625_w13_qp_12
0625_w13_qp_12_23,23,"Which diagram shows how an image of an object is formed on a screen by a converging lens?  
screenobject2 × focal lengthA
screenobject2 × focal length
focal length focal lengthB
screenobjectC
screenobjectD
 ",0625_w13_qp_12
0625_w13_qp_12_24,24,"When the volcano Krakatoa erupted in 1883, it was heard 5000
 km away.  Which statement about the sound from the volcano is not correct? A If such a loud sound were to be made today, an astronaut orbiting in space (a vacuum) at a height of 400
 km could hear it. B People further from the volcano heard the so und later than people nearer to the volcano. C The amplitude of the sound waves would have been smaller further from the volcano. D The sound was very loud because a lot of energy was transferred to vibrations of the air.    1 © UCLES 2013 0625/12/O/N/13 [Turn over",0625_w13_qp_12
0625_w13_qp_12_25,25,"A loudspeaker on a boat produces a pulse of sound in the sea. The echo of the pulse is received back at the boat after 3.0
 s. The depth of the sea under the boat is 2250  m.  
pulse ofsoundsea bedboat
(not to scale)
  From this information, what is the speed of sound in the sea water? A 330
 m  / s B 750  m  / s C 1500  m  / s D 6750  m  / s ",0625_w13_qp_12
0625_w13_qp_12_26,26,How can a permanent magnet be demagnetised? A cool the magnet for a long time B hit the magnet repeatedly with a hammer C leave the magnet in a coil which is connected to a battery D shine bright light onto the magnet ,0625_w13_qp_12
0625_w13_qp_12_27,27,"A hard magnetic material can be used to make a permanent magnet.   A soft magnetic material can be used to make a temporary magnet.   Which row shows whether iron and steel are hard or soft magnetic materials?   iron steel 
A hard hard 
B hard soft 
C soft hard 
D soft soft 
",0625_w13_qp_12
0625_w13_qp_12_28,28,Which equation can be used to calculate the resistance R of a resistor? A V = I ÷ R B I = V × R C R = V × I D V = I × R    1 © UCLES 2013 0625/12/O/N/13,0625_w13_qp_12
0625_w13_qp_12_29,29,"A student wishes to measure first the electromotive force (e.m.f.) of a battery, and then the potential difference (p.d.) across a resistor.  She has the resistor, the battery and some connecting wires.  What else does she need? A a force meter (newton meter) and a voltmeter B an ammeter and a voltmeter C an ammeter only D a voltmeter only ",0625_w13_qp_12
0625_w13_qp_12_30,30,"When the thermistor in the circuit below is heated, the current in the lamp increases.  
  Why does this happen? A The resistance of the lamp decreases. B The resistance of the lamp increases. C The resistance of the thermistor decreases. D The resistance of the thermistor increases. ",0625_w13_qp_12
0625_w13_qp_12_31,31,"Two similar balloons hang side by side, on insulating threads, a short distance apart. They are both rubbed with the same dry cloth and become charged.  Which diagram shows how the balloons hang after charging?  
A D B C
    1 © UCLES 2013 0625/12/O/N/13 [Turn over",0625_w13_qp_12
0625_w13_qp_12_32,32,"The circuit shown contains a relay.  Both lamps are initially off.  
lamp 1lamp 2switch S relay
  When switch S is closed, the relay operates. What is the state of the lamps?   lamp 1 lamp  A on on 
B on off 
C off on 
D off off 
",0625_w13_qp_12
0625_w13_qp_12_33,33,"A student connects various resistors in parallel pairs.  Underneath each diagram is a statement about the total resistance of each pair of resistors.  Which statement is correct?  
2 ΩAThe total resistance is 4
 Ω.2 Ω5 ΩBThe total resistance is between 1
 Ω and 5  Ω.1 Ω
10  ΩCThe total resistance is less than 5
 Ω.5 Ω20  ΩDThe total resistance is more than 20
 Ω.10 Ω
    1 © UCLES 2013 0625/12/O/N/13",0625_w13_qp_12
0625_w13_qp_12_34,34,"Which diagram shows a movement that will not produce the changing magnetic field needed to induce an e.m.f. in the coil?  
NS
NS
NS
NSA B C D moving a magnet and a coil towards each otherat the same speedmoving a magnet and a coil in the same directionat the same speedmoving a magnet away from a fixed coilmoving a coil away from a fixed magnet
 ",0625_w13_qp_12
0625_w13_qp_12_35,35,"The diagram shows the connections to an electric heater. Three fuses have been added to the circuit.  
fuse 3fuse 1fuse 2
heate rplasticcase
liveneutralheating element
  Which of the fuses are correctly placed? A fuse 1, fuse 2 and fuse 3 B fuse 1 and fuse 2 only C fuse 1 only D fuse 2 only   1 © UCLES 2013 0625/12/O/N/13 [Turn over",0625_w13_qp_12
0625_w13_qp_12_36,36,"A transformer is needed to convert a supply of 240  V a.c. into 4800  V a.c.  
NPNS
240  V a.c. 4800  V a.c.
  Which pair of coils would be suitable for this transformer?   number of turns on primary coil N
P number of turns on secondary coil N S 
A 50 1000 
B 240 48  000 
C 480 2 D 2000 100 
",0625_w13_qp_12
0625_w13_qp_12_37,37,"The diagram shows a simple d.c. electric motor which is rotating.  
SN magnet magnet coil
  Which change will make the motor rotate more quickly? A increasing the number of turns on the coil B removing the magnets C reversing the battery D reversing the polarity of the magnets    1   
Permission to reproduce items where thir d-party owned material protected by copyright is included has been sought and cleared w here possible. Every reasonable effort has been made by the publisher (UCLES) to trace copyright holder s, but if any items requiring clearance have unwittingly been included, the publisher will be pleased to make amends at the earliest possible opportunity.  Cambridge International Examinations is part of the Cambridge Asse ssment Group. Cambridge Assessment is the brand name of Unive rsity of Cambridge Local Examinations Syndicate (UCLES), which is itself a department of the University of Cambridge.  
© UCLES 2013 0625/12/O/N/13",0625_w13_qp_12
0625_w13_qp_12_38,38,A radioactive substance emits a particle from the nucleus of one of its atoms. The particle consists of two protons and two neutrons.  What is the name of this process? A α-emission B β-emission C γ-emission D nuclear fission ,0625_w13_qp_12
0625_w13_qp_12_39,39,"A nucleus X has 17 protons and 18 neutrons.  Which notation is correct for this nucleus? A 
X1718 B X1735 C X1817 D X3517 ",0625_w13_qp_12
0625_w13_qp_12_40,40,"The diagram shows a cathode-ray tube used to produce cathode rays.  
––++current Ianodefilament(cathode)
metalplatescathode-ray tube
powersupply
  Which change would increase the deflection of the cathode rays? A decreasing the current I in the filament B increasing the current I in the filament C increasing the potential difference between the filament and the anode D increasing the potential difference between the metal plates    ",0625_w13_qp_12
0625_w13_qp_13_01,1,"A cyclist rides round a track three times.  
  Her friend uses a stopwatch to record the time at the start of the ride, after one circuit, and at the end of the three circuits. The readings from the stopwatch are shown.  
at thestartafterone circuit at the end ofthree circuits
  What is the average time for one circuit of the track? A 174
 s B 180  s C 198  s D 200  s ",0625_w13_qp_13
0625_w13_qp_13_02,2,"The graph shows how the distance travelled by a vehicle changes with time.  
00distance
timePQRS
  Which row describes the speed of the vehicle in each section of the graph?   P to Q Q to R R to S 
A constant zero constant 
B constant zero decreasing 
C increasing constant decreasing 
D increasing zero decreasing 
    © UCLES 2013 0625/13/O/N/13 [Turn over",0625_w13_qp_13
0625_w13_qp_13_03,3,"A small steel ball is dropped from a low balcony.  Ignoring air resistance, which statement describes its motion? A It falls with constant acceleration. B It falls with constant speed. C It falls with decreasing speed. D It falls with increasing acceleration. ",0625_w13_qp_13
0625_w13_qp_13_04,4,"Which is the unit for force and which is the unit for weight?   force weight 
A kg kg 
B kg N 
C N kg 
D N N 
",0625_w13_qp_13
0625_w13_qp_13_05,5,"A cup contains hot liquid.  Some of the liquid evaporates.  What happens to the mass and to the weight of the liquid in the cup?   mass weight 
A decreases decreases 
B decreases stays the same 
C stays the same decreases 
D stays the same stays the same 
    © UCLES 2013 0625/13/O/N/13",0625_w13_qp_13
0625_w13_qp_13_06,6,"A student is given four different objects and a metre rule.  Each object has a known mass. She is asked to determine the densities of the materials from which the four objects are made.  The objects are a copper cylinder, a glass cube, a steel spanner and a stone tile.  
copper glass steel stone  Using only the metre rule, she is able to find the densities of only three of the four materials.  Which three materials are these? A copper, glass and steel B copper, glass and stone C copper, steel and stone D glass, steel and stone ",0625_w13_qp_13
0625_w13_qp_13_07,7,"The diagrams show a steel spring and a graph of its length against the load applied to it.  
loadlengthsteel spring16141210864200 1 02 03 0load
 / N40 50length  / cm
  What is the extension of the spring when a load of 20
 N is applied to it? A 3.0
 cm B 4.5  cm C 5.0  cm D 8.0  cm     © UCLES 2013 0625/13/O/N/13 [Turn over",0625_w13_qp_13
0625_w13_qp_13_08,8,"A box is being moved by a fork-lift truck. The total weight of the box is 3000  N.  
fork-lift truck box 
  The force exerted by the fork-lift truck on the box is 3500
 N upwards.  What is the resultant force on the box? A 500
 N downwards B 500
 N upwards C 6500
 N downwards D 6500
 N upwards ",0625_w13_qp_13
0625_w13_qp_13_09,9,"An aeroplane is landing. As it descends towards the runway, its speed reduces.  What are the energy changes that take place during the descent? A kinetic  +  gravitational  →  thermal (heat) B kinetic  →  gravitational  +  thermal (heat) C kinetic  +  thermal (heat)  →  gravitational D thermal (heat)  →  kinetic  +  gravitational  ",0625_w13_qp_13
0625_w13_qp_13_10,10,Energy from uranium is transferred to electrical energy in a nuclear power station.  What is the correct order of the stages of this process? A boiler → generator → reactor → turbine B generator → boiler → turbine → reactor C reactor → boiler → turbine → generator D reactor → turbine → boiler → generator     © UCLES 2013 0625/13/O/N/13,0625_w13_qp_13
0625_w13_qp_13_11,11,It is dangerous for submarines to dive to very great depths.  Why is it dangerous? A The density of water is less at greater depths. B The pressure of water is greater at greater depths. C The temperature of water is higher at greater depths. D The weight of the submarine is greater at greater depths. ,0625_w13_qp_13
0625_w13_qp_13_12,12,"Which block exerts the greatest pressure on the surface below it?  
weightweight
100100  Nweightweight
100100  Nweight100 Nweight100
 Nweightweight
200200  Nweightweight
200200  Nweight200
 Nweight200
 NABC Darea 10  cm2area 10  cm2
area 20  cm2area 20  cm2
 ",0625_w13_qp_13
0625_w13_qp_13_13,13,"A closed flask of gas is placed in a cold-water bath.  
cold water
gasthermometer
  As the flask cools, the temperature of the gas decreases.  What happens to the molecules of the gas? A They contract. B They expand. C They move more quickly. D They move more slowly.    © UCLES 2013 0625/13/O/N/13 [Turn over",0625_w13_qp_13
0625_w13_qp_13_14,14,"A block of ice cream is prevented from melting by wrapping it in newspaper soaked in water. The water evaporates from the newspaper.  Which molecules escape from the water and what happens to the average speed of the water molecules that remain in the newspaper?   escaping molecules average speed of the remaining water molecules 
A the less energetic ones decreases 
B the less energetic ones increases 
C the more energetic ones decreases 
D the more energetic ones increases 
",0625_w13_qp_13
0625_w13_qp_13_15,15,"Equal masses of two different liquids are heated using the same heater. The graph shows how the temperature of each liquid changes with time.  
temperature 
timeliquid 1liquid 200
  What does the graph tell us about the liquids? A Liquid 1 has a higher melting point than liquid 2. B Liquid 1 has a higher boiling point than liquid 2. C Liquid 1 starts to melt sooner than liquid 2. D Liquid 1 starts to boil sooner than liquid 2.     © UCLES 2013 0625/13/O/N/13",0625_w13_qp_13
0625_w13_qp_13_16,16,"A wooden wheel can be strengthened by putting a tight circle of iron around it.  
wooden wheeliron circle
  Which action would make it easier to fit the circle over the wood? A cooling the iron circle B heating the iron circle C heating the wooden wheel and cooling the iron circle D heating the wooden wheel but not heating or cooling the iron circle ",0625_w13_qp_13
0625_w13_qp_13_17,17,"A piece of hot metal is held by a clamp in a cold room. The air next to the metal becomes hot.    The density of the air changes and the air moves.  
hot metalclamp
  Which row shows the density change of the air and the direction in which the air moves?   density of air movement of air 
A decreases downwards 
B decreases upwards 
C increases downwards 
D increases upwards 
    © UCLES 2013 0625/13/O/N/13 [Turn over",0625_w13_qp_13
0625_w13_qp_13_18,18,"A rod is made half of glass and half of copper. Four pins, A, B, C and D are attached to the rod by wax. The rod is heated in the centre as shown.  Which pin falls off first?  
heatpinApinBpinCpinDglass copper
 ",0625_w13_qp_13
0625_w13_qp_13_19,19,"Which row shows an example of a transverse wave and an example of a longitudinal wave?   transverse longitudinal 
A light radio 
B radio sound 
C sound water 
D water light 
",0625_w13_qp_13
0625_w13_qp_13_20,20,"Water waves may be used to demonstrate refraction by making them pass into water of a different depth.  
deep watershallow water
wavefrontswave direction
  Why does the water wave change direction as it passes into the shallow water? A The frequency of the wave decreases. B The frequency of the wave increases. C The speed of the wave decreases. D The speed of the wave increases.     © UCLES 2013 0625/13/O/N/13",0625_w13_qp_13
0625_w13_qp_13_21,21,"Infra-red waves, microwaves, radio waves and sound waves are all used for communications.  Which waves travel at the same high speed in a vacuum? A infra-red waves, microwaves and radio waves B infra-red waves, microwaves and sound waves C infra-red waves, radio waves and sound waves D microwaves, radio waves and sound waves ",0625_w13_qp_13
0625_w13_qp_13_22,22,"The diagram represents a converging lens forming an image of an object.  
RPQobject
imageSconverging lens
  Which distance is the focal length of the lens? A PQ B PR C QR D QS    1 © UCLES 2013 0625/13/O/N/13 [Turn over",0625_w13_qp_13
0625_w13_qp_13_23,23,"A teacher demonstrates the dispersion of white light using a triangular glass prism.  Which diagram shows how this dispersion happens?  
whitelight
spectrumwhitelight
spectrumABprism
whitelightspectrumwhitelightspectrumCDprism
    1 © UCLES 2013 0625/13/O/N/13",0625_w13_qp_13
0625_w13_qp_13_24,24,"To estimate the width of a valley, a climber starts a stopwatch as he shouts. He hears an echo from the opposite side of the valley after 1.0
 s. 
valleysound
climber
  The sound travels at 330
 m  / s.  What is the width of the valley? A 82.5
 m B 165  m C 330  m D 660  m ",0625_w13_qp_13
0625_w13_qp_13_25,25,"A police car sounds its siren when travelling to an emergency. The siren produces two different sounds P and Q, which are emitted alternately.  The diagram represents the sound waves emitted by the siren.  
PPPPQQQQ
  Which of the two sounds P and Q is t he louder and which has the higher pitch?   louder sound sound of higher pitch 
A P P 
B P Q 
C Q P 
D Q Q 
   1 © UCLES 2013 0625/13/O/N/13 [Turn over",0625_w13_qp_13
0625_w13_qp_13_26,26,In which pair are both metals ferrous? A aluminium and copper B aluminium and steel C copper and iron D iron and steel ,0625_w13_qp_13
0625_w13_qp_13_27,27,How can a permanent magnet be demagnetised? A cool the magnet for a long time B hit the magnet repeatedly with a hammer C leave the magnet in a coil which is connected to a battery D shine bright light onto the magnet ,0625_w13_qp_13
0625_w13_qp_13_28,28,"A negatively charged plastic rod P is placed above a positively charged plastic rod Q.  
+++++Q–––––P
  What are the directions of the electrostatic forces on rod P and on rod Q?   electrostatic force on rod P electrostatic force on rod Q 
A downwards downwards 
B downwards upwards 
C upwards downwards 
D upwards upwards 
   1 © UCLES 2013 0625/13/O/N/13",0625_w13_qp_13
0625_w13_qp_13_29,29,"A student wishes to measure first the electromotive force (e.m.f.) of a battery, and then the potential difference (p.d.) across a resistor.  She has the resistor, the battery and some connecting wires.  What else does she need? A a force meter (newton meter) and a voltmeter B an ammeter and a voltmeter C an ammeter only D a voltmeter only ",0625_w13_qp_13
0625_w13_qp_13_30,30,"Two similar balloons hang side by side, on insulating threads, a short distance apart. They are both rubbed with the same dry cloth and become charged.  Which diagram shows how the balloons hang after charging?  
A D B C
 ",0625_w13_qp_13
0625_w13_qp_13_31,31,"The diagram shows an electrical component.  
  What is it? A a capacitor B a light-dependent resistor C a thermistor D a variable resistor    1 © UCLES 2013 0625/13/O/N/13 [Turn over",0625_w13_qp_13
0625_w13_qp_13_32,32,"The diagram shows a circuit.  
A
  What should be increased to increase the current in the circuit? A the e.m.f. of the battery B the length of the connecting wires C the resistance of the resistor D the temperature of the resistor ",0625_w13_qp_13
0625_w13_qp_13_33,33,"The circuit shown contains a relay.  Both lamps are initially off.  
lamp 1lamp 2switch S relay
  When switch S is closed, the relay operates. What is the state of the lamps?   lamp 1 lamp  A on on 
B on off 
C off on 
D off off 
   1 © UCLES 2013 0625/13/O/N/13",0625_w13_qp_13
0625_w13_qp_13_34,34,"An electric motor is connected to the mains supply by insulated wires. The circuit is protected by a fuse, but the connecting wires become hot.  
liveneutralmoto
rinsulated connecting wire
insulated connecting wireM
  How could the wires be prevented from becoming so hot? A Connect a second fuse in the neutral wire. B Use a fuse with a higher current rating. C Use thicker connecting wires. D Use thicker insulation on the connecting wires. ",0625_w13_qp_13
0625_w13_qp_13_35,35,"The diagram shows a transformer.  
  core wire coil
  Which materials are suitable to use in its construction?   core wire coil 
A copper iron 
B iron copper 
C steel copper 
D steel iron 
   1 © UCLES 2013 0625/13/O/N/13 [Turn over",0625_w13_qp_13
0625_w13_qp_13_36,36,"The direction of the current flowing in a straight wire X is into the paper.  Which diagram shows the shape of the magnetic field pattern around the wire?  
A BCD
X X X X
 ",0625_w13_qp_13
0625_w13_qp_13_37,37,"A metal rod PQ rests on two horizontal metal wires that are attached to a battery. The rod lies between the poles of a magnet.  
PQNS
metal rodmagnet
magnet
  When the switch is closed, the rod moves to the right.  What could be changed so that the rod moves to the left? A Open the switch. B Reverse the battery terminals and exchange the poles of the magnet. C Reverse the battery terminals but without exchanging the poles of the magnet. D Turn the metal rod around (P and Q exchanged).    1 © UCLES 2013 0625/13/O/N/13",0625_w13_qp_13
0625_w13_qp_13_38,38,"The diagram shows the screen of a cathode-ray tube. Cathode rays produced behind the screen strike the screen at P. On their way to the scr een, the cathode rays pass between two parallel metal plates.  
P
Sscreen
  Which arrangement of the metal plates will cause the beam to be deflected and strike the screen at S?  
+–A+–B+–
+–CD
 ",0625_w13_qp_13
0625_w13_qp_13_39,39,Why are some radioactive sources stored in boxes made from lead? A Lead absorbs emissions from the radioactive sources. B Lead decreases the half-life of radioactive sources. C Lead increases the half-life of radioactive sources. D Lead repels emissions from the radioactive sources.    1 © UCLES 2013 0625/13/O/N/13,0625_w13_qp_13
0625_w13_qp_13_40,40,"A nucleus of helium has the symbol He.32  Which diagram represents an atom of 
He?32  
p p
p
n
e= proton= neutron= electronpAe
e pp
nBe
e
n
nC
e
ee n
n
pDe
ekey
       
Permission to reproduce items where thir d-party owned material protected by copyright is included has been sought and cleared w here possible. Every reasonable effort has been made by the publisher (UCLES) to trace copyright holder s, but if any items requiring clearance have unwittingly been included, the publisher will be pleased to make amends at the earliest possible opportunity.  Cambridge International Examinations is part of the Cambridge Asse ssment Group. Cambridge Assessment is the brand name of Unive rsity of Cambridge Local Examinations Syndicate (UCLES), which is itself a department of the University of Cambridge.  
© UCLES 2013 0625/13/O/N/13  BLANK PAGE ",0625_w13_qp_13
0625_w14_qp_11_01,1,"Diagram 1 shows a measuring cylinder containing water.  Five identical steel balls are now lowered into the measuring cylinder. Diagram 2 shows the new water level in the cylinder.  
cm3
diagram 1100908070605040302010cm3
diagram 2100908070605040302010steel ball
  What is the volume of each steel ball? A 6
 cm3 B 14  cm3 C 30  cm3 D 70  cm3 ",0625_w14_qp_11
0625_w14_qp_11_02,2,"The graph shows how the speed of a car changes with time.  
speed
UV W X Y time 0
  Between which two times is the car stationary? A U and V B V and W C W and X D X and Y     © UCLES 2014 0625/11/O/N/14 [Turn over",0625_w14_qp_11
0625_w14_qp_11_03,3,"A man stands by a railway track.  
  A train travelling at 40
 m  / s takes 2.0 s to pass the man.  What is the length of the train? A 20
 m B 38  m C 40  m D 80  m ",0625_w14_qp_11
0625_w14_qp_11_04,4,"The mass of an astronaut is 70
 kg on the Moon.  What is the mass of the astronaut on the Earth? A 7
 kg B 70  kg C 80  kg D 700  kg ",0625_w14_qp_11
0625_w14_qp_11_05,5,"The weight of an object is found using the balance shown in the diagram. The object is put in the left-hand pan and various weights are put in the right-hand pan.  
object weights
  These are the results.  weights in the right-hand pan effect 
0.1  N, 0.1  N, 0.05  N, 0.02  N balance tips down slightly on the left-hand side 
0.2  N, 0.1  N, 0.01  N balance tips down slightly on the right-hand side 
 What is the best estimate of the weight of the object? A 0.27
 N B 0.29  N C 0.31  N D 0.58  N     © UCLES 2014 0625/11/O/N/14",0625_w14_qp_11
0625_w14_qp_11_06,6,"The diagram shows the dimensions of a rectangular block of metal of mass m.  
pq
r
  Which expression is used to calculate the density of the metal? A m × p × q B m × p × q × r C 
) (qpm× D 
) (rqpm×× ",0625_w14_qp_11
0625_w14_qp_11_07,7,In which situation is no resultant force needed? A a car changing direction at a steady speed B a car moving in a straight line at a steady speed C a car slowing down D a car speeding up ,0625_w14_qp_11
0625_w14_qp_11_08,8,"Which properties of a body can be changed by applying a force to the body? A mass, motion and shape B mass and motion, but not shape C mass and shape, but not motion D motion and shape, but not mass     © UCLES 2014 0625/11/O/N/14 [Turn over",0625_w14_qp_11
0625_w14_qp_11_09,9,"The list contains three energy resources P, Q and R.   P geothermal energy from hot rocks  Q nuclear fission in reactors  R sunlight on solar panels  Which of these resources are renewable? A P and Q only B P and R only C Q and R only D P, Q and R ",0625_w14_qp_11
0625_w14_qp_11_10,10,"The diagram shows three different containers J, K and L. Each container contains water of the same depth.  
JK L  Which statement about the pressure of the water on the base of each container is correct? A The water pressure is greatest in container J. B The water pressure is greatest in container K. C The water pressure is greatest in container L. D The water pressure is the same for all three containers. ",0625_w14_qp_11
0625_w14_qp_11_11,11,"Which movement will require the greatest amount of work to be done? A a force of 10
 N moving an object a distance of 3.0  m B a force of 10
 N moving an object a distance of 5.0  m C a force of 15
 N moving an object a distance of 3.0  m D a force of 15
 N moving an object a distance of 5.0  m     © UCLES 2014 0625/11/O/N/14",0625_w14_qp_11
0625_w14_qp_11_12,12,"A water manometer is connected to a gas supply.  
watergassupply
PQ
  There is a gas leak and the pressure of the gas supply falls.  What happens to the water level at P and what happens to the water level at Q?   water level at P water level at Q 
A falls falls 
B falls rises 
C rises falls 
D rises rises 
",0625_w14_qp_11
0625_w14_qp_11_13,13,"The diagram shows a beaker of water. Four molecules are labelled. The relative amount of energy of each molecule is shown.  Which molecule is most likely to escape from the liquid?  
molecule A(high energy) molecule B(low energy)
molecule C(high energy)molecule D(low energy)
     © UCLES 2014 0625/11/O/N/14 [Turn over",0625_w14_qp_11
0625_w14_qp_11_14,14,"Some gas is trapped in a container of fixed volume. The temperature of the gas increases. Which graph shows how the pressure of the gas changes with temperature?  
00pressure / Pa
temperature
 / °CA00pressure / Pa
temperature
 / °CB
00pressure / Pa
temperature
 / °CC00pressure / Pa
temperature
 / °CD
 ",0625_w14_qp_11
0625_w14_qp_11_15,15,"Which points are the fixed points of the liquid-in-glass thermometer shown?  
– 1 00 1 02 03 04 05 06 07 08 09 0 1 0 0 1 1 0°C
  A the beginning and end points of the column of liquid B the beginning and end points of the thermometer scale C the points marked 0
 °C and 100  °C D the top and bottom points of the thermometer bulb     © UCLES 2014 0625/11/O/N/14",0625_w14_qp_11
0625_w14_qp_11_16,16,"Equal masses of two different liquids are put into identical beakers.   Liquid 1 is heated for 100
 s and liquid 2 is heated for 200  s by heaters of the same power.    The temperature of both liquids increases by the same amount.  
liquid 1 liquid 2
heating time = 100  s heating time = 200  sheaters ofsame powerdifferent liquidsof same mass
  Which statement is correct? A Both liquids receive the same amount of energy. B Liquid 1 receives more energy than liquid 2. C Both liquids have equal thermal capacity. D The thermal capacity of liquid 1 is less than the thermal capacity of liquid 2. ",0625_w14_qp_11
0625_w14_qp_11_17,17,The metal surface of a kettle is hot.  What happens to the cool air outside the kettle when it comes into contact with the hot kettle? A The density of the air decreases and the air falls. B The density of the air decreases and the air rises. C The density of the air increases and the air falls. D The density of the air increases and the air rises.     © UCLES 2014 0625/11/O/N/14 [Turn over,0625_w14_qp_11
0625_w14_qp_11_18,18,"One type of double glazing consists of two panes of glass separated by a vacuum.  
glass
vacuumglass
  Which method or methods of energy transfer are prevented by the vacuum? A conduction and convection B conduction and radiation C convection and radiation D radiation only ",0625_w14_qp_11
0625_w14_qp_11_19,19,"The diagram shows four waves drawn to the same scale.  
00P
distance00Q
distance
00R
distance00S
distancedisplacement displacement
displacement displacement
  Which statement is correct? A The amplitude of wave P is the same as the amplitude of wave R. B The amplitude of wave S is double the amplitude of wave Q. C The wavelength of wave Q is double the wavelength of wave P. D The wavelength of wave S is the same as the wavelength of wave Q.     © UCLES 2014 0625/11/O/N/14",0625_w14_qp_11
0625_w14_qp_11_20,20,Light waves pass from air into glass and are refracted. What always remains constant when this happens? A direction B frequency C speed D wavelength ,0625_w14_qp_11
0625_w14_qp_11_21,21,Which type of electromagnetic wave is used in airport security scanners? A infra-red B microwaves C radio waves D X-rays ,0625_w14_qp_11
0625_w14_qp_11_22,22,"Which waves are longitudinal?  
88:88BA C D
light wavesfrom a lampmicrowavesin an oven
water waveson a pondsound wavesfrom a trumpet
 ",0625_w14_qp_11
0625_w14_qp_11_23,23,"An object is placed in front of a converging lens. The lens has a focal length f. The lens produces a real, enlarged image of the object.  In which labelled position is the object placed?  
A B C D
2fflens
  1 © UCLES 2014 0625/11/O/N/14 [Turn over",0625_w14_qp_11
0625_w14_qp_11_24,24,"A fire alarm is not loud enough and the pitch is too low. An engineer adjusts the alarm so that it produces a louder note of a higher pitch. What effect does this have on the amplitude and on the frequency of the sound waves that the alarm produces?   amplitude frequency 
A larger larger 
B larger smaller 
C smaller larger 
D smaller smaller 
",0625_w14_qp_11
0625_w14_qp_11_25,25,"In an experiment to measure the speed of sou nd, a student uses a stopwatch to find the time taken for a sound wave to travel from X to Y. She does this six times.  
sound travels from X to Y
X Y  The table shows her results.  measurement time
 / s 
first 0. second 0. third 0. fourth 0. fifth 0. sixth 0.  Which value for the time should be used to calculate the speed of sound? A 0.4
 s B 0.5  s C 0.6  s D 0.9  s    1 © UCLES 2014 0625/11/O/N/14",0625_w14_qp_11
0625_w14_qp_11_26,26,"The ends of three metal rods are tested by hol ding end Q of rod 1 close to the others in turn.  
rod 1 rod 2 rod 3QRSTU  The results are as follows.  End Q: attracts end R, attracts end S, attracts end T, repels end U.  Which of the metal rods is a magnet? A rod 1 only B rod 1 and rod 2 C rod 1 and rod 3 D rod 3 only ",0625_w14_qp_11
0625_w14_qp_11_27,27,"A permanent magnet is made from metal and an electromagnet uses a metal core. Which metal is suitable for each of these purposes?  permanent magnet core of electromagnet
A iron iron 
B iron steel 
C steel iron 
D steel steel 
",0625_w14_qp_11
0625_w14_qp_11_28,28,"Which row gives the unit for energy and the unit for electromotive force (e.m.f.)?   energy e.m.f. 
A J N 
B J V 
C W N 
D W V 
   1 © UCLES 2014 0625/11/O/N/14 [Turn over",0625_w14_qp_11
0625_w14_qp_11_29,29,"A student carries out an experiment to investi gate the resistance of a resistor R. She takes a series of readings of potential difference (p.d.) and current, and plots a graph of her results.  Which circuit should she use?  
AR
VAARVB
AR
VCARVD
 ",0625_w14_qp_11
0625_w14_qp_11_30,30,"The diagram shows a circuit with a 3.0
 Ω resistor and a 2.0  Ω resistor connected in parallel.  
3.0  Ω6.0 V
2.0
 ΩA
  The switch is open, and the ammeter reads 2.0
 A.   The switch is now closed and the ammeter reads the total current in both resistors.  What is the ammeter reading with the switch closed? A 1.2
 A B 3.0  A C 4.0  A D 5.0  A    1 © UCLES 2014 0625/11/O/N/14",0625_w14_qp_11
0625_w14_qp_11_31,31,"The diagram shows a torch containing two cells, a switch and a lamp.  
plastic case brass connecting strip switch lamp cells
  Which is the circuit diagram for the torch?  
C B A D 
 ",0625_w14_qp_11
0625_w14_qp_11_32,32,"An engineer uses the potential divider shown in the diagram. He needs the output voltage to be one tenth (
101) of the input voltage.  
XY 
outputvoltageinputvoltage
  Which pair of values could he use for the two resistors X and Y?   X
 / kΩ Y  / kΩ 
A 1.0 9.0 
B 1.0 10.0 
C 9.0 1.0 
D 10.0 1.0 
   1 © UCLES 2014 0625/11/O/N/14 [Turn over",0625_w14_qp_11
0625_w14_qp_11_33,33,"The current in a kettle is 10  A and it is protected by a 13  A fuse.  The owner of the kettle replaces the 13
 A fuse with a 3  A fuse.  What happens when the kettle is switched on? A The fuse blows and the kettle is damaged. B The fuse blows and the kettle is undamaged. C The fuse does not blow and the kettle works correctly. D The fuse does not blow but the kettle fails to work. ",0625_w14_qp_11
0625_w14_qp_11_34,34,"The diagram shows cables used in the transmission of electrical energy. High voltages are used for the transmission.  
transmission cables 
powerstation
  Why are high voltages used for the transmission of electrical energy? A Fear of high voltages stops people from interfering with the cables. B Heat loss in the cables is smaller than if low voltages are used. C High voltages increase the current in the cables. D High voltages produce large magnetic fields, so less insulation is needed. ",0625_w14_qp_11
0625_w14_qp_11_35,35,"Which diagram shows the magnetic field pattern around a wire that is carrying a current perpendicular to the page?  
Awire wireBC D
    1 © UCLES 2014 0625/11/O/N/14",0625_w14_qp_11
0625_w14_qp_11_36,36,"The diagram shows a simple transformer with an input of 240  V and an output of 40  V.  There are 600 turns on the primary coil.  
output input 600 turns 240
 V4 0  Vprimary coil secondary coil
  How many turns are there on the secondary coil? A 100 B 320 C 400 D 3600 ",0625_w14_qp_11
0625_w14_qp_11_37,37,"In a cathode-ray tube, a hot tungsten cathode releases particles by thermionic emission.  What are these particles? A α-particles B electrons C protons D tungsten atoms ",0625_w14_qp_11
0625_w14_qp_11_38,38,"The diagram shows a radioactive source, a thick aluminium sheet and a radiation detector.  
radioactivesourcethick aluminiumsheetradiation detector 
  The radiation detector shows a reading greater than the background reading.  Which type of radiation is being emitted by  the source and detected by the detector? A α-radiation B β-radiation C γ-radiation D infra-red radiation    1 © UCLES 2014 0625/11/O/N/14",0625_w14_qp_11
0625_w14_qp_11_39,39,"The count rate from a radioactive isotope is recorded every hour. The count rate is corrected for background radiation.  The table shows the readings. time
 / hours 0 1 2 3 4  s/countsrate count corrected   800 620 480 370 290 2  What estimate of the half-life of the isotope can be obtained from the readings in the table? A between 1 and 2 hours B between 2 and 3 hours C between 3 and 4 hours D between 4 and 5 hours ",0625_w14_qp_11
0625_w14_qp_11_40,40,"A nuclide is represented by the symbol 
.XPQ How many neutrons are in one nucleus of the nuclide? A P B Q C P + Q D P – Q    1 © UCLES 2014 0625/11/O/N/14  BLANK PAGE  1 © UCLES 2014 0625/11/O/N/14  BLANK PAGE     
Permission to reproduce items where thir d-party owned material protected by copyright is included has been sought and cleared w here possible. Every reasonable effort has been made by the publisher (UCLES) to trace copyright holder s, but if any items requiring clearance have unwittingly been included, the publisher will be pleased to make amends at the earliest possible opportunity.  Cambridge International Examinations is part of the Cambridge Asse ssment Group. Cambridge Assessment is the brand name of Unive rsity of Cambridge Local Examinations Syndicate (UCLES), which is itself a department of the University of Cambridge.  
© UCLES 2014 0625/11/O/N/14  BLANK PAGE ",0625_w14_qp_11
0625_w14_qp_12_01,1,"A man stands by a railway track.  
  A train travelling at 40
 m  / s takes 2.0 s to pass the man.  What is the length of the train? A 20
 m B 38  m C 40  m D 80  m ",0625_w14_qp_12
0625_w14_qp_12_02,2,"Diagram 1 shows a measuring cylinder containing water.  Five identical steel balls are now lowered into the measuring cylinder. Diagram 2 shows the new water level in the cylinder.  
cm3
diagram 1100908070605040302010cm3
diagram 2100908070605040302010steel ball
  What is the volume of each steel ball? A 6
 cm3 B 14  cm3 C 30  cm3 D 70  cm3     © UCLES 2014 0625/12/O/N/14 [Turn over",0625_w14_qp_12
0625_w14_qp_12_03,3,"The graph shows how the speed of a car changes with time.  
speed
UV W X Y time 0
  Between which two times is the car stationary? A U and V B V and W C W and X D X and Y ",0625_w14_qp_12
0625_w14_qp_12_04,4,"The diagram shows the dimensions of a rectangular block of metal of mass m.  
pq
r
  Which expression is used to calculate the density of the metal? A m × p × q B m × p × q × r C 
) (qpm× D 
) (rqpm××     © UCLES 2014 0625/12/O/N/14",0625_w14_qp_12
0625_w14_qp_12_05,5,"The weight of an object is found using the balance shown in the diagram. The object is put in the left-hand pan and various weights are put in the right-hand pan.  
object weights
  These are the results.  weights in the right-hand pan effect 
0.1  N, 0.1  N, 0.05  N, 0.02  N balance tips down slightly on the left-hand side 
0.2  N, 0.1  N, 0.01  N balance tips down slightly on the right-hand side 
 What is the best estimate of the weight of the object? A 0.27
 N B 0.29  N C 0.31  N D 0.58  N ",0625_w14_qp_12
0625_w14_qp_12_06,6,"The mass of an astronaut is 70
 kg on the Moon.  What is the mass of the astronaut on the Earth? A 7
 kg B 70  kg C 80  kg D 700  kg ",0625_w14_qp_12
0625_w14_qp_12_07,7,"Which properties of a body can be changed by applying a force to the body? A mass, motion and shape B mass and motion, but not shape C mass and shape, but not motion D motion and shape, but not mass ",0625_w14_qp_12
0625_w14_qp_12_08,8,In which situation is no resultant force needed? A a car changing direction at a steady speed B a car moving in a straight line at a steady speed C a car slowing down D a car speeding up     © UCLES 2014 0625/12/O/N/14 [Turn over,0625_w14_qp_12
0625_w14_qp_12_09,9,"The diagram shows three different containers J, K and L. Each container contains water of the same depth.  
JK L  Which statement about the pressure of the water on the base of each container is correct? A The water pressure is greatest in container J. B The water pressure is greatest in container K. C The water pressure is greatest in container L. D The water pressure is the same for all three containers. ",0625_w14_qp_12
0625_w14_qp_12_10,10,"A water manometer is connected to a gas supply.  
watergassupply
PQ
  There is a gas leak and the pressure of the gas supply falls.  What happens to the water level at P and what happens to the water level at Q?   water level at P water level at Q 
A falls falls 
B falls rises 
C rises falls 
D rises rises 
    © UCLES 2014 0625/12/O/N/14",0625_w14_qp_12
0625_w14_qp_12_11,11,"The list contains three energy resources P, Q and R.   P geothermal energy from hot rocks  Q nuclear fission in reactors  R sunlight on solar panels  Which of these resources are renewable? A P and Q only B P and R only C Q and R only D P, Q and R ",0625_w14_qp_12
0625_w14_qp_12_12,12,"Equal masses of two different liquids are put into identical beakers.   Liquid 1 is heated for 100
 s and liquid 2 is heated for 200  s by heaters of the same power.    The temperature of both liquids increases by the same amount.  
liquid 1 liquid 2
heating time = 100  s heating time = 200  sheaters ofsame powerdifferent liquidsof same mass
  Which statement is correct? A Both liquids receive the same amount of energy. B Liquid 1 receives more energy than liquid 2. C Both liquids have equal thermal capacity. D The thermal capacity of liquid 1 is less than the thermal capacity of liquid 2.     © UCLES 2014 0625/12/O/N/14 [Turn over",0625_w14_qp_12
0625_w14_qp_12_13,13,"Which points are the fixed points of the liquid-in-glass thermometer shown?  
– 1 00 1 02 03 04 05 06 07 08 09 0 1 0 0 1 1 0°C
  A the beginning and end points of the column of liquid B the beginning and end points of the thermometer scale C the points marked 0
 °C and 100  °C D the top and bottom points of the thermometer bulb ",0625_w14_qp_12
0625_w14_qp_12_14,14,The metal surface of a kettle is hot.  What happens to the cool air outside the kettle when it comes into contact with the hot kettle? A The density of the air decreases and the air falls. B The density of the air decreases and the air rises. C The density of the air increases and the air falls. D The density of the air increases and the air rises. ,0625_w14_qp_12
0625_w14_qp_12_15,15,"Some gas is trapped in a container of fixed volume. The temperature of the gas increases. Which graph shows how the pressure of the gas changes with temperature?  
00pressure / Pa
temperature
 / °CA00pressure / Pa
temperature
 / °CB
00pressure / Pa
temperature
 / °CC00pressure / Pa
temperature
 / °CD
   © UCLES 2014 0625/12/O/N/14",0625_w14_qp_12
0625_w14_qp_12_16,16,"The diagram shows four waves drawn to the same scale.  
00P
distance00Q
distance
00R
distance00S
distancedisplacement displacement
displacement displacement
  Which statement is correct? A The amplitude of wave P is the same as the amplitude of wave R. B The amplitude of wave S is double the amplitude of wave Q. C The wavelength of wave Q is double the wavelength of wave P. D The wavelength of wave S is the same as the wavelength of wave Q. ",0625_w14_qp_12
0625_w14_qp_12_17,17,"The diagram shows a beaker of water. Four molecules are labelled. The relative amount of energy of each molecule is shown.  Which molecule is most likely to escape from the liquid?  
molecule A(high energy) molecule B(low energy)
molecule C(high energy)molecule D(low energy)
     © UCLES 2014 0625/12/O/N/14 [Turn over",0625_w14_qp_12
0625_w14_qp_12_18,18,"One type of double glazing consists of two panes of glass separated by a vacuum.  
glass
vacuumglass
  Which method or methods of energy transfer are prevented by the vacuum? A conduction and convection B conduction and radiation C convection and radiation D radiation only ",0625_w14_qp_12
0625_w14_qp_12_19,19,"The diagram shows a circuit with a 3.0
 Ω resistor and a 2.0  Ω resistor connected in parallel.  
3.0  Ω6.0 V
2.0
 ΩA
  The switch is open, and the ammeter reads 2.0
 A.   The switch is now closed and the ammeter reads the total current in both resistors.  What is the ammeter reading with the switch closed? A 1.2
 A B 3.0  A C 4.0  A D 5.0  A     © UCLES 2014 0625/12/O/N/14",0625_w14_qp_12
0625_w14_qp_12_20,20,"The diagram shows cables used in the transmission of electrical energy. High voltages are used for the transmission.  
transmission cables 
powerstation
  Why are high voltages used for the transmission of electrical energy? A Fear of high voltages stops people from interfering with the cables. B Heat loss in the cables is smaller than if low voltages are used. C High voltages increase the current in the cables. D High voltages produce large magnetic fields, so less insulation is needed. ",0625_w14_qp_12
0625_w14_qp_12_21,21,"The diagram shows a torch containing two cells, a switch and a lamp.  
plastic case brass connecting strip switch lamp cells
  Which is the circuit diagram for the torch?  
C B A D 
    1 © UCLES 2014 0625/12/O/N/14 [Turn over",0625_w14_qp_12
0625_w14_qp_12_22,22,"Which diagram shows the magnetic field pattern around a wire that is carrying a current perpendicular to the page?  
Awire wireBC D
 ",0625_w14_qp_12
0625_w14_qp_12_23,23,"The diagram shows a simple transformer with an input of 240
 V and an output of 40  V.  There are 600 turns on the primary coil.  
output input 600 turns 240
 V4 0  Vprimary coil secondary coil
  How many turns are there on the secondary coil? A 100 B 320 C 400 D 3600 ",0625_w14_qp_12
0625_w14_qp_12_24,24,"An engineer uses the potential divider shown in the diagram. He needs the output voltage to be one tenth (
101) of the input voltage.  
XY 
outputvoltageinputvoltage
  Which pair of values could he use for the two resistors X and Y?   X
 / kΩ Y  / kΩ 
A 1.0 9.0 
B 1.0 10.0 
C 9.0 1.0 
D 10.0 1.0  1 © UCLES 2014 0625/12/O/N/14",0625_w14_qp_12
0625_w14_qp_12_25,25,"The current in a kettle is 10  A and it is protected by a 13  A fuse.  The owner of the kettle replaces the 13
 A fuse with a 3  A fuse.  What happens when the kettle is switched on? A The fuse blows and the kettle is damaged. B The fuse blows and the kettle is undamaged. C The fuse does not blow and the kettle works correctly. D The fuse does not blow but the kettle fails to work. ",0625_w14_qp_12
0625_w14_qp_12_26,26,"Which waves are longitudinal?  
88:88BA C D
light wavesfrom a lampmicrowavesin an oven
water waveson a pondsound wavesfrom a trumpet
 ",0625_w14_qp_12
0625_w14_qp_12_27,27,Which type of electromagnetic wave is used in airport security scanners? A infra-red B microwaves C radio waves D X-rays ,0625_w14_qp_12
0625_w14_qp_12_28,28,Light waves pass from air into glass and are refracted. What always remains constant when this happens? A direction B frequency C speed D wavelength    1 © UCLES 2014 0625/12/O/N/14 [Turn over,0625_w14_qp_12
0625_w14_qp_12_29,29,"In an experiment to measure the speed of sound, a student uses a stopwatch to find the time taken for a sound wave to travel from X to Y. She does this six times.  
sound travels from X to Y
X Y  The table shows her results.  measurement time
 / s 
first 0. second 0. third 0. fourth 0. fifth 0. sixth 0.  Which value for the time should be used to calculate the speed of sound? A 0.4
 s B 0.5  s C 0.6  s D 0.9  s ",0625_w14_qp_12
0625_w14_qp_12_30,30,"A permanent magnet is made from metal and an electromagnet uses a metal core. Which metal is suitable for each of these purposes?  permanent magnet core of electromagnet
A iron iron 
B iron steel 
C steel iron 
D steel steel 
",0625_w14_qp_12
0625_w14_qp_12_31,31,"A fire alarm is not loud enough and the pitch is too low. An engineer adjusts the alarm so that it produces a louder note of a higher pitch. What effect does this have on the amplitude and on the frequency of the sound waves that the alarm produces?   amplitude frequency 
A larger larger 
B larger smaller 
C smaller larger 
D smaller smaller  1 © UCLES 2014 0625/12/O/N/14",0625_w14_qp_12
0625_w14_qp_12_32,32,"Which row gives the unit for energy and the unit for electromotive force (e.m.f.)?   energy e.m.f. 
A J N 
B J V 
C W N 
D W V 
",0625_w14_qp_12
0625_w14_qp_12_33,33,"The ends of three metal rods are tested by hol ding end Q of rod 1 close to the others in turn.  
rod 1 rod 2 rod 3QRSTU  The results are as follows.  End Q: attracts end R, attracts end S, attracts end T, repels end U.  Which of the metal rods is a magnet? A rod 1 only B rod 1 and rod 2 C rod 1 and rod 3 D rod 3 only ",0625_w14_qp_12
0625_w14_qp_12_34,34,"Which movement will require the greatest amount of work to be done? A a force of 10
 N moving an object a distance of 3.0  m B a force of 10
 N moving an object a distance of 5.0  m C a force of 15
 N moving an object a distance of 3.0  m D a force of 15
 N moving an object a distance of 5.0  m    1 © UCLES 2014 0625/12/O/N/14 [Turn over",0625_w14_qp_12
0625_w14_qp_12_35,35,"An object is placed in front of a converging lens. The lens has a focal length f. The lens produces a real, enlarged image of the object.  In which labelled position is the object placed?  
A B C D
2fflens
 ",0625_w14_qp_12
0625_w14_qp_12_36,36,"A student carries out an experiment to investi gate the resistance of a resistor R. She takes a series of readings of potential difference (p.d.) and current, and plots a graph of her results.  Which circuit should she use?  
AR
VAARVB
AR
VCARVD
    1 © UCLES 2014 0625/12/O/N/14",0625_w14_qp_12
0625_w14_qp_12_37,37,"The diagram shows a radioactive source, a thick aluminium sheet and a radiation detector.  
radioactivesourcethick aluminiumsheetradiation detector 
  The radiation detector shows a reading greater than the background reading.  Which type of radiation is being emitted by the source and detected by the detector? A α-radiation B β-radiation C γ-radiation D infra-red radiation ",0625_w14_qp_12
0625_w14_qp_12_38,38,"The count rate from a radioactive isotope is recorded every hour. The count rate is corrected for background radiation.  The table shows the readings. time
 / hours 0 1 2 3 4  s/countsrate count corrected   800 620 480 370 290 2  What estimate of the half-life of the isotope can be obtained from the readings in the table? A between 1 and 2 hours B between 2 and 3 hours C between 3 and 4 hours D between 4 and 5 hours ",0625_w14_qp_12
0625_w14_qp_12_39,39,"A nuclide is represented by the symbol 
.XPQ How many neutrons are in one nucleus of the nuclide? A P B Q C P + Q D P – Q    1 © UCLES 2014 0625/12/O/N/14",0625_w14_qp_12
0625_w14_qp_12_40,40,"In a cathode-ray tube, a hot tungsten cathode releases particles by thermionic emission.  What are these particles? A α-particles B electrons C protons D tungsten atoms    1 © UCLES 2014 0625/12/O/N/14  BLANK PAGE    1 © UCLES 2014 0625/12/O/N/14  BLANK PAGE         
Permission to reproduce items where thir d-party owned material protected by copyright is included has been sought and cleared w here possible. Every reasonable effort has been made by the publisher (UCLES) to trace copyright holder s, but if any items requiring clearance have unwittingly been included, the publisher will be pleased to make amends at the earliest possible opportunity.  Cambridge International Examinations is part of the Cambridge Asse ssment Group. Cambridge Assessment is the brand name of Unive rsity of Cambridge Local Examinations Syndicate (UCLES), which is itself a department of the University of Cambridge.  
© UCLES 2014 0625/12/O/N/14  BLANK PAGE     ",0625_w14_qp_12
0625_w14_qp_13_01,1,"A stopwatch is used to time a runner in a race. The diagrams show the stopwatch at the start and at the end of a lap of the race.  
start of lap end of lap0 : 50  : 10 1  : 40  : 10
  How long did the runner take to finish the lap of the race? A 50.00 seconds B 50.10 seconds C 90.00 seconds D 100.10 seconds ",0625_w14_qp_13
0625_w14_qp_13_02,2,"The graph shows how the speed of a car changes with time.  
speed
UV W X Y time 0
  Between which two times is the car stationary? A U and V B V and W C W and X D X and Y     © UCLES 2014 0625/13/O/N/14 [Turn over",0625_w14_qp_13
0625_w14_qp_13_03,3,"An aeroplane flies from town X to town Z, stopping for 1 hour at town Y to pick up more passengers. The distances between the towns are shown in the diagram.  
300  km200  kmYX Z
  The total time taken between leaving X and arriving at Z is 3 hours.  What is the average speed of the aeroplane in the air? A 
4500 km  / h B 3500 km  / h C 2500 km  / h D 1500 km  / h ",0625_w14_qp_13
0625_w14_qp_13_04,4,"The mass of an astronaut is 70
 kg on the Moon.  What is the mass of the astronaut on the Earth? A 7
 kg B 70  kg C 80  kg D 700  kg ",0625_w14_qp_13
0625_w14_qp_13_05,5,"The weight of an object is found using the balance shown in the diagram. The object is put in the left-hand pan and various weights are put in the right-hand pan.  
object weights
  These are the results.  weights in the right-hand pan effect 
0.1  N, 0.1  N, 0.05  N, 0.02  N balance tips down slightly on the left-hand side 
0.2  N, 0.1  N, 0.01  N balance tips down slightly on the right-hand side 
 What is the best estimate of the weight of the object? A 0.27
 N B 0.29  N C 0.31  N D 0.58  N     © UCLES 2014 0625/13/O/N/14",0625_w14_qp_13
0625_w14_qp_13_06,6,"Diagram 1 shows an empty measuring cylinder on a balance.  Diagram 2 shows the same measuring cylinder on the balance, but it now contains a liquid.  
cm3
diagram 116.014.012.010.08.06.04.02.0gcm3
diagram 216.014.012.010.08.06.04.02.0g
  What is the density of the liquid? A 0.2
 g / cm3 B 0.5  g / cm3 C 2.0  g / cm3 D 5.0  g / cm3 ",0625_w14_qp_13
0625_w14_qp_13_07,7,In which situation is no resultant force needed? A a car changing direction at a steady speed B a car moving in a straight line at a steady speed C a car slowing down D a car speeding up     © UCLES 2014 0625/13/O/N/14 [Turn over,0625_w14_qp_13
0625_w14_qp_13_08,8,"The diagram shows a uniform, flat metal sheet hanging freely from a nail at point A. A weight also hangs freely on a string tied to A.   One of the labelled points is at the centre of mass of the metal sheet.  Which point is at the centre of mass?  
nail 
metal sheet
weightA B C D 
 ",0625_w14_qp_13
0625_w14_qp_13_09,9,"When a bicycle lamp is switched on, what is the useful energy change within the battery? A chemical energy to electrical energy B electrical energy to chemical energy C electrical energy to light energy D light energy to chemical energy ",0625_w14_qp_13
0625_w14_qp_13_10,10,"A student does some work by pulling a suitcase along a corridor.  She now pulls a second suitcase along the corridor.  Which row indicates that the student is now doing twice as much work?   the force used to pull suitcase the distance the suitcase is pulled 
A is doubled is doubled 
B is doubled is halved 
C stays the same is doubled 
D stays the same is halved 
    © UCLES 2014 0625/13/O/N/14",0625_w14_qp_13
0625_w14_qp_13_11,11,"The scale diagram shows three identical blocks, P, Q and R. The blocks have different areas of contact with the ground.  
PQ R  Which block exerts the greatest pressure on the ground? A block P B block Q C block R D they all exert the same pressure ",0625_w14_qp_13
0625_w14_qp_13_12,12,"A manometer is used to measure the pressure of the air in a container.  
hconnectionto containermanometerliquid
  Which change would give a bigger value of height h
 ? A using a less dense liquid B using a more dense liquid C using a narrower tube D using a wider tube     © UCLES 2014 0625/13/O/N/14 [Turn over",0625_w14_qp_13
0625_w14_qp_13_13,13,"The volume of a gas in a sealed syringe is increased. The temperature of the gas does not change.  
before change after change   After this change is made, what has happened to the gas molecules in the syringe? A They move more quickly. B They move more slowly. C They hit the syringe walls less often. D They hit the syringe walls more often. ",0625_w14_qp_13
0625_w14_qp_13_14,14,"Some liquid is poured into a metal dish on a wooden table. The dish, the liquid, the table and the air around the dish are all at the same temperature.  
metal dishliquid
wooden table
  The temperature of the liquid now starts to decrease.  What could cause this temperature decrease? A convection currents in the liquid B conduction of heat through the metal dish C evaporation of the liquid D heat radiation from the liquid     © UCLES 2014 0625/13/O/N/14",0625_w14_qp_13
0625_w14_qp_13_15,15,"The diagram shows four labelled changes of state between solid, liquid and gas.  
solid liquid gasPSQR
  Which changes need an energy input? A P and Q B Q and R C R and S D S and P ",0625_w14_qp_13
0625_w14_qp_13_16,16,"Equal masses of two different liquids are put into identical beakers.   Liquid 1 is heated for 100
 s and liquid 2 is heated for 200  s by heaters of the same power.    The temperature of both liquids increases by the same amount.  
liquid 1 liquid 2
heating time = 100  s heating time = 200  sheaters ofsame powerdifferent liquidsof same mass
  Which statement is correct? A Both liquids receive the same amount of energy. B Liquid 1 receives more energy than liquid 2. C Both liquids have equal thermal capacity. D The thermal capacity of liquid 1 is less than the thermal capacity of liquid 2.     © UCLES 2014 0625/13/O/N/14 [Turn over",0625_w14_qp_13
0625_w14_qp_13_17,17,Two methods by which thermal energy can be transferred are conduction and radiation. Which statement is correct? A Conduction involves density changes in fluids. B Conduction only occurs in solids. C Radiation cannot occur in a vacuum. D Radiation involves electromagnetic waves. ,0625_w14_qp_13
0625_w14_qp_13_18,18,"A heater is to be fitted in a room to warm the air throughout the room. The diagram shows two possible positions to fit the heater, P and Q.  
position Pposition Qroom
  Which position is better and why?  position why? 
A P warmer air is less dense and rises 
B P warmer air is more dense and rises 
C Q warmer air is less dense and falls 
D Q warmer air is more dense and falls 
    © UCLES 2014 0625/13/O/N/14",0625_w14_qp_13
0625_w14_qp_13_19,19,"The diagram shows four waves drawn to the same scale.  
00P
distance00Q
distance
00R
distance00S
distancedisplacement displacement
displacement displacement
  Which statement is correct? A The amplitude of wave P is the same as the amplitude of wave R. B The amplitude of wave S is double the amplitude of wave Q. C The wavelength of wave Q is double the wavelength of wave P. D The wavelength of wave S is the same as the wavelength of wave Q. ",0625_w14_qp_13
0625_w14_qp_13_20,20,"Waves travel more quickly on the surface of water when the water is deep. A stone is dropped at point X into a pool of va rying depth. The diagram shows the first wavefront on the surface of the pool. The region between X and which labelled point is likely to be the deepest?  
wavefrontAB
DC X
    1 © UCLES 2014 0625/13/O/N/14 [Turn over",0625_w14_qp_13
0625_w14_qp_13_21,21,An intruder alarm sensor detects that a human is warmer than his surroundings.  Which type of electromagnetic wave does the sensor detect? A infra-red B radio C ultraviolet D visible light ,0625_w14_qp_13
0625_w14_qp_13_22,22,"Which waves are longitudinal?  
88:88BA C D
light wavesfrom a lampmicrowavesin an oven
water waveson a pondsound wavesfrom a trumpet
 ",0625_w14_qp_13
0625_w14_qp_13_23,23,"An object is placed in front of a converging lens. The lens has a focal length f. In which labelled position should the object be placed in order to produce a real image of the object that is smaller than the object?  
A B C D
2fflens
    1 © UCLES 2014 0625/13/O/N/14",0625_w14_qp_13
0625_w14_qp_13_24,24,"Three vibrating objects P, Q and R produce waves in the air of different frequencies as shown. object frequency
 / Hz 
P 2 Q 1000 
R 15  000 
Which of these waves can be heard by a human ear? A P, Q and R B P and Q only C P and R only D Q and R only ",0625_w14_qp_13
0625_w14_qp_13_25,25,"In an experiment to measure the speed of sou nd, a student uses a stopwatch to find the time taken for a sound wave to travel from X to Y. She does this six times.  
sound travels from X to Y
X Y  The table shows her results.  measurement time
 / s 
first 0. second 0. third 0. fourth 0. fifth 0. sixth 0.  Which value for the time should be used to calculate the speed of sound? A 0.4
 s B 0.5  s C 0.6  s D 0.9  s    1 © UCLES 2014 0625/13/O/N/14 [Turn over",0625_w14_qp_13
0625_w14_qp_13_26,26,"The ends of three metal rods are tested by hol ding end Q of rod 1 close to the others in turn.  
rod 1 rod 2 rod 3QRSTU  The results are as follows.  End Q: attracts end R, attracts end S, attracts end T, repels end U.  Which of the metal rods is a magnet? A rod 1 only B rod 1 and rod 2 C rod 1 and rod 3 D rod 3 only ",0625_w14_qp_13
0625_w14_qp_13_27,27,"The diagram shows two bar magnets, stored with metal keepers across the ends. The keepers help to keep the magnets magnetised.  
magnetmagnetkeeper keeper
  The material used for the keepers becomes strongly magnetised when placed in contact with the magnets, but does not remain magnetised when taken away from the magnets.  What is a suitable metal to use for the magnets and what is a suitable metal to use for the keepers?   metal for magnets metal for keepers 
A iron iron 
B iron steel 
C steel iron  
D steel steel 
  1 © UCLES 2014 0625/13/O/N/14",0625_w14_qp_13
0625_w14_qp_13_28,28,"Four wires are made from the same material. Which wire has the least resistance?   diameter of wire
 / mm length of wire  / cm 
A 0.2 100 
B 0.2 200 
C 0.4 100 
D 0.4 200 
",0625_w14_qp_13
0625_w14_qp_13_29,29,"A 30
 Ω resistor is connected in series with another resistor and a 6.0  V battery. The current in the circuit is 0.12
 A. A voltmeter is connected across the other resistor.  
30  Ω
V0.12  A6.0 V
  What is the reading on the voltmeter? A 2.4
 V B 3.6  V C 6.0  V D 9.6  V ",0625_w14_qp_13
0625_w14_qp_13_30,30,"A circuit contains four ammeters A, B, C and D, and three resistors with different values. Which ammeter shows the largest reading?  
AAA
A20  Ω10 Ω30
 ΩABCD
    1 © UCLES 2014 0625/13/O/N/14 [Turn over",0625_w14_qp_13
0625_w14_qp_13_31,31,"The diagram shows a torch containing two cells, a switch and a lamp.  
plastic case brass connecting strip switch lamp cells
  Which is the circuit diagram for the torch?  
C B A D 
 ",0625_w14_qp_13
0625_w14_qp_13_32,32,"The diagram shows a circuit with a fixed resistor connected in series with a light-dependent resistor (LDR). A voltmeter is connected across the LDR.  
V
  A bright lamp shines light onto the LDR. The lamp is then switched off and this causes the voltmeter reading to change.  Which row shows the change in the resistance of the LDR and the change in the voltmeter reading when the lamp is switched off?  resistance of LDR voltmeter reading 
A decreases decreases 
B decreases increases 
C increases decreases 
D increases increases 
   1 © UCLES 2014 0625/13/O/N/14",0625_w14_qp_13
0625_w14_qp_13_33,33,"The current in an electrical heater is 5.0  A.  The heater is connected to the mains by a flexible cable that can carry a current of up to 15
 A. The mains circuit can carry a current of up to 30
 A.  Different fuses are available for the heater.  Which fuse is the most suitable? A 4.0
 A B 10  A C 20  A D 40  A ",0625_w14_qp_13
0625_w14_qp_13_34,34,"The diagram shows a thin copper wire in a magnetic field. The current in the wire is from right to left. This causes an upward force on the wire.  
force on wirecurrent
  The direction of the current and the direction of the magnetic field are both reversed.  In which direction does the force act on the wire, after these changes are made? A downwards B into the page C out of the page D upwards ",0625_w14_qp_13
0625_w14_qp_13_35,35,"A solenoid is connected to a very sensitive ammeter. A rod is inserted into one end of the solenoid. The ammeter shows that there is a small electric current in the circuit while the rod is moving.  
solenoidrod
A  Which rod is being inserted? A a heated copper rod B a magnetised steel rod C an uncharged nylon rod D a radioactive uranium rod    1 © UCLES 2014 0625/13/O/N/14 [Turn over",0625_w14_qp_13
0625_w14_qp_13_36,36,"The diagram shows the structure of a transformer.  
  primary coil core
  Which row shows a suitable material for the primary coil and a suitable material for the core?   primary coil core 
A copper copper 
B copper iron 
C iron copper 
D iron iron 
",0625_w14_qp_13
0625_w14_qp_13_37,37,"In a cathode-ray tube, a hot tungsten cathode releases particles by thermionic emission.  What are these particles? A α-particles B electrons C protons D tungsten atoms    1 © UCLES 2014 0625/13/O/N/14",0625_w14_qp_13
0625_w14_qp_13_38,38,"A radioactive source emits three types of radiation R, S and T.   The diagram shows an experiment set up to study the penetrating properties of R, S and T.  
paper few mm ofaluminiumfew cmof leadR
TS
  Which types of radiation are R, S and T?   R S T 
A α-particles β-particles γ-rays 
B α-particles γ-rays β-particles 
C β-particles α-particles γ-rays 
D γ-rays β-particles α-particles 
",0625_w14_qp_13
0625_w14_qp_13_39,39,"The half-life of a radioactive substance is 10 minutes. A sample of the radioactive substance contains 2000 nuclei. How many radioactive nuclei were in the sample half an hour earlier? A 250 B 4000 C 6000 D 16
 000 ",0625_w14_qp_13
0625_w14_qp_13_40,40,"Which statement about the nuclei of all atoms is correct? A They are very small compared with the size of the atoms. B They always contain the same number of protons as neutrons. C They contain electrons, neutrons and protons. D They have a total charge of zero.    1 © UCLES 2014 0625/13/O/N/14  BLANK PAGE     
Permission to reproduce items where t hird-party owned material protected by copyright  is included has been sought and cleared w here possible. Every reasonable effort has been made by the publisher (UCLES) to trace copyright holder s, but if any items requiring clearance have unwittingly been included, the publisher will be pleased to make amends at the earliest possible opportunity.  Cambridge International Examinations is part of the Cambridge Asse ssment Group. Cambridge Assessment is the brand name of Unive rsity of Cambridge Local Examinations Syndicate (UCLES), which is itself a department of the University of Cambridge.  
© UCLES 2014 0625/13/O/N/14  BLANK PAGE ",0625_w14_qp_13
0625_w15_qp_11_01,1,"Which option contains only apparatus that could be used to determine the volume of a small block of unknown material? A measuring cylinder, metre rule B measuring cylinder, stopwatch C metre rule, balance D metre rule, stopwatch ",0625_w15_qp_11
0625_w15_qp_11_02,2,"The graph represents the motion of a car.  
0 0 20 10 5 10 15 20 25 30 time
 / sspeedm / s
  What is the distance travelled by the car while it is moving at a constant speed? A 100
 m B 150  m C 250  m D 300  m ",0625_w15_qp_11
0625_w15_qp_11_03,3,"A car travels along the route PQRST in 30 minutes.  
PQRST10 km5 km5
 km10
 km
  What is the average speed of the car? A 10
 km  / hour B 20  km  / hour C 30  km  / hour D 60  km  / hour     © UCLES 2015 0625/11/O/N/15 [Turn over",0625_w15_qp_11
0625_w15_qp_11_04,4,"The mass of an object is measured on Earth. The mass is 5.0  kg.  The object is taken to the Moon. The mass of the object is measured on the Moon.  What is the mass of the object on the Moon? A 0
 kg B more than 0
 kg, but less than 5.0  kg C 5.0
 kg D more than 5.0
 kg ",0625_w15_qp_11
0625_w15_qp_11_05,5,"A student wishes to determine the density of the solid block shown.  
  Which quantities must be known? A the area of the shaded face and the volume of the block B the area of the shaded face and the weight of the block C the mass of the block and the height of the block D the mass of the block and the volume of the block     © UCLES 2015 0625/11/O/N/15",0625_w15_qp_11
0625_w15_qp_11_06,6,"A heavy beam rests on two supports. The diagram shows the only three forces F 1, F 2 and F 3 acting on the beam.  
F1 F2
F3support support beam
  The beam is in equilibrium.  Which statement is correct? A All the forces are equal in size. B The resultant force on the beam is in the opposite direction to the resultant turning effect. C The resultant force on the beam is zero and the resultant turning effect on the beam is zero. D The total upward force is twice the total downward force. ",0625_w15_qp_11
0625_w15_qp_11_07,7,"Which list contains only properties of an object that can be changed by a force? A direction of motion, mass, shape B direction of motion, mass, speed C direction of motion, shape, speed D mass, shape, speed ",0625_w15_qp_11
0625_w15_qp_11_08,8,"What needs to be known to calculate the work done by a force acting on an object?   the size of  the force the distance the force moves the object the time for which the force acts  
A /a19 /a19 /a19 key 
B /a19 /a19 /a23 /a19= needed 
C /a19 /a23 /a19 /a23= not needed 
D /a19 /a23 /a23  
    © UCLES 2015 0625/11/O/N/15 [Turn over",0625_w15_qp_11
0625_w15_qp_11_09,9,Electrical energy may be obtained from nuclear fission.  In which order is the energy transferred in this process? A nuclear fuel → generator → reactor and boiler → turbines B nuclear fuel → generator → turbines → reactor and boiler C nuclear fuel → reactor and boiler → generator → turbines D nuclear fuel → reactor and boiler → turbines → generator ,0625_w15_qp_11
0625_w15_qp_11_10,10,"The diagram shows a manometer containing a liquid. The manometer is used to find the difference between the pressure of a gas and atmospheric pressure.  Which distance represents this pressure difference?  
BAC
Dgaspressure
liquid ",0625_w15_qp_11
0625_w15_qp_11_11,11,"Four physics teachers investigate pressure. They wear identical clothes and lie on different beds of nails.  The table gives the weight of each teacher and the total area of contact between the teacher and the nails.  Which teacher experiences the least pressure from the nails?   weight of teacher
 / N total area of contact  / cm A 700 1 B 800 20 
C 900 1 D 1000 2     © UCLES 2015 0625/11/O/N/15",0625_w15_qp_11
0625_w15_qp_11_12,12,"A cylinder of constant volume contains a fixed mass of gas. The gas is cooled.  What happens to the pressure of the gas and what happens to the kinetic energy of the gas molecules?   pressure of gas kinetic energy  of molecules 
A decreases decreases 
B decreases increases 
C increases decreases 
D increases increases 
",0625_w15_qp_11
0625_w15_qp_11_13,13,"A swimmer feels cold after leaving warm water on a warm, windy day.  Why does she feel cold even though the air is warm? A The less energetic water molecules on her skin escape quickly. B The more energetic water molecules on her skin do not escape quickly. C The water on her skin does not evaporate quickly enough to keep her warm. D The water on her skin evaporates quickly and cools her skin. ",0625_w15_qp_11
0625_w15_qp_11_14,14,A circular metal disc is heated.  Which quantity decreases? A its density B its diameter C its thickness D its volume ,0625_w15_qp_11
0625_w15_qp_11_15,15,The same quantity of thermal (heat) energy is given to two objects X and Y. The temperature rise of object X is less than the temperature rise of object Y.  What accounts for this difference? A X has a larger thermal capacity than Y. B X is a better thermal conductor than Y. C Y has a larger thermal capacity than X. D Y is a better thermal conductor than X.     © UCLES 2015 0625/11/O/N/15 [Turn over,0625_w15_qp_11
0625_w15_qp_11_16,16,"The air in a room is heated by a heater. The diagr am shows the circulation of the air in the room.  
roomcirculationof airheater
  Which statement about the air that is heated is correct? A The air contracts and becomes less dense. B The air contracts and becomes more dense. C The air expands and becomes less dense. D The air expands and becomes more dense. ",0625_w15_qp_11
0625_w15_qp_11_17,17,"Four rods are made from different metals P, Q, R and S. The rods have equal lengths and equal diameters. The rods are heated at one end, in the same way.  The table shows the time taken for the temperatur e at the other end of each rod to rise by 1.0
 °C.  Which metal is the best conductor of thermal energy (heat)?  metal time taken
 / s 
P 3 Q 30 
R 4 S 40 
 A metal P B metal Q C metal R D metal S     © UCLES 2015 0625/11/O/N/15",0625_w15_qp_11
0625_w15_qp_11_18,18,"The diagram shows a side view of a water wave at a particular time. The diagram is drawn full size.  
direction oftravel of wave
  Which statement about the wave is correct? A The wave is longitudinal and the frequency can be measured from the diagram. B The wave is longitudinal and the wavelength can be measured from the diagram. C The wave is transverse and the frequency can be measured from the diagram. D The wave is transverse and the wavelength can be measured from the diagram. ",0625_w15_qp_11
0625_w15_qp_11_19,19,"The diagram shows a water wave approaching a barrier with a gap.  
barrier
directionof travelwater wave
P
  The wave reaches point P.  What is the name of the effect that causes the wave to reach point P? A diffraction B dispersion C reflection D refraction ",0625_w15_qp_11
0625_w15_qp_11_20,20,"The diagram represents the electromagnetic spectrum.  Some regions have been labelled, and some labels are missing.  Which region should be labelled as infra-red waves?  radio waves A B visible light C D γ-rays 
    © UCLES 2015 0625/11/O/N/15 [Turn over",0625_w15_qp_11
0625_w15_qp_11_21,21,"A student draws a diagram representing three rays of light from point P passing through a converging lens. Each point labelled F is a principal focus of the lens.  
FFP ray X
ray Yray Zlens
  Which of the rays has the student drawn correctly? A ray X and ray Y B ray X and ray Z C ray Y only D ray Z only ",0625_w15_qp_11
0625_w15_qp_11_22,22,"The diagram shows a ray of light inside a glass rod. The critical angle for the light in the glass is 42°.  
40°normal
glass rodray of lightair surface ofglass rod
  Which row shows what happens to the light when it reaches the surface of the glass rod?   any light reflected? any light refracted? 
A no no 
B no yes 
C yes no 
D yes yes 
    © UCLES 2015 0625/11/O/N/15",0625_w15_qp_11
0625_w15_qp_11_23,23,"Which row states whether light waves and whether sound waves can travel in a vacuum?  sound waves light waves 
A no no 
B no yes 
C yes no 
D yes yes 
",0625_w15_qp_11
0625_w15_qp_11_24,24,Sounds are produced by vibrating objects. A certain object vibrates but a person nearby cannot hear any sound.  Which statement could explain why nothing is heard? A The amplitude of the sound waves is too large. B The frequency of the vibration is too high. C The sound waves are transverse. D The speed of the sound waves is too high. ,0625_w15_qp_11
0625_w15_qp_11_25,25,"Which row states whether each metal is ferrous or non-ferrous?  ferrous non-ferrous 
A aluminium copper 
B copper iron 
C iron steel 
D steel aluminium 
",0625_w15_qp_11
0625_w15_qp_11_26,26,Which procedure may be used to demagnetise a steel bar? A cooling it in a freezer for several hours B earthing it with a copper wire for several seconds C removing it slowly from a coil carrying an alternating current (a.c.) D rubbing it in one direction with a woollen cloth ,0625_w15_qp_11
0625_w15_qp_11_27,27,What is the unit of electrical power? A ampere B joule C volt D watt   1 © UCLES 2015 0625/11/O/N/15 [Turn over,0625_w15_qp_11
0625_w15_qp_11_28,28,Some resistors are made using one type of wire. Two different lengths of wire are available. Each length is available in two different diameters.   Which wire has the highest resistance? A the wire with the greater length and the larger diameter B the wire with the greater length and the smaller diameter C the wire with the smaller length and the larger diameter D the wire with the smaller length and the smaller diameter ,0625_w15_qp_11
0625_w15_qp_11_29,29,"Four students are each given an identical resistor and asked to find its resistance. They each measure the potential difference across the resistor and the current in it.  One student makes a mistake.  Which row shows the results of the student that makes a mistake?  potential difference
 / V current  / A 
A 1.2 0.500 
B 2.4 1.100 
C 1.5 0.62 D 3.0 1.250 
",0625_w15_qp_11
0625_w15_qp_11_30,30,"What is the circuit symbol for a variable resistor?  
A B C D
    1 © UCLES 2015 0625/11/O/N/15",0625_w15_qp_11
0625_w15_qp_11_31,31,"The diagram shows a circuit containing three ammeters P, Q and R.  
A A
A QR P
  Which statement about the readings on the ammeters is correct? A The reading on P is equal to the reading on Q. B The reading on P is equal to the reading on R. C The reading on Q is greater than the reading on P. D The reading on Q is greater than the reading on R. ",0625_w15_qp_11
0625_w15_qp_11_32,32,"The diagram shows a light-dependent resistor (LDR) connected in a potential divider circuit.  
V
  The brightness of the light falling on the LDR is increased.  Which row shows what happens to the resistanc e of the LDR, and what happens to the reading on the voltmeter?   resistance of LDR reading on voltmeter 
A decreases decreases 
B decreases increases 
C increases decreases 
D increases increases 
   1 © UCLES 2015 0625/11/O/N/15 [Turn over",0625_w15_qp_11
0625_w15_qp_11_33,33,"Four lamps are each labelled '60  W 230  V'.  In which circuit are the lamps connected so that they operate at normal brightness?  
A230
 VB230
 VC 230
 VD 230
 V
 ",0625_w15_qp_11
0625_w15_qp_11_34,34,A step-up transformer is used before electricity is transmitted by overhead cables.  Which statement explains why the step-up transformer is used? A It increases the current to increase the speed at which the electricity travels. B It increases the current to reduce energy loss in the cables. C It increases the voltage to increase the speed at which the electricity travels. D It increases the voltage to reduce energy loss in the cables.    1 © UCLES 2015 0625/11/O/N/15,0625_w15_qp_11
0625_w15_qp_11_35,35,"A current-carrying wire XY lies in the magnetic field between the two poles of a U-shaped electromagnet. A force acts on the wire XY because of the magnetic field.  
current-carrying wireelectromagnetY
X
  Each of the following actions is carried out separately.  ● The current in the wire XY is reversed. ● The magnetic field is reversed. ● Both the current in the wire XY and the magnetic field are reversed at the same time.  How many of these actions cause the directi on of the force on the wire XY to be reversed? A 0 B 1 C 2 D 3 ",0625_w15_qp_11
0625_w15_qp_11_36,36,"A current-carrying coil in a magnetic field experiences a turning effect.  
NSpower supply+–
coil  How can the turning effect be increased? A Increase the number of turns on the coil. B Reduce the size of the current. C Reverse the direction of the magnetic field. D Use thinner wire for the coil.    1 © UCLES 2015 0625/11/O/N/15 [Turn over",0625_w15_qp_11
0625_w15_qp_11_37,37,"The diagram shows cathode rays entering an electric field between two charged plates.  
––– –––+++ +++cathode rays  How does the path of the cathode rays change and why? A They move towards the negative plate because cathode rays have a negative charge. B They move towards the negative plate because cathode rays have a positive charge. C They move towards the positive plate because cathode rays have a negative charge. D They move towards the positive plate because cathode rays have a positive charge. ",0625_w15_qp_11
0625_w15_qp_11_38,38,"The nuclide symbol for radioactive polonium is 
Po21084.  A nucleus of this type of polonium emits an α-particle.  What is the proton number (atomic number) of the nucleus after it has emitted the α-particle? A 82 B 83 C 84 D 85    1  
Permission to reproduce items where third-par ty owned material protected by copyright is  included has been sought and cleared w here possible. Every reasonable effort has been made by the publisher (UCLES) to trace copyright holder s, but if any items requiring clearance have unwittingly been included, the publisher will be pleased to make amends at the earliest possible opportunity.  To avoid the issue of disclosure of answer-related information to candidates, all copyright acknowledgements are reproduced onl ine in the Cambridge International Examinations Copyright Acknowledgements Booklet. This is produced for each series of examinations and is freely a vailable to download at www.cie.org.uk after the live examination series.  Cambridge International Examinations is part of the Cambridge Asse ssment Group. Cambridge Assessment is the brand name of Unive rsity of Cambridge Local Examinations Syndicate (UCLES), which is itself a department of the University of Cambridge.  
© UCLES 2015 0625/11/O/N/15",0625_w15_qp_11
0625_w15_qp_11_39,39,"A student investigates how the radiation from a radioactive source changes with time.  The table shows the results from the detector used by the student.  time
 / 
minutes count rate / counts per minute
0 340 
2.0 180 
4.0 100 
6.0 60 
8.0 40 
 The experiment is repeated by many other students, who also measure the count rate every two minutes.  The half-life of the source is known to be exactly 2.0 minutes.  Why is the measured count rate always greater than half the previous value? A Radioactive emissions occur randomly with time. B The detector used is very close to the source. C There is background radiation present. D The radioactive source is decaying. ",0625_w15_qp_11
0625_w15_qp_11_40,40,"The nuclide notation for radium-226 is
Ra22688.  How many electrons orbit the nucleus of a neutral atom of radium-226? A 0 B 88 C 138 D 226    ",0625_w15_qp_11
0625_w15_qp_12_01,1,"The diagram shows a measuring cylinder used to measure the volume of a small stone.  
1020304050cm3
1020304050cm3
stone
  What is the volume of the stone? A 8
 cm3 B 9  cm3 C 14  cm3 D 26  cm3 ",0625_w15_qp_12
0625_w15_qp_12_02,2,"The table shows the readings on a car speedometer at 5 second intervals.  time
 / s h/kmspeed   
0 0 
5 30 
10 50 
15 60 
20 6  Which row describes the speed and the acceleration of the car?  speed acceleration 
A decreasing zero 
B decreasing not zero 
C increasing zero 
D increasing not zero 
    © UCLES 2015 0625/12/O/N/15 [Turn over",0625_w15_qp_12
0625_w15_qp_12_03,3,"A car travels along the route PQRST in 30 minutes.  
PQRST10 km5 km5
 km10
 km
  What is the average speed of the car? A 10
 km  / hour B 20  km  / hour C 30  km  / hour D 60  km  / hour ",0625_w15_qp_12
0625_w15_qp_12_04,4,Which statement about mass or weight is correct? A Mass is a force. B Mass is measured in newtons. C Weight is a force. D Weight is measured in kilograms. ,0625_w15_qp_12
0625_w15_qp_12_05,5,"Two cylinders are made of the same metal. Both cylinders have the same cross-sectional area but one is longer than the other.  
cylinder 1 cylinder 2  Which quantity is the same for both cylinders? A density B mass C resistance D volume     © UCLES 2015 0625/12/O/N/15",0625_w15_qp_12
0625_w15_qp_12_06,6,"A heavy beam rests on two supports. The diagram shows the only three forces F 1, F 2 and F 3 acting on the beam.  
F1 F2
F3support support beam
  The beam is in equilibrium.  Which statement is correct? A All the forces are equal in size. B The resultant force on the beam is in the opposite direction to the resultant turning effect. C The resultant force on the beam is zero and the resultant turning effect on the beam is zero. D The total upward force is twice the total downward force. ",0625_w15_qp_12
0625_w15_qp_12_07,7,"The diagrams show four solid cones. The centre of mass of each cone is marked by a point labelled M.  Which cone is the most stable?  
ABCD
MM MM
 ",0625_w15_qp_12
0625_w15_qp_12_08,8,"A car is stationary at the top of a hill with the engine switched off. The brakes are released and the car rolls down the hill.  At which labelled point does the car have the greatest kinetic energy? Ignore friction.  
AB DC
     © UCLES 2015 0625/12/O/N/15 [Turn over",0625_w15_qp_12
0625_w15_qp_12_09,9,Electrical energy may be obtained from nuclear fission.  In which order is the energy transferred in this process? A nuclear fuel → generator → reactor and boiler → turbines B nuclear fuel → generator → turbines → reactor and boiler C nuclear fuel → reactor and boiler → generator → turbines D nuclear fuel → reactor and boiler → turbines → generator ,0625_w15_qp_12
0625_w15_qp_12_10,10,"The table gives four forces and the surface area on which each force acts.  Which row gives the largest pressure on the surface?   force
 / N area  / m A 20  B 40  C 20  D 40  ",0625_w15_qp_12
0625_w15_qp_12_11,11,What does a barometer measure? A the current in a circuit B the density of a liquid  C the pressure of air  D the temperature of an object      © UCLES 2015 0625/12/O/N/15,0625_w15_qp_12
0625_w15_qp_12_12,12,"The diagrams represent the molecules in two different states of matter. The arrows show the motion of the molecules.  
state 2 state 1molecule
  What is state 1, and what is state 2?   state 1 state  A gas liquid 
B gas solid 
C liquid gas 
D liquid solid 
",0625_w15_qp_12
0625_w15_qp_12_13,13,"A swimmer feels cold after leaving warm water on a warm, windy day.  Why does she feel cold even though the air is warm? A The less energetic water molecules on her skin escape quickly. B The more energetic water molecules on her skin do not escape quickly. C The water on her skin does not evaporate quickly enough to keep her warm. D The water on her skin evaporates quickly and cools her skin. ",0625_w15_qp_12
0625_w15_qp_12_14,14,A circular metal disc is heated.  Which quantity decreases? A its density B its diameter C its thickness D its volume     © UCLES 2015 0625/12/O/N/15 [Turn over,0625_w15_qp_12
0625_w15_qp_12_15,15,A block of copper and a block of lead are heated. The internal energy of each block increases by the same amount.  The block of copper has a lower thermal capacity than the block of lead.  Which conclusion can be made from this information? A The temperature increase of the copper is greater than the temperature increase of the lead. B The temperature increase of the copper is the same as the temperature increase of the lead. C The temperature increase of the copper is less than the temperature increase of the lead. D The melting point of copper is lower than the melting point of lead. ,0625_w15_qp_12
0625_w15_qp_12_16,16,"In a refrigerator, the cooling unit can be fitted either at the top or at the bottom. In an oven, the heater can be fitted either at the top or at the bottom.  Which row shows the best position for the cooling unit and the best position for the heater?   cooling unit heater 
A bottom bottom 
B bottom top 
C top bottom 
D top top 
",0625_w15_qp_12
0625_w15_qp_12_17,17,"A girl is outdoors. She warms her hands by holding them near a fire, as shown.  
hands
fire 
  How does the heat from the fire reach her hands? A conduction only B convection and conduction C convection and radiation D radiation only     © UCLES 2015 0625/12/O/N/15",0625_w15_qp_12
0625_w15_qp_12_18,18,"The diagram represents a water wave.  
4 m2
 m
  Which row shows the amplitude and the wavelength of the wave?   amplitude
 / m wavelength  / m 
A 1  B 1  C 2  D 2      © UCLES 2015 0625/12/O/N/15 [Turn over",0625_w15_qp_12
0625_w15_qp_12_19,19,"The diagram represents circular wavefronts coming from point S. The wavefronts strike a barrier and are reflected so that they appear to come from point S
1.  
SS1
barrier  Which diagram shows the reflected wavefronts?  
C
DBASS1
SS1SS1
SS1
     © UCLES 2015 0625/12/O/N/15",0625_w15_qp_12
0625_w15_qp_12_20,20,A plane mirror is fitted to a wall.   Which statement about the image formed by the mirror is correct? A The image is real. B The image is left to right (laterally inverted). C The image is smaller than the object. D The image is upside down. ,0625_w15_qp_12
0625_w15_qp_12_21,21,"A student draws a diagram representing three rays of light from point P passing through a converging lens. Each point labelled F is a principal focus of the lens.  
FFP ray X
ray Yray Zlens
  Which of the rays has the student drawn correctly? A ray X and ray Y B ray X and ray Z C ray Y only D ray Z only ",0625_w15_qp_12
0625_w15_qp_12_22,22,"Which group contains only electromagnetic waves? A light waves, radio waves, γ-rays B light waves, radio waves, sound waves C light waves, sound waves, γ-rays D radio waves, sound waves, γ-rays    1 © UCLES 2015 0625/12/O/N/15 [Turn over",0625_w15_qp_12
0625_w15_qp_12_23,23,"Two sounds X and Y are produced by loudspeakers. The amplitude and frequency of each sound wave is given in the table.  amplitude
 / mm frequency  / Hz 
X 1.3 47 Y 2.0 23  How does sound Y compare with sound X? A Y is louder and has a higher pitch. B Y is louder and has a lower pitch. C Y is quieter and has a higher pitch. D Y is quieter and has a lower pitch. ",0625_w15_qp_12
0625_w15_qp_12_24,24,Sounds are produced by vibrating objects. A certain object vibrates but a person nearby cannot hear any sound.  Which statement could explain why nothing is heard? A The amplitude of the sound waves is too large. B The frequency of the vibration is too high. C The sound waves are transverse. D The speed of the sound waves is too high. ,0625_w15_qp_12
0625_w15_qp_12_25,25,Which statement about a permanent bar magnet is correct? A It is made from a soft magnetic material. B It repels a non-magnetic material. C Its field lines cross each other where the magnetic field is strong. D Its N-pole repels the N-pole of another magnet. ,0625_w15_qp_12
0625_w15_qp_12_26,26,Which procedure may be used to demagnetise a steel bar? A cooling it in a freezer for several hours B earthing it with a copper wire for several seconds C removing it slowly from a coil carrying an alternating current (a.c.) D rubbing it in one direction with a woollen cloth    1 © UCLES 2015 0625/12/O/N/15,0625_w15_qp_12
0625_w15_qp_12_27,27,"Two plastic rods P and Q are both negatively charged. Rod P hangs freely.  
XYrod Prod Q
  The end of rod Q is brought near to end X of rod P, and then near to end Y of rod P.  What happens to the rods in each position?   near end X  near end Y  
A they attract they attract 
B they attract they repel 
C they repel they attract 
D they repel they repel 
   1 © UCLES 2015 0625/12/O/N/15 [Turn over",0625_w15_qp_12
0625_w15_qp_12_28,28,"Which circuit shows a voltmeter measuring the p.d. across a resistor?  
VA
VB
VC
VD
 ",0625_w15_qp_12
0625_w15_qp_12_29,29,"A student has four pieces of resistance wire made of the same material. Each piece is connected in turn between the terminals X and Y in the circuit.  
XY
  In which wire is the current the largest?   length of wire
 / m diameter of wire  / mm 
A 0.5 0. B 0.5 1.0 
C 1.0 0. D 1.0 1.0 
   1 © UCLES 2015 0625/12/O/N/15",0625_w15_qp_12
0625_w15_qp_12_30,30,"A student connects the circuit shown.  
1234
  Which switches must be closed for both the bell to ring and the lamp to light? A 1 and 4 only B 2 and 3 only C 1, 2 and 3 only D 1, 2, 3 and 4 ",0625_w15_qp_12
0625_w15_qp_12_31,31,"Two resistors are connected in parallel.  
20  Ω30
 Ω
  Which value could be the resistance of the combination? A 12
 Ω B 20  Ω C 25  Ω D 50  Ω    1 © UCLES 2015 0625/12/O/N/15 [Turn over",0625_w15_qp_12
0625_w15_qp_12_32,32,"The circuit contains a variable potential divider PQ, a lamp and a voltmeter.  
power supply+–PQ
slidingcontact
V  The sliding contact of the potential divider is moved towards end Q.  What happens to the brightness of the lamp and what happens to the voltmeter reading?   brightness of lamp voltmeter reading 
A becomes brighter decreases 
B becomes brighter increases 
C does not change decreases 
D does not change increases 
",0625_w15_qp_12
0625_w15_qp_12_33,33,"Four lamps are each labelled '60
 W 230  V'.  In which circuit are the lamps connected so that they operate at normal brightness?  
A230
 VB230
 VC 230
 VD 230
 V
    1 © UCLES 2015 0625/12/O/N/15",0625_w15_qp_12
0625_w15_qp_12_34,34,"A fuse is used to protect an electric circuit.  Which diagram shows where the fuse should be connected?  
live neutral A 
live neutral B 
live neutral C D live neutral 
 ",0625_w15_qp_12
0625_w15_qp_12_35,35,"A transformer has 2400 turns on its primary coil and 200 turns on its secondary coil.  
secondary coil200 turns primary coil2400 turns
output voltage 240  V
  What input voltage is needed to give an output voltage of 240
 V? 
A 12  V B 20  V C 240  V D 2880  V    1 © UCLES 2015 0625/12/O/N/15 [Turn over",0625_w15_qp_12
0625_w15_qp_12_36,36,"A current-carrying coil in a magnetic field experiences a turning effect.  
NSpower supply+–
coil  How can the turning effect be increased? A Increase the number of turns on the coil. B Reduce the size of the current. C Reverse the direction of the magnetic field. D Use thinner wire for the coil. ",0625_w15_qp_12
0625_w15_qp_12_37,37,"A beam of cathode rays enters an electric field between two charged plates.  Which diagram shows a path that the rays could take?  
–
+A
–
+B
–
+C
–
+Dcathoderays
cathoderayscathoderays
cathoderays
    1 © UCLES 2015 0625/12/O/N/15",0625_w15_qp_12
0625_w15_qp_12_38,38,"Radioactive carbon-14 decays into nitrogen by emitting a β-particle. The equation below represents the decay.  
C14P  →  N147  +  β0Q 
 What are the values of P and Q?   P Q 
A 6  B 6 – C 8  D 8 – ",0625_w15_qp_12
0625_w15_qp_12_39,39,"A student investigates how the radiation from a radioactive source changes with time.  The table shows the results from the detector used by the student.  time
 / 
minutes count rate / counts per minute
0 340 
2.0 180 
4.0 100 
6.0 60 
8.0 40 
 The experiment is repeated by many other students, who also measure the count rate every two minutes.  The half-life of the source is known to be exactly 2.0 minutes.  Why is the measured count rate always greater than half the previous value? A Radioactive emissions occur randomly with time. B The detector used is very close to the source. C There is background radiation present. D The radioactive source is decaying. ",0625_w15_qp_12
0625_w15_qp_12_40,40,"The nuclide notation for radium-226 is
Ra22688.  How many electrons orbit the nucleus of a neutral atom of radium-226? A 0 B 88 C 138 D 226   1 © UCLES 2015 0625/12/O/N/15  BLANK PAGE    
Permission to reproduce items where third-par ty owned material protected by copyright is  included has been sought and cleared w here possible. Every reasonable effort has been made by the publisher (UCLES) to trace copyright holder s, but if any items requiring clearance have unwittingly been included, the publisher will be pleased to make amends at the earliest possible opportunity.  To avoid the issue of disclosure of answer-related information to candidates, all copyright acknowledgements are reproduced onl ine in the Cambridge International Examinations Copyright Acknowledgements Booklet. This is produced for each series of examinations and is freely a vailable to download at www.cie.org.uk after the live examination series.  Cambridge International Examinations is part of the Cambridge Asse ssment Group. Cambridge Assessment is the brand name of Unive rsity of Cambridge Local Examinations Syndicate (UCLES), which is itself a department of the University of Cambridge.  
© UCLES 2015 0625/12/O/N/15  BLANK PAGE ",0625_w15_qp_12
0625_w15_qp_13_01,1,A student uses a measuring cylinder to measure the volume of a quantity of water.  Which action would make her result less accurate? A making sure her eye is level with the water surface B making sure the cylinder is vertical C reading the bottom of the meniscus D using the largest measuring cylinder possible ,0625_w15_qp_13
0625_w15_qp_13_02,2,"The diagram shows the distance-time graph for a car.  At which labelled point is the car moving with constant speed?  
A D B
Cdistance00t i m e
 ",0625_w15_qp_13
0625_w15_qp_13_03,3,"A car travels along the route PQRST in 30 minutes.  
PQRST10 km5 km5
 km10
 km
  What is the average speed of the car? A 10
 km  / hour B 20  km  / hour C 30  km  / hour D 60  km  / hour     © UCLES 2015 0625/13/O/N/15 [Turn over",0625_w15_qp_13
0625_w15_qp_13_04,4,What is the weight of an object? A the force of gravity on the object B the gravitational potential energy of the object C the internal energy of the object D the mass of the object ,0625_w15_qp_13
0625_w15_qp_13_05,5,"The mass of a piece of metal is 1200
 g.  A measuring cylinder contains 150
 cm3 of water.  The piece of metal is put into the measuring cylinder. The water level rises to 250
 cm3 and covers the metal.  What is the density of the metal? A 3.0
 g / cm3 B 4.8  g / cm3 C 8.0  g / cm3 D 12.0  g / cm3 ",0625_w15_qp_13
0625_w15_qp_13_06,6,"A heavy beam rests on two supports. The diagram shows the only three forces F
1, F 2 and F 3 acting on the beam.  
F1 F2
F3support support beam
  The beam is in equilibrium.  Which statement is correct? A All the forces are equal in size. B The resultant force on the beam is in the opposite direction to the resultant turning effect. C The resultant force on the beam is zero and the resultant turning effect on the beam is zero. D The total upward force is twice the total downward force.     © UCLES 2015 0625/13/O/N/15",0625_w15_qp_13
0625_w15_qp_13_07,7,"A heavy truck on wheels has a platform attached to it.  A man stands on the platform.  The truck does not fall over.  Which position A, B, C or D could be the centre of mass of the whole system (truck, platform and man)?  
truckABCDplatformman
 ",0625_w15_qp_13
0625_w15_qp_13_08,8,"Which row gives the energy change in a battery and the energy change in a solar cell?   battery solar cell 
A chemical to electrical electrical to light 
B chemical to electrical light to electrical 
C electrical to chemical electrical to light 
D electrical to chemical light to electrical 
",0625_w15_qp_13
0625_w15_qp_13_09,9,Electrical energy may be obtained from nuclear fission.  In which order is the energy transferred in this process? A nuclear fuel → generator → reactor and boiler → turbines B nuclear fuel → generator → turbines → reactor and boiler C nuclear fuel → reactor and boiler → generator → turbines D nuclear fuel → reactor and boiler → turbines → generator     © UCLES 2015 0625/13/O/N/15 [Turn over,0625_w15_qp_13
0625_w15_qp_13_10,10,A man is in contact with the floor.  In which of these situations does he produce the least pressure on the floor? A kneeling B lying flat on his back C standing on both feet D standing on one foot ,0625_w15_qp_13
0625_w15_qp_13_11,11,"The water in a lake is at 5
 °C. A diver measures the pressure of the water at two different depths in the lake. He repeats the measurements on a different day when the water is at 15
 °C.  The density of the water decreases when its temperature increases.  Which combination of depth and temperat ure produces the greatest water pressure?   depth
 / m temperature  / °C 
A 10  B 10  1 C 20  D 20  1 ",0625_w15_qp_13
0625_w15_qp_13_12,12,A car tyre has a constant volume.  Why does the pressure of the air in the tyre increase when its temperature increases? A The air molecules hit each other less often. B The air molecules hit the inside of the tyre less often. C The average speed of the air molecules in the tyre is greater. D There are more air molecules in the tyre. ,0625_w15_qp_13
0625_w15_qp_13_13,13,"A swimmer feels cold after leaving warm water on a warm, windy day.  Why does she feel cold even though the air is warm? A The less energetic water molecules on her skin escape quickly. B The more energetic water molecules on her skin do not escape quickly. C The water on her skin does not evaporate quickly enough to keep her warm. D The water on her skin evaporates quickly and cools her skin.     © UCLES 2015 0625/13/O/N/15",0625_w15_qp_13
0625_w15_qp_13_14,14,A circular metal disc is heated.  Which quantity decreases? A its density B its diameter C its thickness D its volume ,0625_w15_qp_13
0625_w15_qp_13_15,15,"The diagram shows a mercury-in-glass thermometer. The scale of the thermometer has not been marked.  
l
  The length l increases uniformly with temperature.  The length l is measured when the thermometer bulb is placed in water at 0
 °C, and also when it is in water at 100
 °C. The table shows the results.  temperature
 / °C length l /  cm 
0 2.0 
100 26.0 
 What is the value of l when the bulb is placed in water at 50
 °C? A 12.0
 cm B 13.0  cm C 14.0  cm D 16.0  cm ",0625_w15_qp_13
0625_w15_qp_13_16,16,A heating engineer fits a heater to the ceiling of an office so that workers in the office are kept warm.  How does thermal energy reach the workers below the heater? A conduction and convection B convection and radiation C convection only D radiation only     © UCLES 2015 0625/13/O/N/15 [Turn over,0625_w15_qp_13
0625_w15_qp_13_17,17,"Which row shows how heating changes the density of air, and the name of the method of energy transfer caused by this density change?  density method of energy transfer 
A decreases conduction 
B decreases convection 
C increases conduction 
D increases convection 
",0625_w15_qp_13
0625_w15_qp_13_18,18,"Which row correctly defines a type of wave and gives a correct example?   wave type direction of vibrations example 
A longitudinal parallel to direction of wave travel radio waves 
B longitudinal perpendicular to direction of wave travel light waves 
C transverse parallel to direction of wave travel light waves 
D transverse perpendicular to direction of wave travel radio waves 
",0625_w15_qp_13
0625_w15_qp_13_19,19,"A water wave moves quickly in deep water.  
deepwatershallowwater
waterwaves
  The wave now enters shallow water and its speed decreases.  Which row shows what happens to the frequency of the wave, and what happens to the wavelength of the wave?   frequency wavelength 
A decreases decreases 
B decreases does not change 
C does not change decreases 
D does not change does not change 
    © UCLES 2015 0625/13/O/N/15",0625_w15_qp_13
0625_w15_qp_13_20,20,"The diagram shows the electromagnetic spectrum.  
γ-rays X-rays ultraviolet visible light infra-red microwaves radiowavesincreasing ......................
  A word is missing from the label below the spectrum.  Which word is missing? A amplitude B frequency C speed D wavelength ",0625_w15_qp_13
0625_w15_qp_13_21,21,"A student draws a diagram representing three rays of light from point P passing through a converging lens. Each point labelled F is a principal focus of the lens.  
FFP ray X
ray Yray Zlens
  Which of the rays has the student drawn correctly? A ray X and ray Y B ray X and ray Z C ray Y only D ray Z only     © UCLES 2015 0625/13/O/N/15 [Turn over",0625_w15_qp_13
0625_w15_qp_13_22,22,"The diagram shows a ray of light travelling in a substance P. The ray reaches a boundary with a substance Q. Total internal reflection occurs at the boundary.  
substance P substance Q
angle Xray oflightboundarynormal
  Which row contains correct statements about angle X and about the optical density of substance Q?   angle X substance Q 
A smaller than the critical angle less dense than substance P 
B smaller than the critical angle more dense than substance P 
C greater than the critical angle less dense than substance P 
D greater than the critical angle more dense than substance P 
",0625_w15_qp_13
0625_w15_qp_13_23,23,"A pulse of sound is produced at the bottom of a boat. The sound travels through the water and is reflected from the sea bed. The sound reaches the boat again after 1.2
 s. The speed of sound in the water is 1500
 m  / s.  
sea bedboat
  How far below the bottom of the boat is the sea bed? A 450
 m B 900  m C 1800  m D 3600  m     © UCLES 2015 0625/13/O/N/15",0625_w15_qp_13
0625_w15_qp_13_24,24,Sounds are produced by vibrating objects. A certain object vibrates but a person nearby cannot hear any sound.  Which statement could explain why nothing is heard? A The amplitude of the sound waves is too large. B The frequency of the vibration is too high. C The sound waves are transverse. D The speed of the sound waves is too high. ,0625_w15_qp_13
0625_w15_qp_13_25,25,"Which metal could be used for a permanent magnet and which metal could be used for the core of an electromagnet?   permanent magnet core of electromagnet 
A iron copper 
B iron steel 
C steel copper 
D steel iron 
",0625_w15_qp_13
0625_w15_qp_13_26,26,Which procedure may be used to demagnetise a steel bar? A cooling it in a freezer for several hours B earthing it with a copper wire for several seconds C removing it slowly from a coil carrying an alternating current (a.c.) D rubbing it in one direction with a woollen cloth ,0625_w15_qp_13
0625_w15_qp_13_27,27,"A plastic rod is rubbed with a cotton cloth. This process causes the rod and the cloth to become charged. These charges cause a force between the rod and the cloth.  Which row compares the charges on the rod and the cloth, and describes the effect of the force between the rod and the cloth?  charges on rod and cloth effect 
A opposite they attract 
B opposite they repel 
C the same they attract 
D the same they repel 
   1 © UCLES 2015 0625/13/O/N/15 [Turn over",0625_w15_qp_13
0625_w15_qp_13_28,28,"A metal wire of circular cross-section has diameter d and length l.  
current
wire
dl
  Which pair of changes, if both are carried out, must increase the resistance of the wire? A decrease l and decrease d B decrease l and increase d C increase l and decrease d D increase l and increase d ",0625_w15_qp_13
0625_w15_qp_13_29,29,"The circuit shown contains a battery, a 6.0
 Ω resistor and two meters X and Y.  One meter records current and one meter records potential difference.  
meter X
meter Y6.0
 Ω
  Which row shows possible values for the readings on the meters?   meter X meter Y 
A 2.0  A 12  V 
B 2.0  V 12  A 
C 12  A 2.0  V 
D 12  V 2.0  A 
   1 © UCLES 2015 0625/13/O/N/15",0625_w15_qp_13
0625_w15_qp_13_30,30,A student designs a circuit to switch on a lamp after a time delay.  Which components are used in a time-delay circuit? A a light-dependent resistor and a relay B a resistor and a capacitor C a resistor and a transformer D a thermistor and a variable resistor ,0625_w15_qp_13
0625_w15_qp_13_31,31,"Identical resistors are connected together to form arrangements X, Y and Z.  
arrangement X arrangement Y arrangement Z  What is the correct order of the resistances of the arrangements from the largest to the smallest? A X → Y → Z B Y → X → Z C Z → X → Y D Z → Y → X    1 © UCLES 2015 0625/13/O/N/15 [Turn over",0625_w15_qp_13
0625_w15_qp_13_32,32,"The diagram shows a potential divider circuit.  
V QVP
  The resistance of the variable resistor is increased.  Which row shows what happens to the readings on voltmeter P and on voltmeter Q?   reading on voltmeter P reading on voltmeter Q 
A decreases decreases 
B decreases increases 
C increases decreases 
D increases increases 
",0625_w15_qp_13
0625_w15_qp_13_33,33,"Four lamps are each labelled '60
 W 230  V'.  In which circuit are the lamps connected so that they operate at normal brightness?  
A230
 VB230
 VC 230
 VD 230
 V
    1 © UCLES 2015 0625/13/O/N/15",0625_w15_qp_13
0625_w15_qp_13_34,34,"A student investigates electromagnetic induction. She has a bar magnet and a coil of wire that is connected to a sensitive ammeter.  
NS  sens itive ammeter 
coil of wire
A
magnet  Which movement does not cause a reading on the ammeter? A moving the coil to the right B moving both the magnet and the coil to the left at the same speed C moving both the magnet and the coil towards each other at the same speed D moving the magnet to the left ",0625_w15_qp_13
0625_w15_qp_13_35,35,"The primary coil of a transformer has 200 turns. This primary coil is connected to an a.c. power supply of 25
 V.  A voltmeter connected across the secondary coil reads 50
 V.  
  
  25  Va.c. 50 Vprimary coil200 turns secondary coilV
  How many turns are on the secondary coil? A 25 B 100 C 200 D 400    1 © UCLES 2015 0625/13/O/N/15 [Turn over",0625_w15_qp_13
0625_w15_qp_13_36,36,"A current-carrying coil in a magnetic field experiences a turning effect.  
NSpower supply+–
coil  How can the turning effect be increased? A Increase the number of turns on the coil. B Reduce the size of the current. C Reverse the direction of the magnetic field. D Use thinner wire for the coil. ",0625_w15_qp_13
0625_w15_qp_13_37,37,"The diagram shows a cathode-ray tube. The tube is not working.  
powersupply
heatedcathode
coldanode
air
  Which change should be made to make the tube work to produce cathode rays? A Change round the connections of the power supply. B Heat the anode instead of the cathode. C Use an a.c. power supply instead of a d.c. power supply. D Use a vacuum in the tube instead of air.    1  
Permission to reproduce items where third-par ty owned material protected by copyright is  included has been sought and cleared w here possible. Every reasonable effort has been made by the publisher (UCLES) to trace copyright holder s, but if any items requiring clearance have unwittingly been included, the publisher will be pleased to make amends at the earliest possible opportunity.  To avoid the issue of disclosure of answer-related information to candidates, all copyright acknowledgements are reproduced onl ine in the Cambridge International Examinations Copyright Acknowledgements Booklet. This is produced for each series of examinations and is freely a vailable to download at www.cie.org.uk after the live examination series.  Cambridge International Examinations is part of the Cambridge Asse ssment Group. Cambridge Assessment is the brand name of Unive rsity of Cambridge Local Examinations Syndicate (UCLES), which is itself a department of the University of Cambridge.  
© UCLES 2015 0625/13/O/N/15",0625_w15_qp_13
0625_w15_qp_13_38,38,A radioactive nucleus contains 128 nucleons. It emits a β-particle.  How many nucleons are now in the nucleus? A 124 B 127 C 128 D 129 ,0625_w15_qp_13
0625_w15_qp_13_39,39,"A student investigates how the radiation from a radioactive source changes with time.  The table shows the results from the detector used by the student.  time
 / 
minutes count rate / counts per minute
0 340 
2.0 180 
4.0 100 
6.0 60 
8.0 40 
 The experiment is repeated by many other students, who also measure the count rate every two minutes.  The half-life of the source is known to be exactly 2.0 minutes.  Why is the measured count rate always greater than half the previous value? A Radioactive emissions occur randomly with time. B The detector used is very close to the source. C There is background radiation present. D The radioactive source is decaying. ",0625_w15_qp_13
0625_w15_qp_13_40,40,"The nuclide notation for radium-226 is
Ra22688.  How many electrons orbit the nucleus of a neutral atom of radium-226? A 0 B 88 C 138 D 226    ",0625_w15_qp_13
0625_w16_qp_21_01,1,"The graph shows how the distance trave lled by a vehicle changes with time.  
00distance
timePQR S
  Which row describes the speed of the vehicle in each section of the graph?   P to Q Q to R R to S 
A constant zero constant 
B constant zero decreasing 
C increasing constant decreasing 
D increasing zero constant 
",0625_w16_qp_21
0625_w16_qp_21_02,2,"A stone falls freely from the top of a cliff. Air resistance may be ignored.  Which graph shows how the acceleration of the stone varies with time as it falls?  
00time acceleration A 
00time acceleration B 
00time acceleration C 
00time acceleration D 
   © UCLES 2016 0625/21/O/N/16 [Turn over",0625_w16_qp_21
0625_w16_qp_21_03,3,"A car travels along a horizontal road in a straight line. The driver presses the accelerator to increase the speed of the car.  The speed-time graph for the car is shown.  
30201000 5 10 15 20speedm
 / s
time
 / s  What is the acceleration of the car? A 0.50
 m  / s2 B 1.00  m  / s2 C 1.50  m  / s2 D 2.00  m  / s2 ",0625_w16_qp_21
0625_w16_qp_21_04,4,"A spaceship approaches the Earth from deep space. Near the Earth, a force on the spaceship causes it to have weight. This causes it to change its speed and direction.  Which type of force causes the spaceship’s wei ght, and which property of the spaceship resists its change in speed and direction?  force that causes weight property that resists change in speed and direction 
A gravitational mass 
B gravitational volume 
C magnetic mass 
D magnetic volume 
    © UCLES 2016 0625/21/O/N/16",0625_w16_qp_21
0625_w16_qp_21_05,5,"The diagrams show an empty rectangular box, and the same box filled with liquid.  The box has a mass of 60
 g when empty. When filled with liquid, the total mass of the box and the liquid is 300
 g.  
box filled with liquid300
 g empty box60  g  The density of the liquid is 1.2
 g / cm3.  What is the volume of the liquid in the box? A 50
 cm3 B 200  cm3 C 250  cm3 D 300  cm3 ",0625_w16_qp_21
0625_w16_qp_21_06,6,An object travels in a circular path at constant speed. Which statement about the object is correct? A It has changing kinetic energy. B It has changing momentum. C It has constant velocity. D It is not accelerating. ,0625_w16_qp_21
0625_w16_qp_21_07,7,"Which diagram shows the magnitude and direction of the resultant R of the two forces F
1 and F 2?  
F1
F2B
F1
F2R RAF1
F2RCRF1
F2D
     © UCLES 2016 0625/21/O/N/16 [Turn over",0625_w16_qp_21
0625_w16_qp_21_08,8,"Two cars, P and Q, have different masses and different speeds as shown.  
speed20
 m  / smass500 kgcar Pspeed10
 m  / smass1000 kgcar Q
  Which row correctly compares the momentum and the kinetic energy of P with the momentum and the kinetic energy of Q?   momentum kinetic energy 
A P greater than Q P equal to Q 
B P equal to Q P equal to Q 
C P equal to Q P less than Q 
D P less than Q P greater than Q 
",0625_w16_qp_21
0625_w16_qp_21_09,9,"A car of mass 800
 kg travels over a hill of height h.  
hhill NOT TOSCALE
  By travelling to the top of the hill, the car gains 40
 000  J of gravitational potential energy.  The gravitational field strength g is 10
 N  / kg.  What is the height h of the hill? A 5.0
 m B 20  m C 50  m D 500  m ",0625_w16_qp_21
0625_w16_qp_21_10,10,"A lamp has a power input of 5.0
 W. It wastes 1.0  W of power heating the surroundings. What is the efficiency of the lamp? A 20% B 50% C 80% D 120% ",0625_w16_qp_21
0625_w16_qp_21_11,11,"The box contains the names of eight different energy resources.  natural gas geothermal solar waves 
hydroelectric oil wind coal 
 How many of these energy resources are renewable? A 3 B 4 C 5 D 6   © UCLES 2016 0625/21/O/N/16",0625_w16_qp_21
0625_w16_qp_21_12,12,"The diagram shows a dam holding back water.  
damwater65  m
  The depth of the water is 65
 m.  The density of the water is 1000
 kg  / m3. The gravitational field strength g is 10  N  / kg.  What is the pressure exerted at the base of the dam due to the water? A 15.4
 Pa B 154  Pa C 65  000  Pa D 650  000  Pa ",0625_w16_qp_21
0625_w16_qp_21_13,13,"Air is trapped in a cylinder by a piston. The original volume of the trapped air is V and the original pressure of the trapped air is P. The piston is pushed to the left. The temperature of the gas does not change.  
25 50 25 50 trapped airbefore piston is pushed in after piston is pushed inpiston
cylinder
trapped air  What is the new volume and what is the new pressure of the trapped air?   new volume new pressure 
A 2V 2P 
B 2V 2P 
C 2V 2P 
D 2V 2P 
    © UCLES 2016 0625/21/O/N/16 [Turn over",0625_w16_qp_21
0625_w16_qp_21_14,14,"When a liquid evaporates, some of its molecules escape from the surface and the temperature of the liquid changes.  Which row describes the escaping molecules and the change in temperature of the liquid?   escaping molecules temperature of the liquid 
A less energetic goes down 
B less energetic goes up 
C more energetic goes down 
D more energetic goes up 
",0625_w16_qp_21
0625_w16_qp_21_15,15,A gas at a constant temperature is in a container of fixed volume. The gas exerts a pressure on the walls of the container. The pressure is caused by the gas molecules striking the walls. Which statement about the gas molecules when they strike the walls is correct? A The average kinetic energy of the gas molecules changes.  B The average momentum of the gas molecules changes. C The average speed of the gas molecules changes. D The chemical energy of the gas molecules changes. ,0625_w16_qp_21
0625_w16_qp_21_16,16,"A piece of melting ice at 0
 °C and a beaker of boiling water are both in a laboratory. The laboratory is at 20
 °C.  
melting iceboiling waterBunsen burnerheating water
  What is happening to the temperature of the melting ice and what is happening to the temperature of the boiling water?   temperature of melting ice temperature of boiling water 
A constant constant 
B constant increasing 
C increasing constant 
D increasing increasing 
    © UCLES 2016 0625/21/O/N/16",0625_w16_qp_21
0625_w16_qp_21_17,17,"The diagram shows a liquid-in-glass thermometer.  
–10 0 10 20 30 40 50 60 70 80 90 100 110°Cliquid threadstem glass bulbliquidtube
  Which feature would give a thermometer with an increased range? A a smaller internal diameter of the tube containing the liquid thread B a thinner glass bulb C a larger length of the tube and stem D a larger volume of the liquid ",0625_w16_qp_21
0625_w16_qp_21_18,18,"A copper container of mass 0.20
 kg contains 0.10  kg of water.  The specific heat capacity of copper is 385
 J / (kg  °C) and the specific heat capacity of water is 4200
 J / (kg  °C).  How much energy, in joules, is needed to raise the temperature of the copper container and the water by 10
 °C? A (0.20 × 385 × 10) – (0.10 × 4200 × 10) B (0.20 × 385 × 10) + (0.10 × 4200 × 10) C (0.10 + 0.20) × 
+2385  4200 × 10 D (0.10 + 0.20) × (4200 + 385) × 10 ",0625_w16_qp_21
0625_w16_qp_21_19,19,"The thermal transfer of energy through a copper rod involves electrons.  A second process is also involved.  What is this method of thermal energy transfer, and what is the second process?  method second process 
A conduction density change 
B conduction lattice vibration 
C convection density change 
D convection lattice vibration 
    © UCLES 2016 0625/21/O/N/16 [Turn over",0625_w16_qp_21
0625_w16_qp_21_20,20,"The diagrams show four spherical objects at the same temperature. Two of the objects are small and two are large. Two of the objects are white and two are black.  Which object emits infra-red radiation at the greatest rate?  
A B C D
 ",0625_w16_qp_21
0625_w16_qp_21_21,21,"The diagram represents plane wavefronts being diffracted by passing through a gap in a barrier.  
barrier
wavefronts
gap
  Which pair of changes must increase the amount of diffraction that occurs? A decrease the wavelength and decrease the size of the gap B decrease the wavelength and increase the size of the gap C increase the wavelength and decrease the size of the gap D increase the wavelength and increase the size of the gap ",0625_w16_qp_21
0625_w16_qp_21_22,22,"An image is formed by a plane mirror. A second image is formed by a lens used as a magnifying glass. Which row states the nature of each of these images?  plane mirror magnifying glass 
A real real 
B real virtual 
C virtual real 
D virtual virtual 
    © UCLES 2016 0625/21/O/N/16",0625_w16_qp_21
0625_w16_qp_21_23,23,"Light travelling at a speed of 3.0 × 108
 m  / s strikes the surface of a glass block and undergoes refraction as it enters the block.  The diagram shows a ray of this light before and after it enters the block.  
33°55°glass block
  What is the speed of light in the glass? A 1.8 × 10
8
 m  / s B 2.0 × 10
8
 m  / s C 4.5 × 10
8
 m  / s D 5.0 × 10
8
 m  / s ",0625_w16_qp_21
0625_w16_qp_21_24,24,Radiation from which part of the electromagnetic spectrum is used in the remote controller for a television? A infra-red waves B microwaves C radio waves D ultraviolet waves ,0625_w16_qp_21
0625_w16_qp_21_25,25,"A girl notices that, when she shouts into a cave, she hears an echo.  Which wave property causes the echo? A diffraction B dispersion C reflection D refraction    1 © UCLES 2016 0625/21/O/N/16 [Turn over",0625_w16_qp_21
0625_w16_qp_21_26,26,"The diagrams represent the displacement in four different sound waves. All the diagrams are drawn to the same scale.  Which diagram represents the sound with the highest pitch?  
A B
D Ctime time
time time
displacementdisplacement
displacementdisplacement 0
0
0
00
0
0
0
 ",0625_w16_qp_21
0625_w16_qp_21_27,27,"A student suggests three methods for demagnetising a piece of steel.  1 placing it in an east-west direction and hammering it hard 2 placing it in an east-west direction and heating it until red hot 3 removing it slowly from a coil carrying alternating current  Which of the methods will demagnetise the piece of steel? A 1 only B 2 only C 3 only D 1, 2 and 3    1 © UCLES 2016 0625/21/O/N/16",0625_w16_qp_21
0625_w16_qp_21_28,28,"In two separate experiments, a magnet is brought near to an unmagnetised iron bar. This causes the bar to become magnetised.  
NSmagnet X iron bar
NS magnet Yiron barexperiment 1experiment 2
  Which magnetic pole is induced at X and at Y?   pole induced at X pole induced at Y 
A N N 
B N S 
C S N 
D S S 
",0625_w16_qp_21
0625_w16_qp_21_29,29,"A polythene rod is rubbed with a cloth. The rod becomes positively charged because of the movement of charged particles.  Which row gives the name of these charged particles, and the direction in which they move?   charged particles direction of movement 
A electrons from cloth to rod 
B electrons from rod to cloth 
C protons from cloth to rod 
D protons from rod to cloth 
   1 © UCLES 2016 0625/21/O/N/16 [Turn over",0625_w16_qp_21
0625_w16_qp_21_30,30,"The diagram shows a lamp in a circuit.  
P
  Which change to the circuit would increase the current in the lamp? A adding another resistor in parallel with the one in the circuit B adding another resistor in series with the one in the circuit C decreasing the electromotive force (e.m.f.) of the battery in the circuit D moving the lamp to point P in the circuit ",0625_w16_qp_21
0625_w16_qp_21_31,31,"A 12.0
 Ω resistor and a 6.0  Ω resistor are connected in parallel.  Another 6.0
 Ω resistor is then connected in series with the parallel combination.  
6.0  Ω12.0  Ω6.0
 Ω  What is the combined resistance of all three resistors?  A 8.0
 Ω B 10  Ω C 15  Ω D 24  Ω ",0625_w16_qp_21
0625_w16_qp_21_32,32,"The circuit shows a 12
 V battery connected to a lamp of resistance 3.0  Ω.  
12  V
  How much energy is transferred to the surroundings by the lamp in 2.0 minutes? A 48
 J B 96  J C 2880  J D 5760  J    1 © UCLES 2016 0625/21/O/N/16",0625_w16_qp_21
0625_w16_qp_21_33,33,"The diagram shows a circuit containing a battery, a resistor with high resistance, a switch and a lamp.  
12  Vbattery12
 Vlampresistor
  Initially the switch is open.  What happens to the lamp when the switch is closed? A It glows more brightly. B It glows less brightly. C It goes out. D Its brightness does not change. ",0625_w16_qp_21
0625_w16_qp_21_34,34,"This is the truth table for a logic gate.  input 1 input 2 output 
0 0  0 1  1 0  1 1 0 
 Which symbol represents the logic gate?  
ABC D
 ",0625_w16_qp_21
0625_w16_qp_21_35,35,Why is a fuse used in an electrical circuit? A so that the current can have only one value B to prevent the current becoming too large C to provide a path to earth if a fault occurs D to save electrical energy     1 © UCLES 2016 0625/21/O/N/16 [Turn over,0625_w16_qp_21
0625_w16_qp_21_36,36,"An electric current can produce a heating effect and a magnetic effect.  Which row shows the effect that a relay uses and one application of a relay?   effect used by a relay one application of a relay 
A heating effect allowing a small current to switch on a large current 
B heating effect changing the voltage of an a.c. supply 
C magnetic effect allowing a small current to switch on a large current 
D magnetic effect changing the voltage of an a.c. supply 
",0625_w16_qp_21
0625_w16_qp_21_37,37,A very important experiment improved scientists’ understanding of the structure of matter. The experiment involved α-particles being fired at a thin gold foil. What happened? A All the α-particles were absorbed by the nuclei of the gold atoms. B All the α-particles were unaffected by the gold atoms. C Some of the α-particles were attracted by the neutrons in the nuclei of the gold atoms. D Some of the α-particles were repelled by the protons in the nuclei of the gold atoms. ,0625_w16_qp_21
0625_w16_qp_21_38,38,What is meant by nuclear fusion? A the emission of an electron from a nucleus B the emission of two protons from a nucleus C the joining together of two nuclei D the splitting of a nucleus into two smaller nuclei ,0625_w16_qp_21
0625_w16_qp_21_39,39,"A nucleus undergoes radioactive decay. The proton number increases by one. The nucleon number does not change.  Which particle has been emitted in this decay? A a neutron B a proton C an α-particle D a β-particle    1  
Permission to reproduce items where third-party owned material pr otected by copyright is included has been sought and cleared w here possible. Every reasonable effort has been made by the publisher (UCLES) to trac e copyright holders, but if any items requiring clearance have unwittingly been included, the publisher will be pleased to make amends  at the earliest possible opportunity.  To avoid the issue of disclosure of ans wer-related information to candidates, all copyright acknowledgements are reproduced onl ine in the Cambridge International Examinations Copyright Acknow ledgements Booklet. This is produced for each  series of examinations and is freely a vailable to download at www.cie.org.uk after the live examination series.  Cambridge International Examinations is part of the Cambridge As sessment Group. Cambridge Assessment is the brand name of Unive rsity of Cambridge Local Examinations Syndicate (UCLES), which is itself a department of the University of Cambridge. 
 © UCLES 2016 0625/21/O/N/16",0625_w16_qp_21
0625_w16_qp_21_40,40,"Radioactive source S emits α-particles, β-particles and γ-rays. A detector is placed 5  cm away from S. A thin sheet of paper is placed as shown in the diagram.  
S
5 cmthin sheet of paper
detecto r
  Which emissions from the source can be detected? A α-particles and β-particles only B α-particles and γ-rays only C β-particles and γ-rays only D α-particles, β-particles and γ-rays    ",0625_w16_qp_21
0625_w16_qp_22_01,1,"The graph shows how the distance trave lled by a vehicle changes with time.  
00distance
timePQR S
  Which row describes the speed of the vehicle in each section of the graph?   P to Q Q to R R to S 
A constant zero constant 
B constant zero decreasing 
C increasing constant decreasing 
D increasing zero constant 
",0625_w16_qp_22
0625_w16_qp_22_02,2,"A stone falls freely from the top of a cliff. Air resistance may be ignored.  Which graph shows how the acceleration of the stone varies with time as it falls?  
00time acceleration A 
00time acceleration B 
00time acceleration C 
00time acceleration D 
   © UCLES 2016 0625/22/O/N/16 [Turn over",0625_w16_qp_22
0625_w16_qp_22_03,3,"The speed-time graph for an object is shown.  
05 1 5 2 5200 time
 / sspeedm / sPXYZ
W
  Below are four statements about the acceleration of the object.  Which statement is correct? A The acceleration in the first 5
 s is given by area P. B The acceleration increases between W and X. C The acceleration is negative between Y and Z. D The deceleration between Y and Z is (20 ÷ 25)
 m  / s2. ",0625_w16_qp_22
0625_w16_qp_22_04,4,"An object tends to keep moving with the same speed and in the same direction due to a certain property.  The object also has weight due to the action of a field.  What is the name of the property, and what is the name of the field?  property field 
A mass electric 
B mass gravitational 
C volume electric 
D volume gravitational 
    © UCLES 2016 0625/22/O/N/16",0625_w16_qp_22
0625_w16_qp_22_05,5,"A student uses a measuring cylinder and a balance to find the density of oil. The diagram shows the arrangement used.  
g g m1 m2emptymeasuringcylinder measuringcylinder containingvolume V of oiloil
  Which calculation gives the density of the oil? A 
2mV B () 12mmV− C 
Vm2 D ( )
Vmm 12− ",0625_w16_qp_22
0625_w16_qp_22_06,6,An object travels in a circular path at constant speed. Which statement about the object is correct? A It has changing kinetic energy. B It has changing momentum. C It has constant velocity. D It is not accelerating.     © UCLES 2016 0625/22/O/N/16 [Turn over,0625_w16_qp_22
0625_w16_qp_22_07,7,"The diagrams show a spring and a graph of the length of the spring against the load applied to it.  
loadlengthspring8765432100 2 04 06 0load
 / N80 100length  / cm
  What is the extension of the spring when a load of 40
 N is applied to it? A 1.5
 cm B 2.5  cm C 4.0  cm D 6.5  cm ",0625_w16_qp_22
0625_w16_qp_22_08,8,"A girl of mass 50
 kg runs at 6.0  m  / s.  What is her momentum? A 300
 J B 300  kg  m  / s C 900  J D 900  kg  m  / s ",0625_w16_qp_22
0625_w16_qp_22_09,9,"Which list contains only vector quantities? A acceleration, energy, force, mass B acceleration, force, momentum, velocity C distance, energy, mass, speed D distance, momentum, power, speed ",0625_w16_qp_22
0625_w16_qp_22_10,10,Electricity can be generated using different energy resources. Which energy resource is used to generate electricity without needing any moving parts? A geothermal B hydroelectric C solar D water waves   © UCLES 2016 0625/22/O/N/16,0625_w16_qp_22
0625_w16_qp_22_11,11,A lamp has a power input of 5.0  W. It wastes 1.0  W of power heating the surroundings. What is the efficiency of the lamp? A 20% B 50% C 80% D 120% ,0625_w16_qp_22
0625_w16_qp_22_12,12,"A pendulum bob swings along the path WXYZ and back again.  Resistive forces can be ignored.  
pendulum bobWZXY
  Which statement describes the total energy of the bob? A It has a maximum value at X. B It has a maximum value at Y. C It has a maximum value at Z. D It has the same value at W, X, Y and Z. ",0625_w16_qp_22
0625_w16_qp_22_13,13,"The equation used to find the pressure caused by a liquid can be written as  p = h × Y × Z  where p is the pressure and h is the depth of the liquid.  Which row gives the quantities Y and Z?   Y Z 
A cross-sectional area gravitational field strength 
B cross-sectional area volume 
C density cross-sectional area 
D density gravitational field strength 
    © UCLES 2016 0625/22/O/N/16 [Turn over",0625_w16_qp_22
0625_w16_qp_22_14,14,"The diagram shows a gas that is trapped in a cylinder by a piston. The volume of the gas is 120
 cm3 and the pressure of the gas is P.  
gaspiston  The piston is moved slowly to the left so that the volume of the gas is reduced to 30
 cm3. The temperature of the gas does not change.  What is the new pressure of the trapped gas? A 
4P B 2P C P D 4P   
15 A piece of melting ice at 0  °C and a beaker of boiling water are both in a laboratory. The laboratory is at 20
 °C.  
melting iceboiling waterBunsen burnerheating water
  What is happening to the temperature of the melting ice and what is happening to the temperature of the boiling water?  
 temperature of melting ice temperature of boiling water 
A constant constant 
B constant increasing 
C increasing constant 
D increasing increasing 
    © UCLES 2016 0625/22/O/N/16  16 A puddle of water is formed after a rain shower on a windy day.  Which statement explains the effect of the wind on the rate of evaporation of the water in the puddle? A The wind gives molecules in the water extra kinetic energy and so increases the rate of evaporation. B The wind removes evaporated water from near the surface and so decreases the rate of evaporation. C The wind removes evaporated water from near the surface and so increases the rate of evaporation. D The wind takes energy from molecules near the surface and so decreases the rate of evaporation.   17 A copper container of mass 0.20
 kg contains 0.10  kg of water.  The specific heat capacity of copper is 385
 J / (kg  °C) and the specific heat capacity of water is 4200
 J / (kg  °C).  How much energy, in joules, is needed to raise the temperature of the copper container and the water by 10
 °C? A (0.20 × 385 × 10) – (0.10 × 4200 × 10) B (0.20 × 385 × 10) + (0.10 × 4200 × 10) C (0.10 + 0.20) × 
+2385  4200 × 10 D (0.10 + 0.20) × (4200 + 385) × 10   18 On a very cold day, a boy puts one hand on the metal handlebars of his bicycle. He puts the other hand on the rubber hand grip.   The metal feels colder than the rubber hand grip, although they are both at the same temperature.  Why is this? A The metal has a higher melting point than the rubber. B The metal has a lower thermal capacity than the rubber. C The metal is a better thermal conductor than the rubber. D The metal radiates more infra-red radiation than the rubber.     © UCLES 2016 0625/22/O/N/16 [Turn over  19 The diagrams show four spherical objects of the same colour and same type of surface. Two of the objects are small and two are large. Two of the objects are at the same high temperature and two are at the same low temperature.  Which object emits infra-red radiation at the greatest rate?  
A B C Dhightemperaturelowtemperaturehightemperaturelowtemperature
   20 Which wave has an amplitude equal to half its wavelength?  
displacement/
 cm1.00–1.01234
0 distance  / cm Adisplacement/
 cm1.00–1.01234
0 distance  / cm Bdisplacement/
 cm1.00–1.01234
0 distance  / cm Cdisplacement/
 cm1.00–1.01234
0 distance  / cm D
   © UCLES 2016 0625/22/O/N/16  21 Which diagram shows what happens when plane waves pass the edge of the object shown?  
A
objectB
C Dobject
object object   22 An image is formed by a plane mirror. A second image is formed by a lens used as a magnifying glass. Which row states the nature of each of these images?  plane mirror magnifying glass 
A real real 
B real virtual 
C virtual real 
D virtual virtual 
   1 © UCLES 2016 0625/22/O/N/16 [Turn over  23 The diagram shows light passing from air into glass. Two angles p and q are marked.  
airglassnormalpq
  Which pair of equations can both be used to calculate the refractive index n of the glass? A n = 
glass in light of speedair in light of speed, n = 
qp sin sin B  n = 
air in light of speedglass in light of speed, n = 
qp sin sin C n = 
glass in light of speedair in light of speed, n = 
pq sin sin D n = 
air in light of speedglass in light of speed, n = 
pq sin sin   24 Which part of the electromagnetic spectrum is used to send television signals from a satellite to Earth? A infra-red B microwaves C ultraviolet D visible light   25 A girl notices that, when she shouts into a cave, she hears an echo.  Which wave property causes the echo? A diffraction B dispersion C reflection D refraction    1 © UCLES 2016 0625/22/O/N/16  26 Which property of a sound wave affects the loudness of the sound? A amplitude B frequency C speed D wavelength   27 In two separate experiments, a magnet is brought near to an unmagnetised iron bar. This causes the bar to become magnetised.  
NSmagnet X iron bar
NS magnet Yiron barexperiment 1experiment 2
  Which magnetic pole is induced at X and at Y?   pole induced at X pole induced at Y 
A N N 
B N S 
C S N 
D S S 
  28 A student suggests three methods for demagnetising a piece of steel.  1 placing it in an east-west direction and hammering it hard 2 placing it in an east-west direction and heating it until red hot 3 removing it slowly from a coil carrying alternating current  Which of the methods will demagnetise the piece of steel? A 1 only B 2 only C 3 only D 1, 2 and 3    1 © UCLES 2016 0625/22/O/N/16 [Turn over  29 The diagram shows a lamp in a circuit.  
P
  Which change to the circuit would increase the current in the lamp? A adding another resistor in parallel with the one in the circuit B adding another resistor in series with the one in the circuit C decreasing the electromotive force (e.m.f.) of the battery in the circuit D moving the lamp to point P in the circuit   30 The diagram shows a circuit.  
A  The reading on the ammeter is 12
 A.  How much charge passes through the ammeter in 2.0 minutes? A 0.10
 C B 6.0  C C 24  C D 1440  C   31 A copper wire has a resistance of 2.0
 Ω.  A second copper wire is twice as long as the firs t wire, and its diameter is twice the diameter of the first wire.  What is the resistance of the second wire? A 1.0
 Ω B 2.0  Ω C 8.0  Ω D 16.0  Ω    1 © UCLES 2016 0625/22/O/N/16  32 Which combination of resistors in parallel has an effective resistance of 0.50  Ω?  
A B
C D1.0 Ω 2.0  Ω
1.0
 Ω 4.0  Ω1.0 Ω 2.0  Ω
3.0
 Ω 4.0  Ω
   33 In the circuit shown, the voltmeter reads 2.0
 V. A charge of 5.0  C passes through the resistor in a certain time.  
V  How much energy is supplied to the resistor in this time? A 0.40
 J B 2.5  J C 10  J D 20  J   34 Two NAND gates are connected together as shown.  
input 1input 2 output
  The arrangement acts like a single logic gate.  What is the name of this single logic gate? A AND B NOR C NOT D OR    1 © UCLES 2016 0625/22/O/N/16 [Turn over  35 An electric kettle has a metal casing. The cable for the kettle contains a wire that is connected to the earth pin of the plug.  Which danger does this guard against? A the cable to the kettle becoming too hot B the casing of the kettle becoming live C the casing of the kettle becoming wet on the outside D the casing of the kettle overheating   36 An electric current can produce a heating effect and a magnetic effect.  Which row shows the effect that a relay uses and one application of a relay?   effect used by a relay one application of a relay 
A heating effect allowing a small current to switch on a large current 
B heating effect changing the voltage of an a.c. supply 
C magnetic effect allowing a small current to switch on a large current 
D magnetic effect changing the voltage of an a.c. supply 
  37 What happens in the process of nuclear fission? A electrons are added to a nucleus B electrons are removed from a nucleus C the nucleus of an atom splits D two atomic nuclei join together   38 A β-particle enters a uniform magnetic field directed out of the page.  
uniformmagnetic fieldout of the page
β-particle
  In which direction is the β-particle deflected by the field? A towards the top of the page B into the page C out of the page D towards the bottom of the page    1  
Permission to reproduce items where third-party owned material pr otected by copyright is included has been sought and cleared w here possible. Every reasonable effort has been made by the publisher (UCLES) to trac e copyright holders, but if any items requiring clearance have unwittingly been included, the publisher will be pleased to make amends  at the earliest possible opportunity.  To avoid the issue of disclosure of ans wer-related information to candidates, all copyright acknowledgements are reproduced onl ine in the Cambridge International Examinations Copyright Acknow ledgements Booklet. This is produced for each  series of examinations and is freely a vailable to download at www.cie.org.uk after the live examination series.  Cambridge International Examinations is part of the Cambridge As sessment Group. Cambridge Assessment is the brand name of Unive rsity of Cambridge Local Examinations Syndicate (UCLES), which is itself a department of the University of Cambridge. 
 © UCLES 2016 0625/22/O/N/16  39 The radioactive nucleus Bi21483   decays to another nucleus by the emission of a β-particle. What is the proton number and what is the nucleon number of the nucleus formed by this decay?  proton number nucleon number 
A 81 2 B 81 21 C 84 21 D 84 21   40 Radioactive source S emits α-particles, β-particles and γ-rays. A detector is placed 5
 cm away from S. A thin sheet of paper is placed as shown in the diagram.  
S
5 cmthin sheet of paper
detecto r
  Which emissions from the source can be detected? A α-particles and β-particles only B α-particles and γ-rays only C β-particles and γ-rays only D α-particles, β-particles and γ-rays    ",0625_w16_qp_22
pass,pass,pass,pass
0625_w16_qp_22_16,16,A puddle of water is formed after a rain shower on a windy day.  Which statement explains the effect of the wind on the rate of evaporation of the water in the puddle? A The wind gives molecules in the water extra kinetic energy and so increases the rate of evaporation. B The wind removes evaporated water from near the surface and so decreases the rate of evaporation. C The wind removes evaporated water from near the surface and so increases the rate of evaporation. D The wind takes energy from molecules near the surface and so decreases the rate of evaporation. ,0625_w16_qp_22
0625_w16_qp_22_17,17,"A copper container of mass 0.20
 kg contains 0.10  kg of water.  The specific heat capacity of copper is 385
 J / (kg  °C) and the specific heat capacity of water is 4200
 J / (kg  °C).  How much energy, in joules, is needed to raise the temperature of the copper container and the water by 10
 °C? A (0.20 × 385 × 10) – (0.10 × 4200 × 10) B (0.20 × 385 × 10) + (0.10 × 4200 × 10) C (0.10 + 0.20) × 
+2385  4200 × 10 D (0.10 + 0.20) × (4200 + 385) × 10 ",0625_w16_qp_22
0625_w16_qp_22_18,18,"On a very cold day, a boy puts one hand on the metal handlebars of his bicycle. He puts the other hand on the rubber hand grip.   The metal feels colder than the rubber hand grip, although they are both at the same temperature.  Why is this? A The metal has a higher melting point than the rubber. B The metal has a lower thermal capacity than the rubber. C The metal is a better thermal conductor than the rubber. D The metal radiates more infra-red radiation than the rubber.     © UCLES 2016 0625/22/O/N/16 [Turn over",0625_w16_qp_22
0625_w16_qp_22_19,19,"The diagrams show four spherical objects of the same colour and same type of surface. Two of the objects are small and two are large. Two of the objects are at the same high temperature and two are at the same low temperature.  Which object emits infra-red radiation at the greatest rate?  
A B C Dhightemperaturelowtemperaturehightemperaturelowtemperature
 ",0625_w16_qp_22
0625_w16_qp_22_20,20,"Which wave has an amplitude equal to half its wavelength?  
displacement/
 cm1.00–1.01234
0 distance  / cm Adisplacement/
 cm1.00–1.01234
0 distance  / cm Bdisplacement/
 cm1.00–1.01234
0 distance  / cm Cdisplacement/
 cm1.00–1.01234
0 distance  / cm D
   © UCLES 2016 0625/22/O/N/16",0625_w16_qp_22
0625_w16_qp_22_21,21,"Which diagram shows what happens when plane waves pass the edge of the object shown?  
A
objectB
C Dobject
object object ",0625_w16_qp_22
0625_w16_qp_22_22,22,"An image is formed by a plane mirror. A second image is formed by a lens used as a magnifying glass. Which row states the nature of each of these images?  plane mirror magnifying glass 
A real real 
B real virtual 
C virtual real 
D virtual virtual 
   1 © UCLES 2016 0625/22/O/N/16 [Turn over",0625_w16_qp_22
0625_w16_qp_22_23,23,"The diagram shows light passing from air into glass. Two angles p and q are marked.  
airglassnormalpq
  Which pair of equations can both be used to calculate the refractive index n of the glass? A n = 
glass in light of speedair in light of speed, n = 
qp sin sin B  n = 
air in light of speedglass in light of speed, n = 
qp sin sin C n = 
glass in light of speedair in light of speed, n = 
pq sin sin D n = 
air in light of speedglass in light of speed, n = 
pq sin sin ",0625_w16_qp_22
0625_w16_qp_22_24,24,Which part of the electromagnetic spectrum is used to send television signals from a satellite to Earth? A infra-red B microwaves C ultraviolet D visible light ,0625_w16_qp_22
0625_w16_qp_22_25,25,"A girl notices that, when she shouts into a cave, she hears an echo.  Which wave property causes the echo? A diffraction B dispersion C reflection D refraction    1 © UCLES 2016 0625/22/O/N/16",0625_w16_qp_22
0625_w16_qp_22_26,26,Which property of a sound wave affects the loudness of the sound? A amplitude B frequency C speed D wavelength ,0625_w16_qp_22
0625_w16_qp_22_27,27,"In two separate experiments, a magnet is brought near to an unmagnetised iron bar. This causes the bar to become magnetised.  
NSmagnet X iron bar
NS magnet Yiron barexperiment 1experiment 2
  Which magnetic pole is induced at X and at Y?   pole induced at X pole induced at Y 
A N N 
B N S 
C S N 
D S S 
",0625_w16_qp_22
0625_w16_qp_22_28,28,"A student suggests three methods for demagnetising a piece of steel.  1 placing it in an east-west direction and hammering it hard 2 placing it in an east-west direction and heating it until red hot 3 removing it slowly from a coil carrying alternating current  Which of the methods will demagnetise the piece of steel? A 1 only B 2 only C 3 only D 1, 2 and 3    1 © UCLES 2016 0625/22/O/N/16 [Turn over",0625_w16_qp_22
0625_w16_qp_22_29,29,"The diagram shows a lamp in a circuit.  
P
  Which change to the circuit would increase the current in the lamp? A adding another resistor in parallel with the one in the circuit B adding another resistor in series with the one in the circuit C decreasing the electromotive force (e.m.f.) of the battery in the circuit D moving the lamp to point P in the circuit ",0625_w16_qp_22
0625_w16_qp_22_30,30,"The diagram shows a circuit.  
A  The reading on the ammeter is 12
 A.  How much charge passes through the ammeter in 2.0 minutes? A 0.10
 C B 6.0  C C 24  C D 1440  C ",0625_w16_qp_22
0625_w16_qp_22_31,31,"A copper wire has a resistance of 2.0
 Ω.  A second copper wire is twice as long as the firs t wire, and its diameter is twice the diameter of the first wire.  What is the resistance of the second wire? A 1.0
 Ω B 2.0  Ω C 8.0  Ω D 16.0  Ω    1 © UCLES 2016 0625/22/O/N/16",0625_w16_qp_22
0625_w16_qp_22_32,32,"Which combination of resistors in parallel has an effective resistance of 0.50  Ω?  
A B
C D1.0 Ω 2.0  Ω
1.0
 Ω 4.0  Ω1.0 Ω 2.0  Ω
3.0
 Ω 4.0  Ω
 ",0625_w16_qp_22
0625_w16_qp_22_33,33,"In the circuit shown, the voltmeter reads 2.0
 V. A charge of 5.0  C passes through the resistor in a certain time.  
V  How much energy is supplied to the resistor in this time? A 0.40
 J B 2.5  J C 10  J D 20  J ",0625_w16_qp_22
0625_w16_qp_22_34,34,"Two NAND gates are connected together as shown.  
input 1input 2 output
  The arrangement acts like a single logic gate.  What is the name of this single logic gate? A AND B NOR C NOT D OR    1 © UCLES 2016 0625/22/O/N/16 [Turn over",0625_w16_qp_22
0625_w16_qp_22_35,35,An electric kettle has a metal casing. The cable for the kettle contains a wire that is connected to the earth pin of the plug.  Which danger does this guard against? A the cable to the kettle becoming too hot B the casing of the kettle becoming live C the casing of the kettle becoming wet on the outside D the casing of the kettle overheating ,0625_w16_qp_22
0625_w16_qp_22_36,36,"An electric current can produce a heating effect and a magnetic effect.  Which row shows the effect that a relay uses and one application of a relay?   effect used by a relay one application of a relay 
A heating effect allowing a small current to switch on a large current 
B heating effect changing the voltage of an a.c. supply 
C magnetic effect allowing a small current to switch on a large current 
D magnetic effect changing the voltage of an a.c. supply 
",0625_w16_qp_22
0625_w16_qp_22_37,37,What happens in the process of nuclear fission? A electrons are added to a nucleus B electrons are removed from a nucleus C the nucleus of an atom splits D two atomic nuclei join together ,0625_w16_qp_22
0625_w16_qp_22_38,38,"A β-particle enters a uniform magnetic field directed out of the page.  
uniformmagnetic fieldout of the page
β-particle
  In which direction is the β-particle deflected by the field? A towards the top of the page B into the page C out of the page D towards the bottom of the page    1  
Permission to reproduce items where third-party owned material pr otected by copyright is included has been sought and cleared w here possible. Every reasonable effort has been made by the publisher (UCLES) to trac e copyright holders, but if any items requiring clearance have unwittingly been included, the publisher will be pleased to make amends  at the earliest possible opportunity.  To avoid the issue of disclosure of ans wer-related information to candidates, all copyright acknowledgements are reproduced onl ine in the Cambridge International Examinations Copyright Acknow ledgements Booklet. This is produced for each  series of examinations and is freely a vailable to download at www.cie.org.uk after the live examination series.  Cambridge International Examinations is part of the Cambridge As sessment Group. Cambridge Assessment is the brand name of Unive rsity of Cambridge Local Examinations Syndicate (UCLES), which is itself a department of the University of Cambridge. 
 © UCLES 2016 0625/22/O/N/16",0625_w16_qp_22
0625_w16_qp_22_39,39,"The radioactive nucleus Bi21483   decays to another nucleus by the emission of a β-particle. What is the proton number and what is the nucleon number of the nucleus formed by this decay?  proton number nucleon number 
A 81 2 B 81 21 C 84 21 D 84 21 ",0625_w16_qp_22
0625_w16_qp_22_40,40,"Radioactive source S emits α-particles, β-particles and γ-rays. A detector is placed 5
 cm away from S. A thin sheet of paper is placed as shown in the diagram.  
S
5 cmthin sheet of paper
detecto r
  Which emissions from the source can be detected? A α-particles and β-particles only B α-particles and γ-rays only C β-particles and γ-rays only D α-particles, β-particles and γ-rays    ",0625_w16_qp_22
0625_w16_qp_23_01,1,"The graph shows how the distance trave lled by a vehicle changes with time.  
00distance
timePQR S
  Which row describes the speed of the vehicle in each section of the graph?   P to Q Q to R R to S 
A constant zero constant 
B constant zero decreasing 
C increasing constant decreasing 
D increasing zero constant 
",0625_w16_qp_23
0625_w16_qp_23_02,2,"A stone falls freely from the top of a cliff. Air resistance may be ignored.  Which graph shows how the acceleration of the stone varies with time as it falls?  
00time acceleration A 
00time acceleration B 
00time acceleration C 
00time acceleration D 
   © UCLES 2016 0625/23/O/N/16 [Turn over",0625_w16_qp_23
0625_w16_qp_23_03,3,"The speed-time graph for an object is shown.  
01 0 3 0 5 0100 time
 / sspeedm / sXYZ
W
  Below are four statements about the acceleration of the object.  Which statement is true? A The acceleration in the first 10
 s is (10 ÷ 10)  m  / s2. B The acceleration increases between W and X. C The acceleration decreases between Y and Z. D The deceleration between Y and Z is (10 ÷ 50)
 m  / s2. ",0625_w16_qp_23
0625_w16_qp_23_04,4,"An astronaut on the Moon weighs less than on Earth. What is the reason for this difference, and how does his mass on the Moon compare with his mass on Earth?  reason for weight difference mass on Moon 
A the Moon has a weaker gravitational field less than on Earth 
B the Moon has a weaker gravitational field same as on Earth 
C the Moon has a weaker magnetic field less than on Earth 
D the Moon has a weaker magnetic field same as on Earth 
    © UCLES 2016 0625/23/O/N/16",0625_w16_qp_23
0625_w16_qp_23_05,5,"The diagrams show an empty container, and the same container filled with liquid.  The empty container has a mass of 120
 g. When filled with the liquid, the total mass of the container and the liquid is 600
 g.  
container filled with liquid600
 g empty container120  g  The volume of liquid in the container is 600
 cm3.  What is the density of the liquid? A 0.020
 g / cm3 B 0.80  g / cm3 C 1.0  g / cm3  D 1.2  g / cm3 ",0625_w16_qp_23
0625_w16_qp_23_06,6,An object travels in a circular path at constant speed. Which statement about the object is correct? A It has changing kinetic energy. B It has changing momentum. C It has constant velocity. D It is not accelerating.     © UCLES 2016 0625/23/O/N/16 [Turn over,0625_w16_qp_23
0625_w16_qp_23_07,7,"Different loads are hung on a spring. The diagram shows the length of the spring with and without the loads attached.  
200  N400
 N20  cm40
 cm65
 cm
  What is the extension of the spring when the load is 400
 N? A 5
 cm B 25  cm C 40  cm D 45  cm ",0625_w16_qp_23
0625_w16_qp_23_08,8,"A vehicle of mass 900
 kg is travelling with a velocity of 20  m  / s.  What is the momentum of the vehicle? A 45
 kg  m  / s B 450  kg  m  / s C 18  000  kg  m  / s D 180  000  kg  m  / s ",0625_w16_qp_23
0625_w16_qp_23_09,9,"Which list contains only scalar quantities? A acceleration, energy, force, mass B acceleration, force, momentum, velocity C distance, energy, mass, speed D distance, momentum, speed, velocity     © UCLES 2016 0625/23/O/N/16",0625_w16_qp_23
0625_w16_qp_23_10,10,"A ball is dropped onto a floor.  Its speed just before hitting the floor is 3.0
 m  / s.  Which change would result in a speed of 6.0
 m  / s just before hitting the floor? Ignore any effects due to air resistance. A Drop the ball from double the height above the floor. B Drop the ball from four times the height above the floor. C Use a ball with double the mass. D Use a ball with four times the mass. ",0625_w16_qp_23
0625_w16_qp_23_11,11,"Which list contains only energy resource s that derive their energy from the Sun? A geothermal, nuclear, tidal B hydroelectric, water waves, wind C geothermal, hydroelectric, solar D nuclear, solar, water waves ",0625_w16_qp_23
0625_w16_qp_23_12,12,"A lamp has a power input of 5.0
 W. It wastes 1.0  W of power heating the surroundings. What is the efficiency of the lamp? A 20% B 50% C 80% D 120% ",0625_w16_qp_23
0625_w16_qp_23_13,13,"A container is filled with liquid to a certain depth h.  
hcontainer
liquid
  The pressure of the liquid at the bottom of the container depends on several factors.  Which is one factor on which the pressure does not depend? A the strength of the Earth’s gravitational field B the density of the liquid C the depth of the liquid D the strength of the Earth’s magnetic field     © UCLES 2016 0625/23/O/N/16 [Turn over",0625_w16_qp_23
0625_w16_qp_23_14,14,"Which diagram best represents the movement of a smoke particle displaying Brownian motion?  
AB
CD
smokeparticle smokeparticle
smokeparticlesmokeparticle
 ",0625_w16_qp_23
0625_w16_qp_23_15,15,"The volume of a gas is measured at different pressures.  The pressure p and the volume V of the gas are found to be related by the equation: pV = constant. Which quantities are kept constant and which quantities change?  density of gas mass of gas temperature of gas  
A    key 
B    = constant 
C    = changed 
D     
    © UCLES 2016 0625/23/O/N/16",0625_w16_qp_23
0625_w16_qp_23_16,16,"A piece of melting ice at 0  °C and a beaker of boiling water are both in a laboratory. The laboratory is at 20
 °C.  
melting iceboiling waterBunsen burnerheating water
  What is happening to the temperature of the melting ice and what is happening to the temperature of the boiling water?   temperature of melting ice temperature of boiling water 
A constant constant 
B constant increasing 
C increasing constant 
D increasing increasing 
",0625_w16_qp_23
0625_w16_qp_23_17,17,"A scientist has two thermometers available: a liquid-in-glass thermometer and a thermocouple thermometer. Which thermometer is better for measuring a very high temperature, and which thermometer is better for measuring a rapidly varying temperature?  very high temperature rapidly varying temperature 
A liquid-in-glass liquid-in-glass 
B liquid-in-glass thermocouple 
C thermocouple liquid-in-glass 
D thermocouple thermocouple 
    © UCLES 2016 0625/23/O/N/16 [Turn over",0625_w16_qp_23
0625_w16_qp_23_18,18,"A copper container of mass 0.20  kg contains 0.10  kg of water.  The specific heat capacity of copper is 385
 J / (kg  °C) and the specific heat capacity of water is 4200
 J / (kg  °C).  How much energy, in joules, is needed to raise the temperature of the copper container and the water by 10
 °C? A (0.20 × 385 × 10) – (0.10 × 4200 × 10) B (0.20 × 385 × 10) + (0.10 × 4200 × 10) C (0.10 + 0.20) × 
+2385  4200 × 10 D (0.10 + 0.20) × (4200 + 385) × 10 ",0625_w16_qp_23
0625_w16_qp_23_19,19,"The diagrams show four spherical objects of the same size. Two of the objects are white and two are black. Two of the objects are at the same high temperature and two are at the same low temperature.  Which object emits infra-red radiation at the greatest rate?  
A BCDhightemperaturehightemperaturelowtemperaturelowtemperature
 ",0625_w16_qp_23
0625_w16_qp_23_20,20,"A man is talking at the side of a house. He can be heard by a woman at the front of the house even though she cannot see him.  
  What is the explanation for this? A Sound waves are longitudinal and light waves are transverse. B Sound waves are transverse and light waves are longitudinal. C The sound waves have a long wavelength and the light waves have short wavelength. D The sound waves have a short wavelength and the light waves have long wavelength.     © UCLES 2016 0625/23/O/N/16",0625_w16_qp_23
0625_w16_qp_23_21,21,"An image is formed by a plane mirror. A second image is formed by a lens used as a magnifying glass. Which row states the nature of each of these images?  plane mirror magnifying glass 
A real real 
B real virtual 
C virtual real 
D virtual virtual 
",0625_w16_qp_23
0625_w16_qp_23_22,22,"The speed of light in air is 3.0 × 10
8
 m  / s.  The critical angle for light in a transparent plastic material placed in air is 37 °.  What is the speed of light in the plastic material? A 1.8 × 10
8
 m  / s B 2.4 × 10
8
 m  / s C 3.8 × 10
8
 m  / s D 5.0 × 10
8
 m  / s ",0625_w16_qp_23
0625_w16_qp_23_23,23,Which description applies to infra-red radiation? A longitudinal and electromagnetic B longitudinal but not electromagnetic C transverse and electromagnetic D transverse but not electromagnetic ,0625_w16_qp_23
0625_w16_qp_23_24,24,"A girl notices that, when she shouts into a cave, she hears an echo.  Which wave property causes the echo? A diffraction B dispersion C reflection D refraction    1 © UCLES 2016 0625/23/O/N/16 [Turn over",0625_w16_qp_23
0625_w16_qp_23_25,25,"A man stands 110  m from a high wall. He makes a short, sharp sound and then hears an echo from the wall. The speed of sound in air is 330
 m  / s. How long after making the sound does the man hear the echo? A 0.33
 s B 0.67  s C 1.5  s D 3.0  s ",0625_w16_qp_23
0625_w16_qp_23_26,26,"A student suggests three methods for demagnetising a piece of steel.  1 placing it in an east-west direction and hammering it hard 2 placing it in an east-west direction and heating it until red hot 3 removing it slowly from a coil carrying alternating current  Which of the methods will demagnetise the piece of steel? A 1 only B 2 only C 3 only D 1, 2 and 3 ",0625_w16_qp_23
0625_w16_qp_23_27,27,"In two separate experiments, a magnet is brought near to an unmagnetised iron bar. This causes the bar to become magnetised.  
NSmagnet X iron bar
NS magnet Yiron barexperiment 1experiment 2
  Which magnetic pole is induced at X and at Y?   pole induced at X pole induced at Y 
A N N 
B N S 
C S N 
D S S 
   1 © UCLES 2016 0625/23/O/N/16",0625_w16_qp_23
0625_w16_qp_23_28,28,"A student holds a rod in his hand.  
rodhandcloth
  He rubs the rod with a cloth. The rod gains a positive charge.   Of which material could the rod be made, and which transfer of charge has happened?   material of rod transfer of charge 
A metal negative charge from rod to cloth 
B metal positive charge from cloth to rod 
C plastic negative charge from rod to cloth 
D plastic positive charge from cloth to rod 
",0625_w16_qp_23
0625_w16_qp_23_29,29,"The diagram shows a lamp in a circuit.  
P
  Which change to the circuit would increase the current in the lamp? A adding another resistor in parallel with the one in the circuit B adding another resistor in series with the one in the circuit C decreasing the electromotive force (e.m.f.) of the battery in the circuit D moving the lamp to point P in the circuit    1 © UCLES 2016 0625/23/O/N/16 [Turn over",0625_w16_qp_23
0625_w16_qp_23_30,30,"The graph shows the relationship between the current in a circuit component and the potential difference (p.d.) across it. The graph has a straight section and a curved section.  
currentp.d.00
  What happens to the resistance of the component in these two sections as the current increases?   straight section curved section 
A resistance increases resistance decreases 
B resistance increases resistance increases 
C no change in resistance resistance decreases 
D no change in resistance resistance increases 
",0625_w16_qp_23
0625_w16_qp_23_31,31,"In the circuit shown there is a current of 10
 A.  
  How much charge passes through the resistor in 2.0 minutes? A 0.083
 C B 5  C C 20  C D 1200  C    1 © UCLES 2016 0625/23/O/N/16",0625_w16_qp_23
0625_w16_qp_23_32,32,"The four circuits shown each contain four diodes.  In which circuit is the direction of the current in the resistor always from the red terminal to the black terminal?  
redterminalblackterminal12 VA
redterminalblackterminal12 VB
redterminalblackterminal12 VC
redterminalblackterminal12 VD
    1 © UCLES 2016 0625/23/O/N/16 [Turn over",0625_w16_qp_23
0625_w16_qp_23_33,33,"The diagram shows a potential divider.  
6 V
0
 V   When brighter light falls on the light-dependent resistor (LDR), its resistance changes.  What happens to the resistance of the LDR and what happens to the current in it?   resistance of LDR current in LDR 
A decreases decreases 
B decreases increases 
C increases decreases 
D increases increases 
",0625_w16_qp_23
0625_w16_qp_23_34,34,"The diagram shows two logic gates connected together.  
low (0)low (0)P Q
  The two inputs are both low (0).  What are the logic states at P and at Q?   P Q 
A high (1) high (1) 
B high (1) low (0) 
C low (0) high (1) 
D low (0) low (0) 
   1 © UCLES 2016 0625/23/O/N/16",0625_w16_qp_23
0625_w16_qp_23_35,35,"Two electrical appliances are connected to the mains supply.    The cable connected to one appliance includes an earth wire.    The cable connected to the second appliance does not need an earth wire.  What is a reason for this difference? A One appliance has a metal case, but the other appliance does not. B One appliance is fitted with a fuse, but the other appliance is not. C One appliance is fitted with a switch, but the other appliance is not. D One appliance needs more current than the other appliance. ",0625_w16_qp_23
0625_w16_qp_23_36,36,"An electric current can produce a heating effect and a magnetic effect.  Which row shows the effect that a relay uses and one application of a relay?   effect used by a relay one application of a relay 
A heating effect allowing a small current to switch on a large current 
B heating effect changing the voltage of an a.c. supply 
C magnetic effect allowing a small current to switch on a large current 
D magnetic effect changing the voltage of an a.c. supply 
",0625_w16_qp_23
0625_w16_qp_23_37,37,Which particle is absorbed by a nucleus to cause nuclear fission? A a neutron B a proton C an α-particle D a β-particle    1 © UCLES 2016 0625/23/O/N/16 [Turn over,0625_w16_qp_23
0625_w16_qp_23_38,38,"An α-particle enters a uniform magnetic field directed out of the page.  
uniformmagnetic fieldout of the page
α-particle  In which direction is the α-particle deflected by the field? A into the page B out of the page C to the left D to the right ",0625_w16_qp_23
0625_w16_qp_23_39,39,"Radioactive source S emits α-particles, β-particles and γ-rays. A detector is placed 5
 cm away from S. A thin sheet of paper is placed as shown in the diagram.  
S
5 cmthin sheet of paper
detecto r
  Which emissions from the source can be detected? A α-particles and β-particles only B α-particles and γ-rays only C β-particles and γ-rays only D α-particles, β-particles and γ-rays    1 © UCLES 2016 0625/23/O/N/16",0625_w16_qp_23
0625_w16_qp_23_40,40,"Uranium-238 is radioactive and decays to thorium-234 by the emission of a particle.  
U23892  →  Th23490  +  particle  Which particle is emitted in this process? A an α-particle B a β-particle C a neutron D a proton    19  BLANK PAGE 
© UCLES 2016 0625/23/O/N/16   20  BLANK PAGE 
 
Permission to reproduce items where third-party owned material protected by copyright is included has been sought and cleared w here possible. Every reasonable effort has been made by the publisher (UCLES) to trac e copyright holders, but if any items requiring clearance have unwittingly been included, the publisher will be pleased to make amends  at the earliest possible opportunity.  To avoid the issue of disclosure of ans wer-related information to candidates, all copyright acknowledgements are reproduced onl ine in the Cambridge International Examinations Copyright Acknow ledgements Booklet. This is produced for each  series of examinations and is freely a vailable to download at www.cie.org.uk after the live examination series.  Cambridge International Examinations is part of the Cambridge As sessment Group. Cambridge Assessment is the brand name of Unive rsity of Cambridge Local Examinations Syndicate (UCLES), which is itself a department of the University of Cambridge.  
© UCLES 2016 0625/23/O/N/16   ",0625_w16_qp_23
0625_w17_qp_21_01,1,"A student measures the volume of a cork.  He puts some water into a measuring cylinder and then one glass ball. He puts the cork and then a second, identical glass ball into the water as shown.  
10080604020diagram 1cm3
10080604020diagram 2cm3
10080604020diagram 3cm3
glass ball glass ballcorkglass ball
  Diagram 1 shows the first water level.  Diagram 2 shows the water level after one glass ball is added.  Diagram 3 shows the water level after the cork and the second glass ball are added.  What is the volume of the cork? A 30
 cm3 B 40  cm3 C 50  cm3 D 100  cm3 ",0625_w17_qp_21
0625_w17_qp_21_02,2,"Four balls with different masses are dropped from the heights shown.  Air resistance may be ignored.  Which ball has the smallest average speed?  
4.0  kgA
1.0
 m3.0  kgB
2.0
 m2.0  kgC
3.0
 m1.0  kgD
4.0
 mground
     © UCLES 2017 0625/21/O/N/17 [Turn over",0625_w17_qp_21
0625_w17_qp_21_03,3,An ice crystal falls vertically from a cloud.  What happens to the acceleration of the ice crystal as it falls? A It decreases because of air resistance. B It decreases because of gravity. C It increases because of air resistance. D It increases because of gravity. ,0625_w17_qp_21
0625_w17_qp_21_04,4,"A spring is stretched by hanging a piece of metal from it.  
spring
metal
  Which name is given to the force that stretches the spring? A friction B mass C pressure D weight ",0625_w17_qp_21
0625_w17_qp_21_05,5,"Which object has the greatest weight? A an object of mass 10
 kg in a 15  N  / kg gravitational field B an object of mass 15
 kg in a 13  N  / kg gravitational field C an object of mass 20
 kg in a 9.0  N  / kg gravitational field D an object of mass 50
 kg in a 3.0  N  / kg gravitational field     © UCLES 2017 0625/21/O/N/17",0625_w17_qp_21
0625_w17_qp_21_06,6,"A uniform beam XY is 100  cm long and weighs 4.0  N.  
F XY
8.0  Ncentreof beampivot10  cm60  cm80  cm
  The beam rests on a pivot 60
 cm from end X.  A load of 8.0
 N hangs from the beam 10  cm from end X.  The beam is kept balanced by a force F acting on the beam 80
 cm from end X.  What is the magnitude of force F
 ? A 8.0
 N B 18  N C 22  N D 44  N ",0625_w17_qp_21
0625_w17_qp_21_07,7,"The diagrams show four table lamps resting on a table. The position of the centre of mass of each lamp is labelled X.  Which lamp is the most stable?  
A B C D
XXXXX
XX
     © UCLES 2017 0625/21/O/N/17 [Turn over",0625_w17_qp_21
0625_w17_qp_21_08,8,"The diagram shows an incomplete scale drawing to find the resultant of two 10  N forces acting at a point in the directions shown.  
10  N10
 N
  What is the magnitude of the resultant force? A 7.5
 N B 8.6  N C 18  N D 20  N ",0625_w17_qp_21
0625_w17_qp_21_09,9,"A tennis ball of mass 0.060
 kg travels horizontally at a speed of 25  m  / s. The ball hits a tennis racket and rebounds horizontally at a speed of 40
 m  / s.  
ballracket
before hitting racket25  m / s
after hitting racket40  m / s
  The ball is in contact with the racket for 50
 ms.  What force does the racket exert on the ball? A 0.018
 N B 0.078  N C 18  N D 78  N     © UCLES 2017 0625/21/O/N/17",0625_w17_qp_21
0625_w17_qp_21_10,10,"The diagram shows the path of a stone that is thrown from X and reaches its maximum height at Y.  
path ofstoneYX
  The stone gains 10
 J of gravitational potential energy as it moves from X to Y.  The stone has 2.0
 J of kinetic energy at Y.  Air resistance can be ignored.  How much kinetic energy did the stone have immediately after it was thrown at X? A 2.0
 J B 8.0  J C 10  J D 12  J ",0625_w17_qp_21
0625_w17_qp_21_11,11,"A motor is used to lift a load of 40
 N.  
40  Nloadmotorload liftedthrough 0.50
 m
  The power of the motor is 40
 W and the system is 20% efficient.  How long does it take the motor to lift the load through 0.50
 m? A 0.50
 s B 2.5  s C 5.0  s D 25  s     © UCLES 2017 0625/21/O/N/17 [Turn over",0625_w17_qp_21
0625_w17_qp_21_12,12,"A student runs up a flight of stairs.  
lengthheight
  Which information is not needed to calculate the rate at which the student is doing work against gravity? A the height of the flight of stairs B the length of the flight of stairs C the time taken to run up the stairs D the weight of the student ",0625_w17_qp_21
0625_w17_qp_21_13,13,"The diagram shows a simple mercury barometer.  
908070605040302010cmvacuummetre rule
mercury
  Which length is used to find the value of atmospheric pressure? A 12
 cm B 74  cm C 86  cm D 100  cm     © UCLES 2017 0625/21/O/N/17",0625_w17_qp_21
0625_w17_qp_21_14,14,"The diagram shows a glass flask, sealed with a small volume of mercury in a glass tube. When the flask is gently warmed the mercury rises up the tube.  
airwatermercuryglass tube
  What is the main cause of the movement of the mercury? A expansion of air in the flask B expansion of the glass flask C expansion of the glass tube D expansion of the mercury ",0625_w17_qp_21
0625_w17_qp_21_15,15,"A pollen grain in a beaker of still water is viewed through a microscope.  Which diagram shows the most likely movement of the pollen grain?  
A B C D
     © UCLES 2017 0625/21/O/N/17 [Turn over",0625_w17_qp_21
0625_w17_qp_21_16,16,"The diagram shows an air-filled rubber toy. A child sits on the toy and its volume decreases.  The temperature of the air in the toy does not change.  
  How does the air pressure in the toy change and why?   pressure reason 
A decreases air molecules move more slowly 
B decreases air molecules strike the rubber less frequently 
C increases air molecules move more quickly 
D increases air molecules strike the rubber more frequently 
",0625_w17_qp_21
0625_w17_qp_21_17,17,"A strip of iron and a strip of brass are firmly attached to each other along their entire length. This combination is a bimetallic strip.  
iron stripbrass strip
  This bimetallic strip is heated and it bends as shown.  
fixed supportironbrass
  The bimetallic strip is now cooled and becomes straight again.  What causes the bimetallic strip to become straight again? A The brass contracts more than the iron. B The brass expands more than the iron. C The iron contracts more than the brass. D The iron expands more than the brass.     © UCLES 2017 0625/21/O/N/17",0625_w17_qp_21
0625_w17_qp_21_18,18,"An aluminium block has a mass of 200  g.  The specific heat capacity of aluminium is 900
 J / (kg  °C).  How much energy is needed to raise the temperature of the block from 20
 °C to 110  °C? A 2.0
 J B 200  J C 16  200  J D 16  200  000  J ",0625_w17_qp_21
0625_w17_qp_21_19,19,"Which statement about convection currents is correct? A Convection currents occur because, when cooled, liquids contract and become more dense. B Convection currents occur because, when warmed, liquids expand and become more dense. C Convection currents only occur in liquids. D Convection currents only occur in solids and liquids.    1 © UCLES 2017 0625/21/O/N/17 [Turn over",0625_w17_qp_21
0625_w17_qp_21_20,20,"The diagram represents plane wavefronts of a water wave about to strike a solid barrier.  
wavefronts
  Which diagram shows the position of the wavefronts after reflection at the barrier?  
reflectedAreflectedB
reflectedC
reflectedD
    1 © UCLES 2017 0625/21/O/N/17",0625_w17_qp_21
0625_w17_qp_21_21,21,"The diagram shows an object in front of a plane mirror. A ray of light from the object is incident on the mirror.  
objectQPRS
planemirror
  Through which point does the reflected ray pass, and at which point is the image of the object formed?   point through which reflected ray passes point at which image is formed 
A P R 
B P S 
C Q R 
D Q S 
",0625_w17_qp_21
0625_w17_qp_21_22,22,A laser is a source of light with a single frequency.  Which description of this type of light is correct? A dispersed B focused C monochromatic D refracted ,0625_w17_qp_21
0625_w17_qp_21_23,23,"Visible light, X-rays and microwaves are all components of the electromagnetic spectrum.  Which statement about the waves is correct? A In a vacuum, microwaves travel faster than visible light and have a shorter wavelength. B In a vacuum, microwaves travel at the same speed as visible light and have a shorter wavelength. C In a vacuum, X-rays travel faster than visible light and have a shorter wavelength. D In a vacuum, X-rays travel at the same speed as visible light and have a shorter wavelength.    1 © UCLES 2017 0625/21/O/N/17 [Turn over",0625_w17_qp_21
0625_w17_qp_21_24,24,"The Moon is 380  000  km from the Earth. A laser light beam is directed from the Earth to the Moon. The beam is reflected back to the Earth.  How long does it take for the light to travel to the Moon and back to the Earth? A 1.27
 ms B 2.53  ms C 1.27  s D 2.53  s ",0625_w17_qp_21
0625_w17_qp_21_25,25,"Which wavefront is travelling at a speed closest to that of a sound wave through a solid? A one that moves 10
 m in 0.01  s B one that moves 50
 m in 0.5  s C one that moves 1000
 m in 100  s D one that moves 2000
 m in 2000  s ",0625_w17_qp_21
0625_w17_qp_21_26,26,Different waves travel through air.  Which waves have the greatest difference in speed? A ultrasound waves and sound waves B ultrasound waves and ultraviolet waves C ultraviolet waves and light waves D ultraviolet waves and radio waves ,0625_w17_qp_21
0625_w17_qp_21_27,27,"A student stands 180
 m in front of a vertical, flat cliff and bangs together two pieces of wood to make a short, loud sound.  A timer records the echo of the sound 1.5 seconds after the pieces of wood are banged together.  Based on this result, what is the speed of sound? A 120
 m  / s B 240  m  / s C 270  m  / s D 540  m  / s    1 © UCLES 2017 0625/21/O/N/17",0625_w17_qp_21
0625_w17_qp_21_28,28,"A train of steel nails and a train of iron nails hang from a strong magnet.  
magnettrain ofsteel nails train ofiron nails
  The trains are then carefully removed from the magnet.  What happens to the trains? A Both trains fall apart. B Both trains stay together. C Only the train of iron nails falls apart. D Only the train of steel nails falls apart. ",0625_w17_qp_21
0625_w17_qp_21_29,29,How can a permanent magnet be demagnetised? A Cool the magnet for a long time. B Place it next to another magnet. C Slowly pull it out of a coil connected to an a.c. supply. D Slowly pull it out of a coil connected to a d.c. supply. ,0625_w17_qp_21
0625_w17_qp_21_30,30,"A positively-charged rod is held near to, but not touching, an uncharged metal sphere.  The sphere is briefly now connected to earth.  The rod is removed.  Which statement about the charge on the sphere is correct? A It is charged negatively because negative charges have moved from earth to the sphere. B It is charged negatively because positive charges have moved from the sphere to earth. C It is charged positively because negative charges have moved from the sphere to earth. D It is charged positively because positive charges have moved to earth from the sphere.    1 © UCLES 2017 0625/21/O/N/17 [Turn over",0625_w17_qp_21
0625_w17_qp_21_31,31,"The diagram shows a circuit with a gap between points P and Q.  Four pieces of metal wire of the same material are connected, in turn, between points P and Q in the circuit.  
APQ
  The table gives the diameters and lengths of the wires.  In which wire is the current the largest? diameter
 / mm length  / m 
A 0.10 1.0 
B 0.10 2.0 
C 0.20 1.0 
D 0.20 2.0 
",0625_w17_qp_21
0625_w17_qp_21_32,32,"A torch has a simple circuit with a 3.0
 V battery and a lamp. There is a 20  mA current in the lamp.  How much energy is transferred to the lamp in 5.0 minutes? A 0.30
 J B 18  J C 60  J D 0.30  kJ    1 © UCLES 2017 0625/21/O/N/17",0625_w17_qp_21
0625_w17_qp_21_33,33,"A student connects the circuit shown.  
  Which graph shows the variation with time of the current in the resistor?  
current00 timeA currenttimeB
00
00current
00timeCcurrenttimeD
    1 © UCLES 2017 0625/21/O/N/17 [Turn over",0625_w17_qp_21
0625_w17_qp_21_34,34,"The diagram shows a circuit with a fixed resistor connected in series with a thermistor and an ammeter.  
A
  Which row shows how temperature change affects the resistance of the thermistor and the current in the circuit?   temperature resistance of thermistor current in circuit 
A decreases decreases increases 
B decreases increases decreases 
C increases decreases decreases 
D increases increases increases 
",0625_w17_qp_21
0625_w17_qp_21_35,35,"What does the symbol shown represent?  
  A an AND gate B a NOR gate C a NOT gate D an OR gate    1 © UCLES 2017 0625/21/O/N/17",0625_w17_qp_21
0625_w17_qp_21_36,36,"The diagram shows a copper wire XY connected to a resistor.  The wire is moved in the magnetic field between the poles of a magnet.  There is an induced current in the wire from X to Y.  In which labelled direction is the wire moving?  
NSABCDC
YX
 ",0625_w17_qp_21
0625_w17_qp_21_37,37,"The graph shows how the voltage induced across a coil changes with time as the coil spins in a magnetic field.  
voltage
00
time
  Which graph shows what happens when the coil spins more quickly?  (All graphs are drawn to the same scale.)  
voltageA
00
timevoltageB
00
time
voltageC
00timevoltageD
00time
    1 © UCLES 2017 0625/21/O/N/17 [Turn over",0625_w17_qp_21
0625_w17_qp_21_38,38,"Emissions X and Y from radioactive material are passed through a magnetic field. The diagram shows the direction of the emissions, the direction of the magnetic field and the effect on the emissions.  
emission Xemission Y magnetic fieldinto the page
  Which type of emission is X, and which type of emission is Y?   emission X emission Y 
A α-particles β-particles 
B α-particles γ-rays 
C β-particles α-particles 
D β-particles γ-rays 
",0625_w17_qp_21
0625_w17_qp_21_39,39,"What is meant by the half-life of a radioactive isotope? A half of the time taken for all of the original nuclei to decay B the time taken for half of the original nuclei to decay C the time taken for the charges on all the nuclei to halve D the time taken for the mass of each nucleus to halve      
Permission to reproduce items where third-party owned material protected by copyright is included has been sought and cleared w here possible. Every reasonable effort has been made by the publisher (UCLES) to trac e copyright holders, but if any items requiring clearance have unwittingly been included, the publisher will be pleased to make amends  at the earliest possible opportunity.  To avoid the issue of disclosure of ans wer-related information to candidates, all copyright acknowledgements are reproduced onl ine in the Cambridge International Examinations Copyright Acknow ledgements Booklet. This is produced for each  series of examinations and is freely a vailable to download at www.cie.org.uk after the live examination series.  Cambridge International Examinations is part of the Cambridge As sessment Group. Cambridge Assessment is the brand name of Unive rsity of Cambridge Local Examinations Syndicate (UCLES), which is itself a department of the University of Cambridge.  
© UCLES 2017 0625/21/O/N/17",0625_w17_qp_21
0625_w17_qp_21_40,40,"The rate of emission of a radioactive source is measured until the reading reaches the background rate of 20 counts per minute.  The results are shown.  
0 1 02 03 04 05 06 02001901801701601501401301201101009080706050403020100rate of emissioncounts / minute
time  / minute  What is the best estimate of the half-life of the source? A 10 minutes B 12 minutes C 14 minutes D 30 minutes    ",0625_w17_qp_21
0625_w17_qp_22_01,1,"A student investigates the rate of flow of oil through a funnel.  The diagrams show the experiment and the volume of oil in the measuring cylinder at the start of the experiment, and one minute later.  
80604020
cm380604020cm
3
initialmeasurementafter 1.0minute
  What is the rate of flow of oil through the funnel during the one minute? A 0.73
 cm3
 / s B 0.80  cm3
 / s C 44  cm3
 / s D 48  cm3
 / s ",0625_w17_qp_22
0625_w17_qp_22_02,2,"Four balls with different masses are dropped simultaneously from the heights shown.  Air resistance may be ignored.  Which ball hits the floor last?  
1.0  kgA
0.5
 m2.0  kgB
1.0
 m3.0  kgC
1.5
 m4.0  kgD
2.0
 mground
     © UCLES 2017 0625/22/O/N/17 [Turn over",0625_w17_qp_22
0625_w17_qp_22_03,3,"The gravitational field strength on the Earth is greater than the gravitational field strength on the Moon. The Earth has an atmosphere, but the Moon does not.  Which speed-time graph represents the motion of a light ball dropped from a great height near the surface of the Earth and near the surface of the Moon?  
00speedtimeAEarthMoon
00speedtimeBEarthMoon
00speedtimeCEarthMoon
00speedtimeDEarthMoon
 ",0625_w17_qp_22
0625_w17_qp_22_04,4,"A spring is stretched by hanging a piece of metal from it.  
spring
metal
  Which name is given to the force that stretches the spring? A friction B mass C pressure D weight     © UCLES 2017 0625/22/O/N/17",0625_w17_qp_22
0625_w17_qp_22_05,5,"A body of mass m has a weight W in a location where the gravitational field strength is g.  Which statement about these quantities is correct? A m and W are both forces. B m and W are both vector quantities. C m and W are related by the equation 
mW= g. D m and W have the same unit. ",0625_w17_qp_22
0625_w17_qp_22_06,6,"An object is pivoted at point P. A student ties a length of string to a peg on the object. He pulls the string with a force F.  
PqrstF
objectstringpeg
  What is the moment of the force F about the point P? A F × q B F × r C F × s D F × t ",0625_w17_qp_22
0625_w17_qp_22_07,7,"Each diagram shows a metal plate with four parallel forces acting on it. These are the only forces acting on the plates.  In which diagram is the plate in equilibrium?  
A
1.0  N2.0
 N2.0 N1.0
 NB
2.0  N1.0
 N1.0 N2.0
 N
C
1.0  N2.0
 N1.0 N2.0
 ND
2.0  N2.0
 N1.0 N2.0
 N    © UCLES 2017 0625/22/O/N/17 [Turn over",0625_w17_qp_22
0625_w17_qp_22_08,8,"The diagram shows an incomplete scale drawing to find the resultant of two 10  N forces acting at a point in the directions shown.  
10  N10
 N
  What is the magnitude of the resultant force? A 7.5
 N B 8.6  N C 18  N D 20  N ",0625_w17_qp_22
0625_w17_qp_22_09,9,"A ball has a mass of 0.30
 kg. It moves horizontally with a speed of 3.0  m  / s in the direction shown.  The ball hits a wall.  
before hitting the wall3.0 m / s
after hitting the wall2.0 m / swallballwall
ball
  The ball rebounds from the wall with a horizontal speed of 2.0
 m  / s.  What is the change in momentum of the ball? A 0.30
 kg  m  / s B 1.0  kg  m  / s C 1.5  kg  m  / s D 5.0  kg  m  / s ",0625_w17_qp_22
0625_w17_qp_22_10,10,"An object has a mass of 500
 kg.  It moves with a speed of 30
 m  / s.  What is its kinetic energy? A 7.5
 kJ B 15  kJ C 225  kJ D 450  kJ     © UCLES 2017 0625/22/O/N/17",0625_w17_qp_22
0625_w17_qp_22_11,11,"Different processes have different efficiencies.  Which row shows the most efficient process?   energy input
 / J useful energy output  / J 
A 10  B 40  C 100 2 D 2000 250 
",0625_w17_qp_22
0625_w17_qp_22_12,12,"A student runs up a flight of stairs.  
lengthheight
  Which information is not needed to calculate the rate at which the student is doing work against gravity? A the height of the flight of stairs B the length of the flight of stairs C the time taken to run up the stairs D the weight of the student     © UCLES 2017 0625/22/O/N/17 [Turn over",0625_w17_qp_22
0625_w17_qp_22_13,13,"The diagram shows a simple mercury barometer.  
908070605040302010cmvacuummetre rule
mercury
  Which length is used to find the value of atmospheric pressure? A 12
 cm B 74  cm C 86  cm D 100  cm ",0625_w17_qp_22
0625_w17_qp_22_14,14,"A pollen grain in a beaker of still water is viewed through a microscope.  Which diagram shows the most likely movement of the pollen grain?  
A B C D
     © UCLES 2017 0625/22/O/N/17",0625_w17_qp_22
0625_w17_qp_22_15,15,"The diagram shows an air-filled rubber toy. A child sits on the toy and its volume decreases.  The temperature of the air in the toy does not change.  
  How does the air pressure in the toy change and why?   pressure reason 
A decreases air molecules move more slowly 
B decreases air molecules strike the rubber less frequently 
C increases air molecules move more quickly 
D increases air molecules strike the rubber more frequently 
",0625_w17_qp_22
0625_w17_qp_22_16,16,"The diagram shows a glass flask, sealed with a small volume of mercury in a glass tube. When the flask is gently warmed the mercury rises up the tube.  
airwatermercuryglass tube
  What is the main cause of the movement of the mercury? A expansion of air in the flask B expansion of the glass flask C expansion of the glass tube D expansion of the mercury     © UCLES 2017 0625/22/O/N/17 [Turn over",0625_w17_qp_22
0625_w17_qp_22_17,17,"Which row identifies the fixed points on the Celsius scale?   lower fixed point upper fixed point 
A boiling point of mercury melting point of pure ice 
B boiling point of pure water melting point of pure ice 
C melting point of mercury boiling point of pure water 
D melting point of pure ice boiling point of pure water 
",0625_w17_qp_22
0625_w17_qp_22_18,18,"Aluminium has a specific heat capacity of 900
 J / (kg  °C).  The internal energy of a 2.0
 kg block of aluminium increases by 13  500  J.  By how much does the temperature of the block increase? A 0.067
 °C B 0.13  °C C 7.5  °C D 15  °C ",0625_w17_qp_22
0625_w17_qp_22_19,19,Why does a balloon filled with hot air rise? A Cold air is less dense than hot air. B Cold air is more dense than hot air. C Heat rises. D The density of the balloon is greater than the density of the surrounding gas.     © UCLES 2017 0625/22/O/N/17,0625_w17_qp_22
0625_w17_qp_22_20,20,"The diagram represents plane wavefronts of a water wave about to strike a solid barrier.  
wavefronts
  Which diagram shows the position of the wavefronts after reflection at the barrier?  
reflectedAreflectedB
reflectedC
reflectedD
    1 © UCLES 2017 0625/22/O/N/17 [Turn over",0625_w17_qp_22
0625_w17_qp_22_21,21,"The diagram shows an object O in front of a thin converging lens of focal length f.  At which point will the lens form a sharp image of the object?  
ffABCDO
 ",0625_w17_qp_22
0625_w17_qp_22_22,22,"The diagram shows a ray of light incident on the surface of a rectangular glass block at 90 ° to the surface.  
ray of light
glass block
  Which quantities remain unchanged as the light enters the glass block? A direction and frequency B direction and speed C frequency and speed D speed and wavelength ",0625_w17_qp_22
0625_w17_qp_22_23,23,Which piece of equipment is designed to produce a type of electromagnetic wave? A electric fire B electric generator C electric motor D electromagnet ,0625_w17_qp_22
0625_w17_qp_22_24,24,"The Moon is 380
 000  km from the Earth. A laser light beam is directed from the Earth to the Moon. The beam is reflected back to the Earth.  How long does it take for the light to travel to the Moon and back to the Earth? A 1.27
 ms B 2.53  ms C 1.27  s D 2.53  s    1 © UCLES 2017 0625/22/O/N/17",0625_w17_qp_22
0625_w17_qp_22_25,25,Different waves travel through air.  Which waves have the greatest difference in speed? A ultrasound waves and sound waves B ultrasound waves and ultraviolet waves C ultraviolet waves and light waves D ultraviolet waves and radio waves ,0625_w17_qp_22
0625_w17_qp_22_26,26,"The speed of sound is different in different states of matter.  The speed of sound in water is 1500
 m  / s.  Which row correctly compares the speed of sound in ice and the speed of sound in steam with the speed of sound in water?   speed of sound in ice 
m  / s speed of sound in steam m  / s 
A less than 1500 less than 1500 
B less than 1500 more than 1500 
C more than 1500 less than 1500 
D more than 1500 more than 1500 
",0625_w17_qp_22
0625_w17_qp_22_27,27,"A student finds that it takes sound 0.33 seconds to travel 100 metres.  From this information, what is the speed of sound? A 30
 m  / s B 60  m  / s C 300  m  / s D 600  m  / s    1 © UCLES 2017 0625/22/O/N/17 [Turn over",0625_w17_qp_22
0625_w17_qp_22_28,28,"A train of steel nails and a train of iron nails hang from a strong magnet.  
magnettrain ofsteel nails train ofiron nails
  The trains are then carefully removed from the magnet.  What happens to the trains? A Both trains fall apart. B Both trains stay together. C Only the train of iron nails falls apart. D Only the train of steel nails falls apart. ",0625_w17_qp_22
0625_w17_qp_22_29,29,An old and expensive steel watch becomes magnetised.  The owner wants to use the watch again. He must demagnetise the watch.  What is the best method to do this? A Insert the watch in a solenoid that carries alternating current and then slowly remove it. B Insert the watch in a solenoid that carries direct current and then slowly remove it. C Pass alternating current through the watch. D Pass direct current through the watch. ,0625_w17_qp_22
0625_w17_qp_22_30,30,"Which diagram represents the electric field due to a negatively-charged conducting sphere?  
A
– – – –BCD
    1 © UCLES 2017 0625/22/O/N/17",0625_w17_qp_22
0625_w17_qp_22_31,31,"The diagram shows a circuit with a gap between points P and Q.  Four pieces of metal wire of the same material are connected, in turn, between points P and Q in the circuit.  
APQ
  The table gives the diameters and lengths of the wires.  In which wire is the current the largest? diameter
 / mm length  / m 
A 0.10 1.0 
B 0.10 2.0 
C 0.20 1.0 
D 0.20 2.0 
",0625_w17_qp_22
0625_w17_qp_22_32,32,"The graph shows the way in which one physical quantity y varies with another physical quantity x.  
00yx
  Which row gives suitable quantities for y and x?   y x 
A  the number of atoms of a radioactive isotope present the time taken  
B  the potential difference across a metallic conductor the current in the metallic conductor  
C the resistance of a length of wire the diameter of the wire 
D  the volume of a 1.0  kg object  the density of the material from which the object is made 
   1 © UCLES 2017 0625/22/O/N/17 [Turn over",0625_w17_qp_22
0625_w17_qp_22_33,33,"The potential difference across a car headlamp is 12  V. The current in the lamp is 2.5  A.  How much energy is transferred by the lamp in 1.0 hour? A 1800
 J B 1800  W C 108  000  J D 108  000  W ",0625_w17_qp_22
0625_w17_qp_22_34,34,"The diagram shows a circuit with a fixed resistor connected in series with a thermistor and an ammeter.  
A
  Which row shows how temperature change affects the resistance of the thermistor and the current in the circuit?   temperature resistance of thermistor current in circuit 
A decreases decreases increases 
B decreases increases decreases 
C increases decreases decreases 
D increases increases increases 
   1 © UCLES 2017 0625/22/O/N/17",0625_w17_qp_22
0625_w17_qp_22_35,35,"An incomplete truth table for a NAND gate is shown.  input P input Q output 
0 0 W 
0 1 X 
1 0 Y 
1 1 Z 
 What are the values of W, X, Y and Z?   W X Y Z 
A 0 0 0  B 0 1 1  C 1 0 0 0 
D 1 1 1 0 
",0625_w17_qp_22
0625_w17_qp_22_36,36,"The diagram shows a wire hanging freely between the poles of a magnet. There is a current in the wire in the direction shown.  
S N
currentwire
  The magnet and current cause a force to act on the wire.  In which direction does this force act? A into the page (away from you) B out of the page (toward you) C to the left D to the right    1 © UCLES 2017 0625/22/O/N/17 [Turn over",0625_w17_qp_22
0625_w17_qp_22_37,37,"A 100% efficient transformer has 6000 turns on its primary coil and 600 turns on its secondary coil. The output voltage of the transformer is 12
 V.  A resistor is connected across the secondary coil and dissipates 24
 W of power.  
primary coil6000 turns secondary coil600 turns
 output voltage 12  Vpower 24
 W
  What is the current in the primary coil of the transformer? A 0.050
 A B 0.20  A C 5.0  A D 20  A ",0625_w17_qp_22
0625_w17_qp_22_38,38,"In the diagram, the circle represents an atom (not to scale) with the nucleus at its centre.  A particle is emitted by a radioactive source and approaches the nucleus of the atom. The curved arrow shows the path of the particle.  
path ofparticlenucleus
  What is the nature and charge of the particle?   nature of particle charge of particle 
A α-particle negative 
B α-particle positive 
C β-particle negative 
D β-particle positive 
   1 © UCLES 2017 0625/22/O/N/17",0625_w17_qp_22
0625_w17_qp_22_39,39,"Which row describes the behaviour of γ-rays in an electric field and in a magnetic field?   electric field magnetic field 
A deflected deflected 
B deflected undeflected 
C undeflected deflected 
D undeflected undeflected 
",0625_w17_qp_22
0625_w17_qp_22_40,40,"A radioactive source has a half-life of 0.5 hours.  A detector near the source shows a reading of 6000 counts per second.  Background radiation can be ignored.  What is the reading on the detector 1.5 hours later? A 750 counts per second B 1500 counts per second C 2000 counts per second D 3000 counts per second    1 © UCLES 2017 0625/22/O/N/17  BLANK PAGE   
Permission to reproduce items where third-party owned material protected by copyright is included has been sought and cleared w here possible. Every reasonable effort has been made by the publisher (UCLES) to trac e copyright holders, but if any items requiring clearance have unwittingly been included, the publisher will be pleased to make amends  at the earliest possible opportunity.  To avoid the issue of disclosure of ans wer-related information to candidates, all copyright acknowledgements are reproduced onl ine in the Cambridge International Examinations Copyright Acknow ledgements Booklet. This is produced for each  series of examinations and is freely a vailable to download at www.cie.org.uk after the live examination series.  Cambridge International Examinations is part of the Cambridge As sessment Group. Cambridge Assessment is the brand name of Unive rsity of Cambridge Local Examinations Syndicate (UCLES), which is itself a department of the University of Cambridge.  
© UCLES 2017 0625/22/O/N/17  BLANK PAGE ",0625_w17_qp_22
0625_w17_qp_23_01,1,"A measuring cylinder contains some water. A small metal block is slowly lowered into the water and is then removed.  Finally a piece of plastic is attached to the metal block and the block is again slowly lowered into the water.  The diagrams show the measuring cylinder at each stage of this process.  
100908070605040302010cm31
100908070605040302010cm32
100908070605040302010cm33
metal block metal block
plastic
  What is the volume of the piece of plastic? A 10
 cm3 B 25  cm3 C 70  cm3 D 80  cm3 ",0625_w17_qp_23
0625_w17_qp_23_02,2,"Four balls with different masses are dropped simultaneously from the heights shown.  Air resistance may be ignored.  Which ball hits the floor first?  
1.0  kgA
0.5
 m2.0  kgB
1.0
 m3.0  kgC
1.5
 m4.0  kgD
2.0
 mground
     © UCLES 2017 0625/23/O/N/17 [Turn over",0625_w17_qp_23
0625_w17_qp_23_03,3,"The diagram shows the vertical forces acting on a ball as it falls vertically through the air. The ball does not reach terminal velocity.  
air resistance
weight
  Which row describes what happens to the resultant force on the ball and what happens to the acceleration of the ball as it falls through the air?   resultant force acceleration 
A decreases decreases 
B decreases increases 
C increases decreases 
D increases increases 
",0625_w17_qp_23
0625_w17_qp_23_04,4,"A spring is stretched by hanging a piece of metal from it.  
spring
metal
  Which name is given to the force that stretches the spring? A friction B mass C pressure D weight     © UCLES 2017 0625/23/O/N/17",0625_w17_qp_23
0625_w17_qp_23_05,5,"On the Moon, all objects fall with the same acceleration.  Which statement explains this? A On the Moon, all objects have the same weight. B The Moon has a smaller gravitational field strength than the Earth. C The weight of an object is directly proportional to its mass. D The weight of an object is inversely proportional to its mass. ",0625_w17_qp_23
0625_w17_qp_23_06,6,"A pair of cutters is used to cut a rope.  
RSQPblade
bladehandle
handle
  Where should the rope be positioned and at which labelled points should the hands be positioned to produce the greatest cutting force?   rope positioned hands positioned 
A P R 
B P S 
C Q R 
D Q S 
    © UCLES 2017 0625/23/O/N/17 [Turn over",0625_w17_qp_23
0625_w17_qp_23_07,7,"The lamp in the diagram is not very stable and falls over easily.  
basestemshade
  Which row shows changes that would definitely make the lamp more stable?   base centre of gravity 
A narrower higher 
B narrower lower 
C wider higher 
D wider lower 
",0625_w17_qp_23
0625_w17_qp_23_08,8,"The diagram shows an incomplete scale drawing to find the resultant of two 10
 N forces acting at a point in the directions shown.  
10  N10
 N
  What is the magnitude of the resultant force? A 7.5
 N B 8.6  N C 18  N D 20  N     © UCLES 2017 0625/23/O/N/17",0625_w17_qp_23
0625_w17_qp_23_09,9,"An object has a mass of 60  kg.  It decelerates from 50
 m  / s to 20  m  / s when a resultant force of 300  N acts on it.  For how long does the force act? A 0.071
 s B 0.17  s C 6.0  s D 14  s ",0625_w17_qp_23
0625_w17_qp_23_10,10,"A car, starting from rest at position X, accelerates up a hill. The car reaches a speed of 10
 m  / s at position Y.  The kinetic energy of the car at position Y is equal to its gain in gravitational potential energy from X to Y.  
XYgain inheightof car
  Take the gravitational field strength g to be 10
 N  / kg.  What is the gain in height of the car between X and Y? A 0.50
 m B 5.0  m C 10  m D 50  m ",0625_w17_qp_23
0625_w17_qp_23_11,11,"A 150
 W filament lamp has an efficiency of 10%. A 40  W compact fluorescent lamp (CFL) has an efficiency of 30%.  Each lamp is switched on for the same amount of time.  Which lamp produces more light and which lamp converts more energy into other forms of energy?   produces more light converts more energy into other forms 
A CFL lamp CFL lamp 
B CFL lamp filament lamp 
C filament lamp CFL lamp 
D filament lamp filament lamp 
    © UCLES 2017 0625/23/O/N/17 [Turn over",0625_w17_qp_23
0625_w17_qp_23_12,12,"A student runs up a flight of stairs.  
lengthheight
  Which information is not needed to calculate the rate at which the student is doing work against gravity? A the height of the flight of stairs B the length of the flight of stairs C the time taken to run up the stairs D the weight of the student ",0625_w17_qp_23
0625_w17_qp_23_13,13,"The diagram shows a simple mercury barometer.  
908070605040302010cmvacuummetre rule
mercury
  Which length is used to find the value of atmospheric pressure? A 12
 cm B 74  cm C 86  cm D 100  cm     © UCLES 2017 0625/23/O/N/17",0625_w17_qp_23
0625_w17_qp_23_14,14,"A pollen grain in a beaker of still water is viewed through a microscope.  Which diagram shows the most likely movement of the pollen grain?  
A B C D
 ",0625_w17_qp_23
0625_w17_qp_23_15,15,"The diagram shows an air-filled rubber toy. A child sits on the toy and its volume decreases.  The temperature of the air in the toy does not change.  
  How does the air pressure in the toy change and why?   pressure reason 
A decreases air molecules move more slowly 
B decreases air molecules strike the rubber less frequently 
C increases air molecules move more quickly 
D increases air molecules strike the rubber more frequently 
    © UCLES 2017 0625/23/O/N/17 [Turn over",0625_w17_qp_23
0625_w17_qp_23_16,16,"The diagram shows a glass flask, sealed with a small volume of mercury in a glass tube. When the flask is gently warmed the mercury rises up the tube.  
airwatermercuryglass tube
  What is the main cause of the movement of the mercury? A expansion of air in the flask B expansion of the glass flask C expansion of the glass tube D expansion of the mercury ",0625_w17_qp_23
0625_w17_qp_23_17,17,Which property cannot be used for the measurement of temperature? A half-life of a radioactive isotope B length of a solid metal bar C pressure of a gas D volume of a liquid ,0625_w17_qp_23
0625_w17_qp_23_18,18,"A student uses an immersion heater to heat some water in a beaker.  The water is heated from 20
 °C to 80  °C.  The energy supplied to the water is 60.0
 kJ.  What is the thermal capacity of the water? (Ignore any heat loss.) A 667
 J / °C B 750  J / °C C 1000  J / °C D 3000  J / °C     © UCLES 2017 0625/23/O/N/17",0625_w17_qp_23
0625_w17_qp_23_19,19,Why is the heating coil of a domestic immersion heater placed at the bottom of the tank? A Cold water is less dense than hot water and therefore sinks. B Cold water is more dense than hot water and therefore rises. C Hot water is less dense than cold water and therefore rises. D Hot water is more dense than cold water and therefore sinks. ,0625_w17_qp_23
0625_w17_qp_23_20,20,"The diagram represents plane wavefronts of a water wave about to strike a solid barrier.  
wavefronts
  Which diagram shows the position of the wavefronts after reflection at the barrier?  
reflectedAreflectedB
reflectedC
reflectedD
    1 © UCLES 2017 0625/23/O/N/17 [Turn over",0625_w17_qp_23
0625_w17_qp_23_21,21,"The diagram shows a ray of light in glass. The ray reaches a boundary with air.  One weak ray of light is missing from the diagram.  
50°airglass
  Which statement is correct? A At the boundary, the speed of the light will become less. B The critical angle for light at this boundary is 50 °. C The diagram shows an example of diffraction of light. D The missing ray is a weak reflected ray. ",0625_w17_qp_23
0625_w17_qp_23_22,22,"Light travelling in air enters a plastic block at an angle of incidence of 62 °.  The plastic has a refractive index of 1.48.  
62°
ray oflightplastic block
  What is the angle of refraction? A 18° B 28° C 37° D 42°    1 © UCLES 2017 0625/23/O/N/17",0625_w17_qp_23
0625_w17_qp_23_23,23,"A sound wave travels from a medium in one state into the same medium but in another state. This causes the speed of the wave to change from approximately 300
 m  / s to approximately 3000
 m  / s.  Between which two states is the sound wave travelling? A gas to solid B liquid to gas C liquid to solid D solid to liquid ",0625_w17_qp_23
0625_w17_qp_23_24,24,"The Moon is 380
 000  km from the Earth. A laser light beam is directed from the Earth to the Moon. The beam is reflected back to the Earth.  How long does it take for the light to travel to the Moon and back to the Earth? A 1.27
 ms B 2.53  ms C 1.27  s D 2.53  s ",0625_w17_qp_23
0625_w17_qp_23_25,25,Which statement about radio waves is correct? A They are used in television remote controllers. B They can be detected by the human eye. C They travel as longitudinal waves. D They have the same speed in a vacuum as ultraviolet waves. ,0625_w17_qp_23
0625_w17_qp_23_26,26,"The diagram shows the Earth and its surroundings.  Through which labelled region can sound not be transmitted?  
Asea(water)Bland(rock)Catmosphere(air)Douter space(vacuum)
not to scale
   1 © UCLES 2017 0625/23/O/N/17 [Turn over",0625_w17_qp_23
0625_w17_qp_23_27,27,Different waves travel through air.  Which waves have the greatest difference in speed? A ultrasound waves and sound waves B ultrasound waves and ultraviolet waves C ultraviolet waves and light waves D ultraviolet waves and radio waves ,0625_w17_qp_23
0625_w17_qp_23_28,28,"A train of steel nails and a train of iron nails hang from a strong magnet.  
magnettrain ofsteel nails train ofiron nails
  The trains are then carefully removed from the magnet.  What happens to the trains? A Both trains fall apart. B Both trains stay together. C Only the train of iron nails falls apart. D Only the train of steel nails falls apart. ",0625_w17_qp_23
0625_w17_qp_23_29,29,What is the best method to demagnetise a steel rod? A Pass the rod through a coil connected to an a.c. supply. B Pass the rod through a coil connected to a d.c. supply. C Place the rod next to another magnet. D Stroke the rod with another magnet. ,0625_w17_qp_23
0625_w17_qp_23_30,30,There is a current in a metal wire.  Which particles in the wire move to cause this current? A α-particles B electrons C neutrons D protons    1 © UCLES 2017 0625/23/O/N/17,0625_w17_qp_23
0625_w17_qp_23_31,31,"The diagram shows a circuit with a gap between points P and Q.  Four pieces of metal wire of the same material are connected, in turn, between points P and Q in the circuit.  
APQ
  The table gives the diameters and lengths of the wires.  In which wire is the current the largest? diameter
 / mm length  / m 
A 0.10 1.0 
B 0.10 2.0 
C 0.20 1.0 
D 0.20 2.0 
",0625_w17_qp_23
0625_w17_qp_23_32,32,"A battery is connected to a circuit. It is switched on for 1.0 minute. During that time, there is a current of 0.40
 A in the circuit and the battery supplies a total of 48  J of energy.  Which row gives the charge that passes and the electromotive force (e.m.f.) of the battery?   charge that passes in 1.0 minute
 / C e.m.f. of the battery  / V 
A 0.40 2.0 
B 0.40 1 C 24 2.0 
D 24 1    1 © UCLES 2017 0625/23/O/N/17 [Turn over",0625_w17_qp_23
0625_w17_qp_23_33,33,"Identical cells and identical resistors are used to make the circuits shown.  
A A
circuit 1 circuit 2
  In circuit 1, the ammeter reads 2.0
 A.  What is the ammeter reading in circuit 2? A 1.0
 A B 2.0  A C 4.0  A D 8.0  A ",0625_w17_qp_23
0625_w17_qp_23_34,34,"The diagram shows a circuit with a fixed resistor connected in series with a thermistor and an ammeter.  
A
  Which row shows how temperature change affects the resistance of the thermistor and the current in the circuit?   temperature resistance of thermistor current in circuit 
A decreases decreases increases 
B decreases increases decreases 
C increases decreases decreases 
D increases increases increases 
   1 © UCLES 2017 0625/23/O/N/17",0625_w17_qp_23
0625_w17_qp_23_35,35,"The diagram shows an AND gate and an OR gate connected together.  
outputXYZ
  Which combination of inputs X, Y and Z gives an output of 0?   X Y Z 
A 0 0  B 0 1  C 1 0 0 
D 1 1 0 
",0625_w17_qp_23
0625_w17_qp_23_36,36,"The diagram shows a short-circuited copper coil swinging about an axis at right-angles to a strong magnetic field. The motion induces a current in the coil.  
magnetic fieldaxis of rotationof coil
coil
direction ofswing of coil
  What is the effect, if any, of this induced current in the coil? A The induced current has no effect on the movement of the coil because copper is non-magnetic. B The induced current produces a magnetic field of constant magnitude in the coil. C The induced current produces forces that assist the change causing it. D The induced current produces forces that oppose the changes causing it.    1 © UCLES 2017 0625/23/O/N/17 [Turn over",0625_w17_qp_23
0625_w17_qp_23_37,37,"Diagram 1 shows a magnet being pushed into a coil that is connected to a centre-zero galvanometer.  
NS
diagram 1
0NSdiagram 20
NSdiagram 30stationarymagnet
  Which row shows the directions of the pointer when the magnet is as shown in diagrams 2  and 3?   diagram 2 diagram  A 
  
B 
  
C 
  
D 
  
   1 © UCLES 2017 0625/23/O/N/17",0625_w17_qp_23
0625_w17_qp_23_38,38,"Radioactive carbon-14 decays to nitrogen-14 by the emission of a particle.  
C146  →  N147  +  particle  Which particle has been emitted in this process? A a β-particle B an α-particle C a neutron D a proton ",0625_w17_qp_23
0625_w17_qp_23_39,39,"As α-particles pass through the electric field be tween two charged plates, they are deflected downwards.  
+++++++++
–––––––––α-particles
  What happens to γ-rays passing through the same electric field? A They are deflected downwards more than the α-particles. B They are deflected upwards. C They are not deflected at all. D They follow the same path as the α-particles. ",0625_w17_qp_23
0625_w17_qp_23_40,40,"Radioactive iodine-131 emits β-particles and has a half-life of 8 days. It decays to produce  xenon-131.  Which statement about this decay is correct? A After 8 days no more β-particles are emitted. B After 8 days the number of xenon-131 atoms has halved. C After 16 days the iodine-131 has decayed completely. D After 16 days the number of iodine-131 atoms has reduced to one quarter.    1 © UCLES 2017 0625/23/O/N/17  BLANK PAGE   
Permission to reproduce items where third-party owned material protected by copyright is included has been sought and cleared w here possible. Every reasonable effort has been made by the publisher (UCLES) to trac e copyright holders, but if any items requiring clearance have unwittingly been included, the publisher will be pleased to make amends  at the earliest possible opportunity.  To avoid the issue of disclosure of ans wer-related information to candidates, all copyright acknowledgements are reproduced onl ine in the Cambridge International Examinations Copyright Acknow ledgements Booklet. This is produced for each  series of examinations and is freely a vailable to download at www.cie.org.uk after the live examination series.  Cambridge International Examinations is part of the Cambridge As sessment Group. Cambridge Assessment is the brand name of Unive rsity of Cambridge Local Examinations Syndicate (UCLES), which is itself a department of the University of Cambridge.  
© UCLES 2017 0625/23/O/N/17  BLANK PAGE ",0625_w17_qp_23
