question_id,text,x_corr,y_corr
0625_m15_qp_12_01,"1  A student uses a measuring cylinder to measure the volume of some water. The diagram shows 
",49.60629,75.2325464
0625_m15_qp_12_02,"2  The graph represents the motion of a train travelling between two stations. 
 
",49.60732576,329.0477395
0625_m15_qp_12_03,"3  A car travels 6.0 km along a main road in 6.0 minutes. It then travels 2.0 km along a minor road in 
",49.60629,75.2325464
0625_m15_qp_12_04,"4  Two metal blocks P and Q have identical dimensions. They hang on identical spring balances. 
 
",49.60603616,374.4866931
0625_m15_qp_12_05,"5  A person measures the length, width, height and mass of a metal block with rectangular sides. 
 
",49.60629,87.87531718
0625_m15_qp_12_06,"6  The diagram shows the only three forces acting on an object. 
 
",49.60629,239.7009702
0625_m15_qp_12_07,"7  A uniform rod rests on a pivot at its centre. The rod is not attached to the pivot. Forces are then 
",49.60651576,431.5483446
0625_m15_qp_12_08,"8  A  helicopter  takes  off  from  the  ground  and  rises  vertically.  It  then  hovers  at  a  constant  height 
",49.60629,75.2325464
0625_m15_qp_12_09,"9  Four people of equal weight on a beach use different routes to get to the top of a sea wall. 
 
",49.60607003,255.6587688
0625_m15_qp_12_10,"10  A vehicle sinks into soft ground. 
 
 
 
",49.60629,619.8543862
0625_m15_qp_12_11,"11  A manometer is used to measure the pressure of a gas trapped in a cylinder. 
 
",49.60629,87.87531718
0625_m15_qp_12_12,"12  Extremely small pollen grains in water are viewed through a microscope. The grains are seen to 
",49.60679046,329.1036928
0625_m15_qp_12_13,"13  A gas is compressed in a sealed cylinder by moving a piston. 
 
",49.60679046,516.3054795
0625_m15_qp_12_14,"14  When steam condenses it becomes liquid water. When liquid water solidifies it becomes ice. 
 
",49.60629,87.87531718
0625_m15_qp_12_15,"15  A thermometer has graduations which start at –10 
 
",49.60629,296.7314949
0625_m15_qp_12_16,"16  What is the name of the process of heat transfer using electromagnetic waves? 
",49.60629,534.133788
0625_m15_qp_12_17,"17  Ice is trapped by a metal gauze at the bottom of a tube containing water. 
 
",49.60629,87.87531718
0625_m15_qp_12_18,"18  A transverse wave moves along a rope. 
 
",49.60767312,424.6599845
0625_m15_qp_12_19,"19  The diagram shows a water wave passing through a gap in a harbour wall. The wavefronts curve 
",49.60629,75.2325464
0625_m15_qp_12_20,"20  Which labelled distance is the focal length of the lens? 
 
",49.60629,462.5594446
0625_m15_qp_12_21,"21  A ray of light is reflected by two parallel plane mirrors X and Y. 
 
",49.60629,87.87531718
0625_m15_qp_12_22,"22  How do infra-red waves differ from ultraviolet waves? 
",49.60842445,368.0224155
0625_m15_qp_12_23,"23  What is the approximate range of audible sound frequencies for a human with good hearing? 
",49.60820448,494.562527
0625_m15_qp_12_24,"24  A pulse of sound is produced at the bottom of a boat. The sound travels through the water and is 
reflected from the sea-bed. The sound reaches the boat again after 1.3 s. The sea-bed is 1000 m 
below the boat. 
",49.60629,100.5177272
0625_m15_qp_12_25,"25  Which metal is suitable to use to make a permanent magnet? 
",49.6071028,320.0617446
0625_m15_qp_12_26,"26  The diagram shows two magnets and two iron rods placed in a line. 
 
",49.60699282,459.2446269
0625_m15_qp_12_27,"27  A teacher wishes to show the production of electrostatic charges. 
 
",49.60629,87.87531718
0625_m15_qp_12_28,"28  A student wishes to determine the resistance of a resistor. She uses an ammeter and a voltmeter 
",49.60629,265.0149977
0625_m15_qp_12_29,"29  A battery is connected to two crocodile clips and a lamp. 
 
",49.60568834,87.87531718
0625_m15_qp_12_30,"30  In which circuit can the lamps be switched on and off independently? 
 
",49.60629,87.87531718
0625_m15_qp_12_31,"31  Two resistors, with resistances R1 and R2, are connected in parallel. 
 
",49.6071216,449.4627172
0625_m15_qp_12_32,"32  In the circuit shown, the switch is closed for a long time, then opened. 
 
",49.60629,87.87531718
0625_m15_qp_12_33,"33  Either a fuse or a circuit-breaker can be used to protect electrical cables from large currents that 
",49.60677912,430.6975578
0625_m15_qp_12_34,"34  Which device uses slip rings? 
",49.60629,75.2325464
0625_m15_qp_12_35,"35  The diagram shows a coil of wire connected to a voltmeter. 
 
",49.60618002,214.4144388
0625_m15_qp_12_36,"36  A step-down transformer is used to light a 12 V lamp from a 240 V mains supply. The lamp lights 
",49.60658048,499.8914286
0625_m15_qp_12_37,"37  What happens in the process of thermionic emission? 
",49.60629,75.2325464
0625_m15_qp_12_38,"38  Which  row  shows  the  relative  ionising  effects  and  penetrating  abilities  of  α-particles  and  
",49.60618002,202.5085608
0625_m15_qp_12_39,"39  A radioactive substance has a half-life of 2 weeks. At the beginning of an investigation, a sample 
",49.60629,372.0205638
0625_m15_qp_12_40,"40  A nuclide has the symbol  C14
 
",49.60658352,492.2084712
0625_m16_qp_22_01,"1  The diameter of a copper wire is thought to be approximately 0.3 mm. 
 
",49.60629,87.87531718
0625_m16_qp_22_02,"2  Which is a unit of acceleration? 
",49.6073309,239.7002004
0625_m16_qp_22_03,"3  An  object  is  released  from  rest  and  falls  to  Earth.  During  its  fall,  the  object  is  affected  by  air 
",49.60674408,301.2962588
0625_m16_qp_22_04,"4  A concrete post is carried up a very high mountain. At the top of the mountain, the gravitational 
",49.60674408,465.7931684
0625_m16_qp_22_05,"5  The diagram shows a cuboid block made from a metal of density 2.5 g / cm3. 
 
",49.60629,87.87531718
0625_m16_qp_22_06,"6  The  diagram  shows  an  object  moving  at  a  constant  speed  in  a  circular  path  in  the  direction 
",49.60698352,283.7498588
0625_m16_qp_22_07,"7  A spring obeys Hooke’s law. 
 
",49.60629,87.87531718
0625_m16_qp_22_08,"8  Which is the value of a vector quantity? 
",49.60782022,447.1098828
0625_m16_qp_22_09,"9  The table gives four energy sources and states whether the energy of the source is derived from 
",49.60663574,574.4706364
0625_m16_qp_22_10,"10  A weight-lifter raises a 2000 N weight through a vertical height of 2.0 m in 0.80 s. 
 
",49.60629,87.87531718
0625_m16_qp_22_11,"11  A wind turbine generates 54 kW of useful power from an input of 180 kW of wind power. 
 
",49.6072643,174.7572272
0625_m16_qp_22_12,"12  A force acts on an area to produce a pressure. 
 
",49.60617118,392.0045436
0625_m16_qp_22_13,"13  Identical toy bricks are placed one on top of another to make a tower on a table. 
 
",49.60629,87.87531718
0625_m16_qp_22_14,"14  Gases can be compressed, but liquids cannot. 
 
",49.60782602,401.0469678
0625_m16_qp_22_15,"15  The diagram shows a quantity of gas trapped in a cylinder. The piston is pushed in slowly and the 
",49.60629,75.2325464
0625_m16_qp_22_16,"16  Which quantity gives the thermal capacity of a solid object? 
",49.60785456,571.4090728
0625_m16_qp_22_17,"17  To mark a temperature scale on a thermometer, standard temperatures known as fixed points are 
",49.60629,75.2325464
0625_m16_qp_22_18,"18  In an experiment, a liquid is heated at a constant rate. 
 
",49.60629,252.371457
0625_m16_qp_22_19,"19  One end of a copper rod is heated. 
 
",49.60629,429.5113574
0625_m16_qp_22_20,"20  Two plastic cups are placed one inside the other. A small spacer keeps the two cups separated. 
 
 
 
",49.60629,113.1608588
0625_m16_qp_22_21,"21  Which is a unit of wavelength? 
",49.60775456,450.0015337
0625_m16_qp_22_22,"22  Which diagram correctly shows a ray of light reflected by a plane mirror? 
 
B
",49.60629,97.4852
0625_m16_qp_22_23,"23  Which diagram shows how a converging lens is used as a magnifying glass? 
 
",49.60629,87.87531718
0625_m16_qp_22_24,"24  A sound wave travels from a point X to a point Y. 
 
",49.60629,87.87531718
0625_m16_qp_22_25,"25  The speed of sound in air is 340 m / s. 
 
",49.60670928,257.0469172
0625_m16_qp_22_26,"26  In which pair are both materials magnetic? 
",49.60629,439.796788
0625_m16_qp_22_27,"27  Which methods could be used to demagnetise a magnet? 
 
",49.60618002,579.0083761
0625_m16_qp_22_28,"28  Which produces an electromotive force (e.m.f.)? 
",49.60629,75.2325464
0625_m16_qp_22_29,"29  The table describes four different resistance wires. They are all made from the same metal. 
 
",49.60618002,214.4144388
0625_m16_qp_22_30,"30  Which circuit shows the directions of the conventional current I and the flow of electrons? 
 
",49.60629,410.5435374
0625_m16_qp_22_31,"31  Four lamps are each labelled 240 V. 
 
",49.60629,87.87531718
0625_m16_qp_22_32,"32  A  battery  charger  plugs  into  a  230 V a.c.  supply.  The  charger  is  used  to  charge  a  6.0 V d.c. 
",49.60775592,418.1114828
0625_m16_qp_22_33,"33  The diagram shows a potential divider connected to two voltmeters P and Q. 
 
",49.60629,87.87531718
0625_m16_qp_22_34,"34  After some building work in a house, a bare (uninsulated) live wire is left protruding from a wall. 
 
",49.60629,467.2082446
0625_m16_qp_22_35,"35  An electron moves into a uniform magnetic field. 
 
",49.60629,87.87531718
0625_m16_qp_22_36,"36  The diagram shows an a.c. generator. 
 
",49.6067176,429.9610245
0625_m16_qp_22_37,"37  The scattering of α-particles by a thin metal foil supports the nuclear model of an atom. 
 
",49.60629,88.69688488
0625_m16_qp_22_38,"38  A nucleus of a radioactive substance 
",49.60727986,231.3927661
0625_m16_qp_22_39,"39  A scientist carries out an experiment using a sealed source which emits β-particles. The range of 
",49.60629,429.7054766
0625_m16_qp_22_40,"40  Which row describes the nature of α-particles and of γ-rays? 
 
",49.60732022,608.5715244
0625_m17_qp_22_01,"1  The diagram shows the height of a stack of identical coins. 
 
",49.60629,87.87531718
0625_m17_qp_22_02,"2  Four balls with different masses are dropped from the heights shown. 
 
",49.60753808,302.4021154
0625_m17_qp_22_03,"3  An object is travelling in a straight line. The diagram is the speed-time graph for the object. 
 
",49.60629,87.87531718
0625_m17_qp_22_04,"4  Which statement about the masses and weights of objects on the Earth is correct? 
",49.6067248,309.1192829
0625_m17_qp_22_05,"5  An object in a space probe above the Earth weighs 3.5 N. The gravitational field strength at the 
",49.6067248,435.6593944
0625_m17_qp_22_06,"6  A  skydiver  jumps  from  a  stationary  helicopter  and  reaches  a  steady  vertical  speed.  She  then 
",49.60629,75.2325464
0625_m17_qp_22_07,"7  A car moves in a circular path as it turns a corner on a horizontal road. 
 
",49.60607003,252.371457
0625_m17_qp_22_08,"8  A moving body undergoes a change of momentum. 
 
",49.60674336,592.1591945
0625_m17_qp_22_09,"9  A man can either take an escalator or a lift to travel up between two floors in a hotel. 
 
",49.60629,87.87531718
0625_m17_qp_22_10,"10  A 40 W lamp wastes 34 J of energy every second by heating its surroundings. 
 
",49.60629,615.9414172
0625_m17_qp_22_11,"11  A column of liquid has height h, mass m and density ρ. The gravitational field strength is g. 
 
",49.60666102,703.6748841
0625_m17_qp_22_12,"12  The  diagrams  show  two  mercury  barometers.  The  right-hand  diagram  shows  a  tube  of  larger 
",49.60629,75.2325464
0625_m17_qp_22_13,"13  Very small pollen grains are suspended in water. A bright light shines from the side. 
 
",49.60659626,341.4059578
0625_m17_qp_22_14,"14  At –39 
 
",49.60629,88.69688488
0625_m17_qp_22_15,"15  A  model  thermometer  consists  of  a  flask  of  coloured  water  and  a  stopper  with  a  glass  tube 
",49.60629,284.089688
0625_m17_qp_22_16,"16  A metal has a specific heat capacity of 360 J / (kg 
",49.60629,75.9695364
0625_m17_qp_22_17,"17  In which type of substance are free electrons involved in the transfer of thermal energy? 
",49.60738006,176.4298123
0625_m17_qp_22_18,"18  Four  objects,  made  of  the  same  material  and  having  the  same  mass,  are  at  the  same 
",49.6071601,302.9689339
0625_m17_qp_22_19,"19  A  person  uses  a  surfboard  to  ride  every  30th  wave  crest  towards  the  beach.  The  wave  crest 
",49.60629,496.8583638
0625_m17_qp_22_20,"20  In a shallow tank, a water wave moves towards a barrier with a narrow gap. 
 
",49.60629,87.87531718
0625_m17_qp_22_21,"21  Light passes along an optical fibre. 
 
",49.60679904,624.4171436
0625_m17_qp_22_22,"22  The  points  labelled  F  are  the  principal  foci  of  a  lens.  A  beam  of  parallel  light  is  incident  on  the 
",49.60629,75.2325464
0625_m17_qp_22_23,"23  Which statement about sound waves is correct? 
",49.60740954,543.7712729
0625_m17_qp_22_24,"24  Which statement about ultrasound is correct? 
",49.60729955,670.3103945
0625_m17_qp_22_25,"25  A small compass is placed close to a strong bar magnet, the same distance from each end. 
 
",49.60629,87.87531718
0625_m17_qp_22_26,"26  A bar magnet can be demagnetised by hammering it for a long time or by slowly removing it from 
",49.60771882,274.1114828
0625_m17_qp_22_27,"27  Which particles move in a metal to cause an electric current? 
",49.60629,482.146398
0625_m17_qp_22_28,"28  The diagrams represent four copper wires. 
 
",49.60629,87.87531718
0625_m17_qp_22_29,"29  An  air-conditioning  unit,  a  lamp  and  an  electric  fire  all  receive  electrical  energy  from  the  mains 
",49.60696192,284.1176729
0625_m17_qp_22_30,"30  Four circuits are set up. 
 
",49.60629,518.9970688
0625_m17_qp_22_31,"31  The diagram shows an electric circuit. 
 
",49.60629,87.87531718
0625_m17_qp_22_32,"32  The diagram shows two linked circuits to control when a bell is switched on. 
 
",49.60629,475.8537588
0625_m17_qp_22_33,"33  The truth table for a logic gate is shown. 
 
",49.60629,87.87531718
0625_m17_qp_22_34,"34  In  this  circuit,  a  component  at  X  automatically  protects  the  wiring  from  overheating  if  there  is  a 
",49.60804974,280.1220862
0625_m17_qp_22_35,"35  The diagram shows a simple transformer with an input of 240 V and an output of 40 V. 
 
",49.60629,87.87531718
0625_m17_qp_22_36,"36  The diagram shows a current-carrying wire. The wire is at 90° to a magnetic field. The direction of 
",49.60763458,296.789168
0625_m17_qp_22_37,"37  A radioactive substance emits radiation at a rate of 600 emissions per second. Four hours later, it 
",49.60629,75.2325464
0625_m17_qp_22_38,"38  The nuclide notation for an isotope of silver is 
 
",49.60629,315.4692195
0625_m17_qp_22_39,"39  The  equation  represents  an  isotope  of  radium  Ra  decaying  to  an  isotope  of  radon  Rn  with  the 
",49.60877622,389.7099593
0625_m17_qp_22_40,"40  An atomic nucleus decays by one or more radioactive decay processes. 
 
",49.60617024,532.8873219
0625_s13_qp_11_01,"1  The diagrams show the readings on a measuring cylinder before and after a small metal cube is 
",49.60629,75.0785688
0625_s13_qp_11_02,"2  Which person is experiencing an acceleration? 
",49.60650619,373.9082742
0625_s13_qp_11_03,"3  A car travels at various speeds during a short journey. 
 
",49.60650619,513.0911565
0625_s13_qp_11_04,"4  Two blocks of metal X and Y hang from spring balances, as shown in the diagrams. 
 
",49.60629,87.72133958
0625_s13_qp_11_05,"5  A 1 kg sample of aluminium is stored in a laboratory. In a different laboratory, in the same town,  
",49.60665336,503.564926
0625_s13_qp_11_06,"6  A measuring cylinder has a mass of 120 g when empty. 
 
",49.60629,87.72133958
0625_s13_qp_11_07,"7  A car moves along a level road. 
 
",49.60663504,342.8960902
0625_s13_qp_11_08,"8  The diagram shows a force being applied to a lever to lift a heavy weight. 
 
",49.60629,87.72133958
0625_s13_qp_11_09,"9  The diagram shows a hydroelectric system. 
 
",49.60678048,350.2101369
0625_s13_qp_11_10,"10  An escalator (moving stairs) and a lift (elevator) are both used to carry passengers from the same 
",49.60629,75.0785688
0625_s13_qp_11_11,"11  A man stands on the ground. 
 
",49.60629,575.8477912
0625_s13_qp_11_12,"12  The diagram shows a simple mercury barometer. 
 
",49.60629,87.72133958
0625_s13_qp_11_13,"13  A thermometer bulb is covered by a piece of damp absorbent cloth. 
 
",49.60698352,438.2544378
0625_s13_qp_11_14,"14  A gas storage tank has a fixed volume. The graph shows how the temperature of the gas in the 
",49.60629,75.0785688
0625_s13_qp_11_15,"15  The diagrams show four blocks of steel. The blocks are all drawn to the same scale. 
 
",49.60720792,403.841321
0625_s13_qp_11_16,"16  A mercury thermometer with no scale is taped to a ruler as shown.  
 
",49.60629,87.72133958
0625_s13_qp_11_17,"17  The diagram shows the cross-section of a vacuum flask containing a hot liquid in a cold room. 
 
",49.60629,87.72133958
0625_s13_qp_11_18,"18  The diagram shows a refrigerator.  
 
",49.60629,87.72133958
0625_s13_qp_11_19,"19  Visible light and γ-rays are both waves. 
 
",49.60618002,458.7196616
0625_s13_qp_11_20,"20  The diagram represents a wave. 
 
",49.60629,87.72133958
0625_s13_qp_11_21,"21  Different  parts  of  the  electromagnetic  spectrum  are  used  for  different  purposes.  Below  are  four 
",49.60533146,278.9463452
0625_s13_qp_11_22,"22  Which diagram shows how a ray of light could pass through a glass block in air? 
 
",49.60522147,481.4000531
0625_s13_qp_11_23,"23  Which diagram correctly represents rays of light passing through a converging lens in a camera? 
 
",49.60629,87.72133958
0625_s13_qp_11_24,"24  The diagrams represent two sound waves. The scales in the two diagrams are the same. 
 
",49.60743784,445.311956
0625_s13_qp_11_25,"25  A student claps once when standing 100 m away from a large wall. 
 
",49.60629,87.72133958
0625_s13_qp_11_26,"26  Which statement about magnetism is correct? 
",49.60753808,187.2462912
0625_s13_qp_11_27,"27  Two soft-iron rods are placed end to end inside a coil which is connected to a battery. 
 
",49.60753808,326.4568894
0625_s13_qp_11_28,"28  Three  charged  balls,  P,  Q  and  R  are  suspended  by  insulating  threads.  Ball  P  is  negatively 
",49.60629,75.0785688
0625_s13_qp_11_29,"29  Which circuit could be used to determine the resistance of the resistor R? 
 
",49.60629,87.72133958
0625_s13_qp_11_30,"30  Which copper wire would have the smallest resistance? 
 
",49.60683336,479.2992802
0625_s13_qp_11_31,"31  The diagram shows an electrical circuit. 
 
",49.60672338,607.5124683
0625_s13_qp_11_32,"32  The reading on the ammeter in the circuit is 1.0 A. 
 
",49.60629,87.72133958
0625_s13_qp_11_33,"33  The circuit shows a battery and four lamps. All the lamps are lit. 
 
",49.60689766,308.908866
0625_s13_qp_11_34,"34  A desk lamp should have a 3 A fuse fitted, but a 13 A fuse has been fitted by mistake. 
 
",49.60640832,562.0992296
0625_s13_qp_11_35,"35  An electric current can produce a heating effect and a magnetic effect. 
 
",49.60629,87.72133958
0625_s13_qp_11_36,"36  The diagram shows a mains transformer that has an output voltage of 12 V. 
 
",49.60629,268.4583296
0625_s13_qp_11_37,"37  The diagram shows an experiment to demonstrate electromagnetic induction. 
 
",49.60629,87.72133958
0625_s13_qp_11_38,"38  In a cathode-ray tube, particles are fired at a screen. 
 
",49.60678768,521.7929899
0625_s13_qp_11_39,"39  The graph shows how the count rate on a detector due to a radioactive source changes with time. 
 
",49.60629,87.72133958
0625_s13_qp_11_40,"40  The diagram represents a carbon atom. 
 
",49.60732784,408.2067069
0625_s13_qp_12_01,"1  A student measures the length of a rod XY by holding it next to a metre rule. 
 
",49.60629,87.72133958
0625_s13_qp_12_02,"2  A heavy metal ball falls vertically downwards through air past four equally spaced levels J, K, L 
",49.60669694,353.4991467
0625_s13_qp_12_03,"3  A car travels at various speeds during a short journey. 
 
",49.60629,87.72133958
0625_s13_qp_12_04,"4  Two blocks of metal X and Y hang from spring balances, as shown in the diagrams. 
 
",49.60618002,288.5573794
0625_s13_qp_12_05,"5  A student stands with both feet on some scales in order to measure his weight. 
 
",49.60665336,717.0425067
0625_s13_qp_12_06,"6  A  measuring  cylinder  containing  liquid  is  placed  on  a  top-pan  balance.  The  apparatus  is  left 
",49.60629,75.0785688
0625_s13_qp_12_07,"7  A child sits on a rubber ball and bounces up and down on the ground. 
 
",49.60749306,409.9080378
0625_s13_qp_12_08,"8  The diagrams show different objects, each being acted upon by only the two forces shown. 
 
",49.60629,87.72133958
0625_s13_qp_12_09,"9  The diagram shows a hydroelectric system. 
 
",49.60689904,248.615966
0625_s13_qp_12_10,"10  A  car  moves  along  a  level  road  at  constant  speed.  Work  is  done  by  the  engine  and  power  is 
",49.60629,75.0785688
0625_s13_qp_12_11,"11  A mercury manometer is used to measure a pressure difference. The difference is shown by the 
",49.60629,75.0785688
0625_s13_qp_12_12,"12  The  diagrams  show  the  actual  size  of  the  heels  of  four  different  lady’s  shoes,  as  seen  from 
",49.6061756,497.214867
0625_s13_qp_12_13,"13  Which diagram best shows the path of a gas molecule? 
 
",49.60629,87.72133958
0625_s13_qp_12_14,"14  A gas storage tank has a fixed volume. The graph shows how the temperature of the gas in the 
",49.60761882,225.6549094
0625_s13_qp_12_15,"15  The diagrams show four blocks of steel. The blocks are all drawn to the same scale. 
 
",49.60629,87.72133958
0625_s13_qp_12_16,"16  A mercury thermometer with no scale is taped to a ruler as shown.  
 
",49.60730208,295.8976902
0625_s13_qp_12_17,"17  Which statement about the transfer of thermal energy is correct? 
 
",49.60629,87.72133958
0625_s13_qp_12_18,"18  The diagram shows a refrigerator.  
 
",49.60629,215.9058219
0625_s13_qp_12_19,"19  The diagram shows the surface of water in a ripple tank. A wave is travelling in the direction of 
",49.60629,75.0785688
0625_s13_qp_12_20,"20  The diagram represents a wave. 
 
",49.60629,492.566067
0625_s13_qp_12_21,"21  Which group of electromagnetic radiations is arranged in order of increasing frequency? 
",49.60533146,683.7904252
0625_s13_qp_12_22,"22  An electronic engineer makes devices which can receive television pictures from satellites. 
 
",49.60629,87.72133958
0625_s13_qp_12_23,"23  Which diagram correctly represents rays of light passing through a converging lens in a camera? 
 
",49.60618002,239.5469926
0625_s13_qp_12_24,"24  A tuning fork is marked with the number 320. 
 
",49.60629,87.72133958
0625_s13_qp_12_25,"25  Some  sound  from  a  loudspeaker  at  P  travels  directly  to  Q.  Sound  also  reaches  Q  after  being 
",49.60763971,304.8560264
0625_s13_qp_12_26,"26  An electromagnet is used to separate magnetic metals from non-magnetic metals. 
 
",49.60645704,648.3008633
0625_s13_qp_12_27,"27  An old and expensive steel watch becomes magnetised. 
 
",49.60629,87.72133958
0625_s13_qp_12_28,"28  Three  charged  balls,  P,  Q  and  R  are  suspended  by  insulating  threads.  Ball  P  is  negatively 
",49.60629,252.2174794
0625_s13_qp_12_29,"29  Which group contains only good electrical conductors? 
",49.60629,651.9861104
0625_s13_qp_12_30,"30  A student investigates a circuit that contains two parallel resistors. The circuit includes meters R, 
",49.60629,75.0785688
0625_s13_qp_12_31,"31  A circuit contains the component shown by the following symbol. 
 
",49.60629,410.758167
0625_s13_qp_12_32,"32  The diagram shows a circuit which includes a switch and a capacitor. 
 
",49.60629,87.72133958
0625_s13_qp_12_33,"33  The circuit diagram shows a cell connected to three identical lamps X, Y and Z. All the lamps are 
",49.60629,395.9609104
0625_s13_qp_12_34,"34  Each branch of a domestic circuit often includes a circuit-breaker. This protects the wiring if too 
",49.60629,75.0785688
0625_s13_qp_12_35,"35  A student wants to make a transformer to step 12 V down to 6.0 V. 
 
",49.60629,281.1008396
0625_s13_qp_12_36,"36  A toy railway engine is driven around a track by a d.c. electric motor. 
 
",49.60499104,549.9394784
0625_s13_qp_12_37,"37  The diagram shows an experiment to demonstrate electromagnetic induction. 
 
",49.60629,87.72133958
0625_s13_qp_12_38,"38  A beam of cathode rays passes between two charged metal plates. 
 
",49.60678768,521.7929899
0625_s13_qp_12_39,"39  A radiation detector is placed close to a source of β-particles. 
 
",49.60629,88.54290728
0625_s13_qp_12_40,"40  A nuclide is represented by the notation shown. 
 
",49.6063719,438.9356061
0625_s13_qp_13_01,"1  The diagrams show the readings on a measuring cylinder before and after a small metal cube is 
",49.60629,75.0785688
0625_s13_qp_13_02,"2  A car travels at various speeds during a short journey. 
 
",49.60650619,386.551045
0625_s13_qp_13_03,"3  Which person is experiencing an acceleration? 
",49.60618002,574.7428986
0625_s13_qp_13_04,"4  A 1 kg sample of aluminium is stored in a laboratory. In a different laboratory, in the same town,  
",49.60629,75.0785688
0625_s13_qp_13_05,"5  Two blocks of metal X and Y hang from spring balances, as shown in the diagrams. 
 
",49.60794278,252.2171186
0625_s13_qp_13_06,"6  A car moves along a level road. 
 
",49.60629,87.72133958
0625_s13_qp_13_07,"7  A measuring cylinder has a mass of 120 g when empty. 
 
",49.6065856,357.4945396
0625_s13_qp_13_08,"8  The diagram shows a hydroelectric system. 
 
",49.60629,87.72133958
0625_s13_qp_13_09,"9  The diagram shows a force being applied to a lever to lift a heavy weight. 
 
",49.60850726,432.5273145
0625_s13_qp_13_10,"10  A man stands on the ground. 
 
",49.60629,87.72133958
0625_s13_qp_13_11,"11  An escalator (moving stairs) and a lift (elevator) are both used to carry passengers from the same 
",49.60629,226.9042219
0625_s13_qp_13_12,"12  The diagram shows a simple mercury barometer. 
 
",49.60629,87.72133958
0625_s13_qp_13_13,"13  A thermometer bulb is covered by a piece of damp absorbent cloth. 
 
",49.60698352,438.2544378
0625_s13_qp_13_14,"14  The diagrams show four blocks of steel. The blocks are all drawn to the same scale. 
 
",49.60629,87.72133958
0625_s13_qp_13_15,"15  A gas storage tank has a fixed volume. The graph shows how the temperature of the gas in the 
",49.60793022,283.2549194
0625_s13_qp_13_16,"16  A mercury thermometer with no scale is taped to a ruler as shown.  
 
",49.60629,87.72133958
0625_s13_qp_13_17,"17  The diagram shows a refrigerator.  
 
",49.60629,87.72133958
0625_s13_qp_13_18,"18  The diagram shows the cross-section of a vacuum flask containing a hot liquid in a cold room. 
 
",49.60629,87.72133958
0625_s13_qp_13_19,"19  Visible light and γ-rays are both waves. 
 
",49.60651762,493.3308174
0625_s13_qp_13_20,"20  Different  parts  of  the  electromagnetic  spectrum  are  used  for  different  purposes.  Below  are  four 
",49.60629,75.0785688
0625_s13_qp_13_21,"21  The diagram represents a wave. 
 
",49.60618002,277.5037908
0625_s13_qp_13_22,"22  Which diagram shows how a ray of light could pass through a glass block in air? 
 
",49.60533146,481.3970918
0625_s13_qp_13_23,"23  Which diagram correctly represents rays of light passing through a converging lens in a camera? 
 
",49.60629,87.72133958
0625_s13_qp_13_24,"24  The diagrams represent two sound waves. The scales in the two diagrams are the same. 
 
",49.60782602,445.311956
0625_s13_qp_13_25,"25  Two soft-iron rods are placed end to end inside a coil which is connected to a battery. 
 
",49.60629,87.72133958
0625_s13_qp_13_26,"26  A student claps once when standing 100 m away from a large wall. 
 
",49.60629,437.5449396
0625_s13_qp_13_27,"27  Which statement about magnetism is correct? 
",49.60753808,537.098367
0625_s13_qp_13_28,"28  Three  charged  balls,  P,  Q  and  R  are  suspended  by  insulating  threads.  Ball  P  is  negatively 
",49.60629,75.0785688
0625_s13_qp_13_29,"29  Which copper wire would have the smallest resistance? 
 
",49.60629,487.4918812
0625_s13_qp_13_30,"30  The diagram shows an electrical circuit. 
 
",49.60618002,615.7040794
0625_s13_qp_13_31,"31  Which circuit could be used to determine the resistance of the resistor R? 
 
",49.60629,87.72133958
0625_s13_qp_13_32,"32  The circuit shows a battery and four lamps. All the lamps are lit. 
 
",49.60683336,479.2992802
0625_s13_qp_13_33,"33  The reading on the ammeter in the circuit is 1.0 A. 
 
",49.60629,87.72133958
0625_s13_qp_13_34,"34  A desk lamp should have a 3 A fuse fitted, but a 13 A fuse has been fitted by mistake. 
 
",49.60640832,308.9087396
0625_s13_qp_13_35,"35  The diagram shows a mains transformer that has an output voltage of 12 V. 
 
",49.60629834,486.0457396
0625_s13_qp_13_36,"36  An electric current can produce a heating effect and a magnetic effect. 
 
",49.60629,87.72133958
0625_s13_qp_13_37,"37  In a cathode-ray tube, particles are fired at a screen. 
 
",49.60629,268.458957
0625_s13_qp_13_38,"38  The diagram shows an experiment to demonstrate electromagnetic induction. 
 
",49.60629,87.72133958
0625_s13_qp_13_39,"39  The diagram represents a carbon atom. 
 
",49.60678768,521.7929899
0625_s13_qp_13_40,"40  The graph shows how the count rate on a detector due to a radioactive source changes with time. 
 
",49.60629,87.72133958
0625_s14_qp_11_01,"1  A student wishes to measure accurately the volume of approximately 40 cm3 of water. She has 
two  measuring  cylinders,  a  larger  one  that  can  hold  100 cm3,  and  a  smaller  one  that  can  hold 
50 cm3. The water forms a meniscus where it touches the glass. 
",49.60629,100.3637496
0625_s14_qp_11_02,"2  Which distance / time graph represents the motion of an object moving at constant speed? 
 
",49.60629,466.5433396
0625_s14_qp_11_03,"3  The graph shows how the speed of a car changes with time. 
 
",49.60629,87.72133958
0625_s14_qp_11_04,"4  Which instrument is used to compare the masses of objects? 
",49.6065471,418.8078795
0625_s14_qp_11_05,"5  A liquid has a volume of 100 cm3 and a mass of 85 g. 
 
 
 
",49.6065471,583.3024396
0625_s14_qp_11_06,"6  A plane lamina with centre of mass X touches the ground at point P. 
 
",49.60629,87.72133958
0625_s14_qp_11_07,"7  A student adds weights to an elastic cord. He measures the length of the cord for each weight. 
 
",49.60629,87.72133958
0625_s14_qp_11_08,"8  Which energy transfer takes place when a matchstick burns? 
",49.60669046,379.8600461
0625_s14_qp_11_09,"9  Four cars are driven along a road. 
 
",49.60669046,519.0429284
0625_s14_qp_11_10,"10  Which situation is an example of a force acting over a large area to produce a small pressure? 
",49.60629,75.0785688
0625_s14_qp_11_11,"11  A student places four identical beakers on a bench. 
 
",49.60629,214.2604612
0625_s14_qp_11_12,"12  A student places his thumb firmly on the outlet of a bicycle pump, to stop the air coming out. 
 
",49.60738352,421.104056
0625_s14_qp_11_13,"13  During evaporation, molecules escape rapidly from the surface of a liquid. 
 
",49.60629,87.72133958
0625_s14_qp_11_14,"14  A telephone engineer connects a wire between two poles when the weather is very cold. 
",49.60629,283.1137962
0625_s14_qp_11_15,"15  In  an  experiment,  a  thermometer  is  placed  in  a  test-tube  of  hot  liquid.  The  temperature  of  the 
",49.60629,75.0785688
0625_s14_qp_11_16,"16  Which statement about the transfer of thermal energy is correct? 
",49.60710278,231.5799647
0625_s14_qp_11_17,"17  The  diagram  shows  a  heater  above  a  thermometer.  The  thermometer  bulb  is  in  the  position 
",49.60710278,358.1200762
0625_s14_qp_11_18,"18  Scout P signals to scout Q on the other side of a valley by using a mirror to reflect the Sun’s rays. 
 
",49.60629,87.72133958
0625_s14_qp_11_19,"19  A small boat in a harbour is protected from waves on the sea by harbour walls. 
 
",49.60789168,451.264766
0625_s14_qp_11_20,"20  Which list shows electromagnetic waves in order of increasing frequency? 
",49.60629,75.0785688
0625_s14_qp_11_21,"21  Which statement about a converging lens is not correct? 
",49.60541013,204.9047822
0625_s14_qp_11_22,"22  Rays of light enter and leave a box. 
 
",49.60508018,344.1153805
0625_s14_qp_11_23,"23  A boy blows a whistle that has a frequency of 10 000 Hz. The boy’s friend cannot hear the sound 
",49.6067148,578.9372802
0625_s14_qp_11_24,"24  A lighted candle is placed in front of a loudspeaker that is making a loud, steady note. The candle 
",49.60629,75.0785688
0625_s14_qp_11_25,"25  Two iron nails hang from a bar magnet. 
 
",49.60629,419.262057
0625_s14_qp_11_26,"26  A steel magnet is placed inside a coil of wire. There is a large alternating current in the coil. The 
",49.60629,75.0785688
0625_s14_qp_11_27,"27  A plastic rod and a dry cloth are uncharged. 
",49.60784736,360.2161661
0625_s14_qp_11_28,"28  The diagram shows an incomplete circuit. 
 
",49.60629,87.72133958
0625_s14_qp_11_29,"29  The  diagram  shows  a  circuit  containing  a  battery,  a  lamp,  a  switch  and  another  component  X. 
",49.60669046,368.4938485
0625_s14_qp_11_30,"30  The diagram shows a circuit containing three lamps and three switches S1, S2 and S3. 
 
",49.60629,87.72133958
0625_s14_qp_11_31,"31  The diagram shows part of an electric circuit. 
 
",49.60712022,393.8639378
0625_s14_qp_11_32,"32  Which labelled component in the circuit shown controls the brightness of lamp X? 
 
",49.60629,87.72133958
0625_s14_qp_11_33,"33  An appliance is connected to a mains supply. Its circuit also contains a switch and a fuse. 
 
",49.60665192,328.2976802
0625_s14_qp_11_34,"34  An electric current is passed through a coil of wire. 
 
",49.60629,87.72133958
0625_s14_qp_11_35,"35  When a wire is moved upwards between the poles of a magnet, an electromotive force (e.m.f.) is 
",49.60629,75.0785688
0625_s14_qp_11_36,"36  An input voltage of 10 V is supplied to the primary coil of a transformer. An output voltage of 40 V 
",49.60675056,407.2143461
0625_s14_qp_11_37,"37  A  beam  of  cathode  rays  passes  between  two  parallel  metal  plates  connected  to  a  high-voltage 
",49.60698352,532.052667
0625_s14_qp_11_38,"38  The table shows the results of an experiment to find the half-life of a radioactive substance. 
",49.60629,75.0785688
0625_s14_qp_11_39,"39  The diagram shows a box used for storing radioactive sources. 
 
",49.60599696,393.0704251
0625_s14_qp_11_40,"40  A lithium nucleus contains 3 protons and 4 neutrons. 
 
",49.60725224,719.5367309
0625_s14_qp_12_01,"1  The diagram shows part of a ruler. The ruler is used to find the length of a nail. 
 
",49.60629,87.72133958
0625_s14_qp_12_02,"2  Which distance / time graph represents the motion of an object moving at constant speed? 
 
",49.60692882,278.2663354
0625_s14_qp_12_03,"3  A car takes 15 minutes to travel along a road that is 20 km long. 
",49.60673616,586.1935194
0625_s14_qp_12_04,"4  A  customer  goes  to  a  market  and  buys  some  rice.  The  stallholder  pours  rice  into  a  dish  that 
",49.60629,75.0785688
0625_s14_qp_12_05,"5  The table gives the volumes and masses of four objects. 
 
",49.60662616,472.8104249
0625_s14_qp_12_06,"6  A wooden bar is pivoted at its centre so that it can rotate freely. Two equal forces F are applied to 
",49.60629,75.0785688
0625_s14_qp_12_07,"7  A student adds weights to an elastic cord. He measures the length of the cord for each weight. 
 
",49.60629,87.72133958
0625_s14_qp_12_09,"9  A certain machine is very efficient. 
",49.60629,573.7500862
0625_s14_qp_12_10,"10  The diagram shows a simple mercury barometer. 
 
",49.60629,87.72133958
0625_s14_qp_12_11,"11  A student places four identical beakers on a bench. 
 
",49.60629,500.559757
0625_s14_qp_12_12,"12  A student places his thumb firmly on the outlet of a bicycle pump, to stop the air coming out. 
 
",49.60629,87.72133958
0625_s14_qp_12_13,"13  The diagram represents molecules of gas moving in a container. 
 
",49.60629,379.265267
0625_s14_qp_12_14,"14  A liquid-in-glass thermometer is marked with a scale in °C. 
 
",49.60682342,681.5798273
0625_s14_qp_12_15,"15  Which statement gives the thermal capacity of a solid body? 
",49.60629,75.0785688
0625_s14_qp_12_16,"16  In  an  experiment,  a  thermometer  is  placed  in  a  test-tube  of  hot  liquid.  The  temperature  of  the 
",49.60519016,201.6176904
0625_s14_qp_12_17,"17  The  diagram  shows  an  air-conditioning  unit  on  the  wall  of  a  room.  The  unit  draws  in  warm  air 
",49.60710278,358.1185547
0625_s14_qp_12_18,"18  Which statement about thermal radiation is correct? 
",49.60629,75.0785688
0625_s14_qp_12_19,"19  Scout P signals to scout Q on the other side of a valley by using a mirror to reflect the Sun’s rays. 
 
",49.60618002,214.2604612
0625_s14_qp_12_20,"20  A small boat in a harbour is protected from waves on the sea by harbour walls. 
 
",49.60629,87.72133958
0625_s14_qp_12_21,"21  Which statement about ultraviolet waves is correct? 
",49.60768168,423.8552775
0625_s14_qp_12_22,"22  A boy wears a shirt with a letter F on the front. He stands in front of a plane mirror. 
 
",49.60629,87.72133958
0625_s14_qp_12_23,"23  Rays of light enter and leave a box. 
 
",49.60683336,393.267866
0625_s14_qp_12_24,"24  The  diagrams  show  the  wave  patterns  of  four  sounds  shown  on  a  cathode-ray  oscilloscope 
",49.60629,75.0785688
0625_s14_qp_12_25,"25  A lighted candle is placed in front of a loudspeaker that is making a loud, steady note. The candle 
",49.60694336,455.6014094
0625_s14_qp_12_26,"26  Which row correctly shows whether copper and steel are ferrous or non-ferrous? 
 
",49.60629,87.72133958
0625_s14_qp_12_27,"27  A steel magnet is placed inside a coil of wire. There is a large alternating current in the coil. The 
",49.60629,231.0129104
0625_s14_qp_12_28,"28  Two  balloons,  X  and  Y,  are  suspended  by  insulating  threads.  They  are  each  held  near  a 
",49.60629,75.0785688
0625_s14_qp_12_29,"29  Which quantities is a voltmeter used to measure? 
",49.60629,378.6129862
0625_s14_qp_12_30,"30  The diagram shows a lamp and a resistor connected in a circuit. The lamp is too bright. 
 
",49.60629,517.7958685
0625_s14_qp_12_31,"31  Which statement is not correct for lamps connected in parallel? 
",49.60629,75.0785688
0625_s14_qp_12_32,"32  A  student  connects  a  circuit  using  an  uncharged  capacitor  C,  with  a  large  capacitance,  and  a 
",49.60607003,201.6176904
0625_s14_qp_12_33,"33  Which labelled component in the circuit shown controls the brightness of lamp X? 
 
",49.60629,87.72133958
0625_s14_qp_12_34,"34  In  the  circuit  shown,  the  current  from  the  battery  divides  equally  between  the  two  lamps.  Each 
",49.60727358,315.6549094
0625_s14_qp_12_35,"35  A metal wire is placed between the poles of a magnet. 
 
",49.60629,87.72133958
0625_s14_qp_12_36,"36  A  transformer  has  100  turns  on  its  primary  coil  and  25  turns  on  its  secondary  coil.  The  primary 
",49.60452512,377.196755
0625_s14_qp_12_37,"37  A  beam  of  cathode  rays  passes  between  two  parallel  metal  plates  connected  to  a  high-voltage 
",49.60629,75.0785688
0625_s14_qp_12_38,"38  Compared with β-particles and γ-rays, α-particles 
",49.60775456,329.3461022
0625_s14_qp_12_39,"39  The diagram shows a box used for storing radioactive sources. 
 
",49.60874442,468.6411682
0625_s14_qp_12_40,"40  A particular nuclide of chlorine can be represented by the symbol shown. 
 
",49.60629,87.72133958
0625_s14_qp_13_01,"1  Which instrument is used to compare the masses of objects? 
",49.60629,75.0785688
0625_s14_qp_13_02,"2  The graph shows how the speed of a car changes with time. 
 
",49.60629,214.2604612
0625_s14_qp_13_03,"3  Which distance / time graph represents the motion of an object moving at constant speed? 
 
",49.60629,87.72133958
0625_s14_qp_13_04,"4  A student wishes to measure accurately the volume of approximately 40 cm3 of water. She has 
two  measuring  cylinders,  a  larger  one  that  can  hold  100 cm3,  and  a  smaller  one  that  can  hold 
50 cm3. The water forms a meniscus where it touches the glass. 
",49.60673616,420.9622396
0625_s14_qp_13_05,"5  A student adds weights to an elastic cord. He measures the length of the cord for each weight. 
 
",49.60629,87.72133958
0625_s14_qp_13_06,"6  A liquid has a volume of 100 cm3 and a mass of 85 g. 
 
 
 
",49.60655984,417.7874396
0625_s14_qp_13_07,"7  Which situation is an example of a force acting over a large area to produce a small pressure? 
",49.60703459,556.9978179
0625_s14_qp_13_08,"8  A student places four identical beakers on a bench. 
 
",49.60629,87.72133958
0625_s14_qp_13_09,"9  A plane lamina with centre of mass X touches the ground at point P. 
 
",49.60738352,294.565566
0625_s14_qp_13_10,"10  Four cars are driven along a road. 
 
",49.60629,87.72133958
0625_s14_qp_13_11,"11  Which energy transfer takes place when a matchstick burns? 
",49.60629,287.0538004
0625_s14_qp_13_12,"12  The  diagram  shows  a  heater  above  a  thermometer.  The  thermometer  bulb  is  in  the  position 
",49.60629,413.5939119
0625_s14_qp_13_13,"13  Which statement about the transfer of thermal energy is correct? 
",49.60629,75.0785688
0625_s14_qp_13_14,"14  In  an  experiment,  a  thermometer  is  placed  in  a  test-tube  of  hot  liquid.  The  temperature  of  the 
",49.60629,201.6176904
0625_s14_qp_13_15,"15  A telephone engineer connects a wire between two poles when the weather is very cold. 
",49.60710278,358.1185547
0625_s14_qp_13_16,"16  During evaporation, molecules escape rapidly from the surface of a liquid. 
 
",49.60629,87.72133958
0625_s14_qp_13_17,"17  A student places his thumb firmly on the outlet of a bicycle pump, to stop the air coming out. 
 
",49.60629,295.756567
0625_s14_qp_13_18,"18  A boy blows a whistle that has a frequency of 10 000 Hz. The boy’s friend cannot hear the sound 
",49.60629,574.6571062
0625_s14_qp_13_19,"19  A lighted candle is placed in front of a loudspeaker that is making a loud, steady note. The candle 
",49.60629,75.0785688
0625_s14_qp_13_20,"20  Which list shows electromagnetic waves in order of increasing frequency? 
",49.60629,406.6192862
0625_s14_qp_13_21,"21  A small boat in a harbour is protected from waves on the sea by harbour walls. 
 
",49.60629,87.72133958
0625_s14_qp_13_22,"22  Scout P signals to scout Q on the other side of a valley by using a mirror to reflect the Sun’s rays. 
 
",49.60707352,436.4980483
0625_s14_qp_13_23,"23  Which statement about a converging lens is not correct? 
",49.60629,75.0785688
0625_s14_qp_13_24,"24  Rays of light enter and leave a box. 
 
",49.60596005,214.2604612
0625_s14_qp_13_25,"25  A plastic rod and a dry cloth are uncharged. 
",49.6067148,449.1116559
0625_s14_qp_13_26,"26  The diagram shows a circuit containing three lamps and three switches S1, S2 and S3. 
 
",49.60629,87.72133958
0625_s14_qp_13_27,"27  Which labelled component in the circuit shown controls the brightness of lamp X? 
 
",49.60712022,393.8639378
0625_s14_qp_13_28,"28  The diagram shows part of an electric circuit. 
 
",49.60629,87.72133958
0625_s14_qp_13_29,"29  The diagram shows an incomplete circuit. 
 
",49.60629,474.055867
0625_s14_qp_13_30,"30  The  diagram  shows  a  circuit  containing  a  battery,  a  lamp,  a  switch  and  another  component  X. 
",49.60629,75.0785688
0625_s14_qp_13_31,"31  An appliance is connected to a mains supply. Its circuit also contains a switch and a fuse. 
 
",49.60633754,403.5022068
0625_s14_qp_13_32,"32  Two iron nails hang from a bar magnet. 
 
",49.60629,87.72133958
0625_s14_qp_13_33,"33  A steel magnet is placed inside a coil of wire. There is a large alternating current in the coil. The 
",49.60720208,347.9700053
0625_s14_qp_13_34,"34  When a wire is moved upwards between the poles of a magnet, an electromotive force (e.m.f.) is 
",49.60629,75.0785688
0625_s14_qp_13_35,"35  An electric current is passed through a coil of wire. 
 
",49.60629,87.72133958
0625_s14_qp_13_36,"36  An input voltage of 10 V is supplied to the primary coil of a transformer. An output voltage of 40 V 
",49.60689046,543.6172953
0625_s14_qp_13_37,"37  A lithium nucleus contains 3 protons and 4 neutrons. 
 
",49.60698352,681.0985478
0625_s14_qp_13_38,"38  The diagram shows a box used for storing radioactive sources. 
 
",49.60629,87.72133958
0625_s14_qp_13_39,"39  The table shows the results of an experiment to find the half-life of a radioactive substance. 
",49.60674056,401.5451802
0625_s14_qp_13_40,"40  A  beam  of  cathode  rays  passes  between  two  parallel  metal  plates  connected  to  a  high-voltage 
",49.60629,75.0785688
0625_s15_qp_11_01,"1  A geologist compares the volumes of three rocks, X, Y and Z. Three measuring cylinders contain 
",49.60629,75.2325464
0625_s15_qp_11_02,"2  A car moves with constant speed and then constant acceleration. 
",49.60629,75.2325464
0625_s15_qp_11_03,"3  A car travels 100 km. The journey takes two hours. The highest speed of the car is 80 km / h, and 
",49.60797312,261.7807828
0625_s15_qp_11_04,"4  Diagram 1 shows a piece of foam rubber that contains many pockets of air. Diagram 2 shows the 
",49.60700208,361.3342346
0625_s15_qp_11_05,"5  A metal block has the dimensions shown. Its mass is 1000 g. 
 
",49.60629,87.87531718
0625_s15_qp_11_06,"6  Four objects are each acted on by only two forces, as shown. 
 
",49.60612688,431.7749024
0625_s15_qp_11_07,"7  A student measures the length of a spring. She then hangs different weights from the spring. She 
",49.60629,75.2325464
0625_s15_qp_11_08,"8  Which energy resource is used to generate electricity without using any moving parts? 
",49.6069928,360.0586446
0625_s15_qp_11_09,"9  A cyclist travels down a hill from rest at point X, without pedalling. 
 
",49.6069928,499.240537
0625_s15_qp_11_10,"10  The diagram shows a simple mercury barometer. 
 
",49.60629,87.87531718
0625_s15_qp_11_11,"11  A block with flat, rectangular sides rests on a table. 
 
",49.60666192,342.7667536
0625_s15_qp_11_12,"12  Two states of matter are described as follows. 
",49.60629,75.2325464
0625_s15_qp_11_13,"13  The pressure of a fixed mass of gas in a cylinder is measured. The temperature of the gas in the 
",49.60629,325.758988
0625_s15_qp_11_14,"14  The thermometer in the diagram has no scale. 
 
",49.60629,87.87531718
0625_s15_qp_11_15,"15  A solid is heated from room temperature. 
 
",49.60635542,448.1875223
0625_s15_qp_11_16,"16  Thermal energy travels through space from the Sun to the Earth. Space is a vacuum. 
 
",49.60629,87.87531718
0625_s15_qp_11_17,"17  A cupboard is placed in front of a heater. Air can move through a gap under the cupboard. 
 
",49.60618002,239.7009702
0625_s15_qp_11_18,"18  What is the number of wavefronts per second that pass a fixed point? 
",49.60629,591.9606738
0625_s15_qp_11_19,"19  The diagrams represent water waves in a tank. 
 
",49.60629,87.87531718
0625_s15_qp_11_20,"20  The diagram shows the electromagnetic spectrum, in order of increasing wavelength. 
 
",49.60795456,281.7651436
0625_s15_qp_11_21,"21  Radiation from the Sun is dispersed by a prism. The prism does not absorb any of the radiation. 
",49.60629,525.544788
0625_s15_qp_11_22,"22  A scientist tries to direct a ray of light in a glass block so that no light escapes from the top of the 
",49.60629,75.2325464
0625_s15_qp_11_23,"23  Which row states two properties of sound waves? 
 
",49.60629,488.0145546
0625_s15_qp_11_24,"24  A man holding a starting pistol stands 640 m away from a spectator. 
 
",49.60629,87.87531718
0625_s15_qp_11_25,"25  A  magnet  is  placed  on  a  balance.  The  balance  reading  changes  when  an  iron  bar  or  another 
",49.6071028,301.0696546
0625_s15_qp_11_26,"26  An electromagnet with a soft-iron core is connected to a battery and an open switch. The soft-iron 
",49.60629,75.2325464
0625_s15_qp_11_27,"27  The diagram shows a piece of metal resistance wire. 
 
",49.60629,464.8554446
0625_s15_qp_11_28,"28  What is the unit of electromotive force (e.m.f.)? 
",49.60663338,629.3505136
0625_s15_qp_11_29,"29  The circuit diagram shows a 4.0 
 
",49.60629,88.69688488
0625_s15_qp_11_30,"30  The diagram shows a circuit which includes an uncharged capacitor and a switch. 
 
",49.60753808,287.2368154
0625_s15_qp_11_31,"31  The diagram shows a 3.0 
 
",49.60615237,88.69688488
0625_s15_qp_11_32,"32  The diagram shows a 10 
 
",49.60618165,352.3188949
0625_s15_qp_11_33,"33  In the circuit shown, only one of the fuses has blown, but none of the lamps is lit. 
 
",49.60629,87.87531718
0625_s15_qp_11_34,"34  Which diagram shows the pattern of the magnetic field produced by a current-carrying solenoid? 
 
",49.6066176,381.7714536
0625_s15_qp_11_35,"35  What is an advantage of transmitting electricity at a high voltage? 
",49.6069747,536.7129729
0625_s15_qp_11_36,"36  A transformer has 1200 turns on its primary coil and 400 turns on its secondary coil. An output 
",49.60629,75.2325464
0625_s15_qp_11_37,"37  The diagram shows a design for a cathode-ray tube. A tube with this design does not work. 
 
",49.60738006,316.0652154
0625_s15_qp_11_38,"38  Which row gives the properties of the radiation from radioactive materials? 
",49.60676192,625.8912678
0625_s15_qp_11_39,"39  In  a  laboratory,  a  detector  of  ionising  radiation  records  an  average  background  count  rate  of 
",49.60629,75.2325464
0625_s15_qp_12_10,"10  The  diagram  shows  a  stone  suspended  under  the  surface  of  a  liquid  from  a  string.  The  stone 
",49.60370371,350.3060355
0625_s15_qp_12_11,"11  The diagram shows a simple mercury barometer, used to measure atmospheric pressure. 
 
",49.60629,87.87531718
0625_s15_qp_12_12,"12  Puddles of rain water remain after a storm. The water in the puddles gradually evaporates. 
 
",49.60629,468.0585446
0625_s15_qp_12_13,"13  The diagram represents moving gas molecules in a sealed container of fixed volume. 
 
",49.60629,87.87531718
0625_s15_qp_12_14,"14  The thermometer in the diagram has no scale. 
 
",49.60629,432.2001588
0625_s15_qp_12_15,"15  Two metal blocks X and Y are at room temperature. Each block is heated so that its temperature 
",49.60629,75.2325464
0625_s15_qp_12_16,"16  The diagram shows a vacuum flask used to keep liquid hot. 
 
",49.60629,367.0033488
0625_s15_qp_12_17,"17  A cupboard is placed in front of a heater. Air can move through a gap under the cupboard. 
 
",49.60618002,87.87531718
0625_s15_qp_12_18,"18  The  diagrams  show  two  water  waves  P  and  Q  that  are  travelling  at  the  same  speed  on  the 
",49.60629,75.2325464
0625_s15_qp_12_19,"19  The diagrams represent water waves in a tank. 
 
",49.60629,459.4129446
0625_s15_qp_12_20,"20  An object is placed in front of a thin converging lens. 
 
",49.60629,87.87531718
0625_s15_qp_12_21,"21  Radiation from the Sun is dispersed by a prism. The prism does not absorb any of the radiation. 
",49.60661482,440.3084451
0625_s15_qp_12_22,"22  A scientist tries to direct a ray of light in a glass block so that no light escapes from the top of the 
",49.60629,75.2325464
0625_s15_qp_12_23,"23  A quiet sound is produced by a loudspeaker. The loudness of the sound is increased. 
",49.60629,475.3717838
0625_s15_qp_12_24,"24  A man holding a starting pistol stands 640 m away from a spectator. 
 
",49.60629,87.87531718
0625_s15_qp_12_25,"25  Which group contains only non-ferrous metals? 
",49.6071028,301.0696546
0625_s15_qp_12_26,"26  An electromagnet with a soft-iron core is connected to a battery and an open switch. The soft-iron 
",49.60699282,427.6087762
0625_s15_qp_12_27,"27  A  student  has  wires  of  different  lengths  and  different  diameters.  The  wires  are  all  made  of  the 
",49.60629,75.2325464
0625_s15_qp_12_28,"28  The circuit diagram shows a 4.0 
 
",49.60629,278.4764049
0625_s15_qp_12_29,"29  Diagram 1 shows two thin, uncharged strips of plastic. 
 
",49.60629,87.87531718
0625_s15_qp_12_30,"30  The diagram shows a circuit which includes an uncharged capacitor and a switch. 
 
",49.60629,87.87531718
0625_s15_qp_12_31,"31  Two 5.0 
 
",49.6058104,447.5346849
0625_s15_qp_12_32,"32  The diagram shows a 10 
 
",49.60618165,88.69688488
0625_s15_qp_12_33,"33  In the circuit shown, only one of the fuses has blown, but none of the lamps is lit. 
 
",49.6067248,314.2510054
0625_s15_qp_12_34,"34  An e.m.f. is induced across a wire when it moves through the magnetic field between the poles of 
",49.60629,75.2325464
0625_s15_qp_12_35,"35  The diagram shows a flat, rectangular coil placed between the poles of a magnet. 
 
",49.60629,252.371457
0625_s15_qp_12_36,"36  A transformer has 1000 turns on its primary coil. An input voltage of 12 V is applied to the primary 
",49.60668906,569.5103437
0625_s15_qp_12_37,"37  The diagram shows a cathode-ray tube. 
 
",49.60629,87.87531718
0625_s15_qp_12_38,"38  Which statement about α-radiation is correct? 
",49.60673616,448.3863289
0625_s15_qp_12_39,"39  A radioactive source produces a count rate on a detector of 1600 counts / s. 
",49.60629622,576.6831048
0625_s15_qp_12_40,"40  A nuclide has the symbol  Ne
 
",49.60628834,727.2298095
0625_s15_qp_13_01,"1  A  cook  wants  to  prepare  some  food  to  be  cooked  by  1.15 p.m.  He  uses  an  oven  with  an 
automatic  timer  that  can  be  set  to  switch  on  and  off  at  certain  times.  The  oven  needs  to  be 
switched on for 2 hours 10 minutes. 
",49.60629,100.518088
0625_s15_qp_13_02,"2  The speed-time graph shows the motion of a car. 
 
",49.6067248,200.0715254
0625_s15_qp_13_03,"3  A car travels 100 km. The journey takes two hours. The highest speed of the car is 80 km / h, and 
",49.60629,521.292898
0625_s15_qp_13_04,"4  Weight is an example of which quantity? 
",49.60700208,620.8460446
0625_s15_qp_13_05,"5  A metal block has the dimensions shown. Its mass is 1000 g. 
 
",49.60629,87.87531718
0625_s15_qp_13_06,"6  A car travels along a horizontal road at a constant speed. Three horizontal forces act on the car. 
",49.60612688,419.1036457
0625_s15_qp_13_07,"7  The extension-load graph for a spring is shown. The unstretched length of the spring is 17.0 cm. 
 
",49.60629,87.87531718
0625_s15_qp_13_08,"8  To calculate the power produced by a force, the size of the force must be known. 
 
  What else needs to be known to calculate the power? 
 
",49.60753808,477.0170528
0625_s15_qp_13_09,"9  A cyclist travels down a hill from rest at point X, without pedalling. 
 
",49.60629,87.87531718
0625_s15_qp_13_10,"10  The diagram shows a manometer with one side connected to a gas cylinder and the other side 
",49.60370371,350.3060355
0625_s15_qp_13_11,"11  The diagram shows a solid block resting on a bench. The dimensions of the block are shown. 
 
",49.60629,87.87531718
0625_s15_qp_13_12,"12  Small smoke particles suspended in air are viewed through a microscope. 
 
",49.60655194,406.3489985
0625_s15_qp_13_13,"13  Molecules  escape  from  a  liquid  during  evaporation.  The  temperature  of  the  remaining  liquid 
",49.60644195,570.8449183
0625_s15_qp_13_14,"14  The thermometer in the diagram has no scale. 
 
",49.60629,87.87531718
0625_s15_qp_13_15,"15  A  solid  is  heated  from  room  temperature.  The  graph  shows  how  its  temperature  changes  with 
",49.60635542,435.5447516
0625_s15_qp_13_16,"16  One method of heat transfer involves the energy travelling at a much greater speed than in other 
",49.60629,75.2325464
0625_s15_qp_13_17,"17  A cupboard is placed in front of a heater. Air can move through a gap under the cupboard. 
 
",49.60607003,250.6983804
0625_s15_qp_13_18,"18  What is the frequency of a wave? 
",49.60629,602.9591638
0625_s15_qp_13_19,"19  The diagrams represent water waves in a tank. 
 
",49.60629,87.87531718
0625_s15_qp_13_20,"20  Which diagram shows how the light from a candle is reflected by a mirror, and shows the position 
",49.60723642,269.1223729
0625_s15_qp_13_21,"21  Radiation from the Sun is dispersed by a prism. The prism does not absorb any of the radiation. 
",49.60629,75.2325464
0625_s15_qp_13_22,"22  A scientist tries to direct a ray of light in a glass block so that no light escapes from the top of the 
",49.60777312,333.752187
0625_s15_qp_13_23,"23  The frequency of a musical note is increased. 
 
",49.60629,87.87531718
0625_s15_qp_13_24,"24  A man holding a starting pistol stands 640 m away from a spectator. 
 
",49.60629,239.6989172
0625_s15_qp_13_25,"25  Which action will demagnetise a magnetised piece of steel? 
",49.6071028,452.8930588
0625_s15_qp_13_26,"26  An electromagnet with a soft-iron core is connected to a battery and an open switch. The soft-iron 
",49.60629,75.2325464
0625_s15_qp_13_27,"27  What is the unit of electromotive force (e.m.f.)? 
",49.60629,452.2126738
0625_s15_qp_13_28,"28  Which sample of copper wire has the greatest electrical resistance? 
",49.60618002,578.7527853
0625_s15_qp_13_29,"29  The circuit diagram shows a 4.0 
 
",49.60629,88.69688488
0625_s15_qp_13_30,"30  The diagram shows a circuit which includes an uncharged capacitor and a switch. 
 
",49.60753808,316.0652154
0625_s15_qp_13_31,"31  Which component is represented by this circuit symbol? 
 
",49.60629,87.87531718
0625_s15_qp_13_32,"32  The diagram shows a 10 
 
",49.60618165,313.5413007
0625_s15_qp_13_33,"33  In the circuit shown, only one of the fuses has blown, but none of the lamps is lit. 
 
",49.60629,87.87531718
0625_s15_qp_13_34,"34  A student investigates the force on a bar magnet placed near a current-carrying coil. She carries 
",49.6066176,369.100197
0625_s15_qp_13_35,"35  Which diagram represents the voltage output of a simple a.c. generator? 
 
",49.60629,87.87531718
0625_s15_qp_13_36,"36  A  transformer  has  400  turns  on  its  secondary  coil.  An  input  voltage  of  12 V  is  applied  to  the 
",49.6069176,400.8200729
0625_s15_qp_13_37,"37  The diagram shows a cathode-ray tube. 
 
",49.60629,87.87531718
0625_s15_qp_13_38,"38  α, β and γ-radiations are emitted by radioactive substances. 
 
",49.60618002,434.5808151
0625_s15_qp_13_39,"39  The nucleus of an americium atom contains 146 neutrons and 95 protons. It decays by emitting 
",49.60596005,577.0782852
0625_s15_qp_13_40,"40  Which statement is correct for the nucleus of any atom? 
",49.60629,75.2325464
0625_s15_qp_14_01,"1  The diagram shows a measuring instrument. 
 
",49.60629,87.87531718
0625_s15_qp_14_02,"2  The diagram shows the distance-time graph of an object. 
 
",49.60669488,410.3733945
0625_s15_qp_14_03,"3  A tennis player hits a ball hard and 0.40 s later hears the echo from a wall. 
 
",49.60622688,87.87531718
0625_s15_qp_14_04,"4  Weight is an example of which quantity? 
",49.60715938,378.0585446
0625_s15_qp_14_05,"5  Which substance in the table has the lowest density? 
 
",49.60715938,517.240437
0625_s15_qp_14_06,"6  A car travels along a horizontal road at a constant speed. Three horizontal forces act on the car. 
",49.60629,75.2325464
0625_s15_qp_14_07,"7  The extension-load graph for a spring is shown. The unstretched length of the spring is 17.0 cm. 
 
",49.60607118,354.020303
0625_s15_qp_14_08,"8  Which form of energy is used to generate electrical energy in a tidal power station? 
",49.60629,75.2325464
0625_s15_qp_14_09,"9  Four different model steam engines each lift a 1.0 kg object from the same laboratory floor to the 
",49.60629,201.771668
0625_s15_qp_14_10,"10  Which statement is explained by reference to pressure? 
",49.60629,406.999988
0625_s15_qp_14_11,"11  Small smoke particles suspended in air are viewed through a microscope. 
 
",49.60629,546.2103662
0625_s15_qp_14_12,"12  The gas in a container is heated but is kept at constant volume. 
 
",49.60629,87.87531718
0625_s15_qp_14_13,"13  Which row is correct for the evaporation of a liquid? 
 
",49.60629,239.7009702
0625_s15_qp_14_14,"14  A long thin bar of copper is heated evenly along its length. 
 
",49.60629,424.0082446
0625_s15_qp_14_15,"15  A  solid  is  heated  from  room  temperature.  The  graph  shows  how  its  temperature  changes  with 
",49.60629,75.2325464
0625_s15_qp_14_16,"16  One method of heat transfer involves the energy travelling at a much greater speed than in other 
",49.60649763,411.3652237
0625_s15_qp_14_17,"17  The diagram shows four markings on a liquid-in-glass thermometer. 
 
",49.60629,87.87531718
0625_s15_qp_14_18,"18  The diagram shows a block of ice placed in a warm room. 
 
",49.60629,472.9057588
0625_s15_qp_14_19,"19  The thermal capacity of solid Y is greater than that of solid Z. 
 
",49.60629,87.87531718
0625_s15_qp_14_20,"20  The diagram shows a water wave in a ripple tank. 
 
",49.6068791,241.3717931
0625_s15_qp_14_21,"21  Which diagram shows how the light from a candle is reflected by a mirror, and shows the position 
",49.60629,75.2325464
0625_s15_qp_14_22,"22  The diagram shows a ray of white light incident on a triangular glass prism. 
 
",49.60629,87.87531718
0625_s15_qp_14_23,"23  A parallel beam of light falls on a converging lens. 
 
",49.60629,423.2145446
0625_s15_qp_14_24,"24  In the experiment shown, the bell is heard ringing. The air is gradually pumped out of the jar. No 
",49.60629,75.2325464
0625_s15_qp_14_25,"25  What can be heard by the human ear? 
",49.60669048,442.6612651
0625_s15_qp_14_26,"26  Which action will demagnetise a magnetised piece of steel? 
",49.60652408,569.1987346
0625_s15_qp_14_27,"27  Which  row  gives  the  unit  for  electromotive  force  (e.m.f.)  and  the  unit  for  potential  difference 
",49.60629,75.2325464
0625_s15_qp_14_28,"28  A student investigates the force on a bar magnet placed near a current-carrying coil. She carries 
",49.60629,257.954288
0625_s15_qp_14_29,"29  Which sample of copper wire has the greatest electrical resistance? 
",49.60629,580.792088
0625_s15_qp_14_30,"30  A student uses the circuit shown to determine the resistance of the two identical resistors. 
 
",49.60629,87.87531718
0625_s15_qp_14_31,"31  Which component is represented by this circuit symbol? 
 
",49.6074281,329.5294131
0625_s15_qp_14_32,"32  A student sets up this circuit. 
 
",49.60681342,554.3740277
0625_s15_qp_14_33,"33  Three cores of different metals, P, Q and R, are placed inside identical coils of wire. 
 
",49.60629,87.87531718
0625_s15_qp_14_34,"34  Which diagram represents the voltage output of a simple a.c. generator? 
 
",49.60629,87.87531718
0625_s15_qp_14_35,"35  In an electrical circuit, what is the purpose of a fuse? 
",49.6069176,400.8200729
0625_s15_qp_14_36,"36  The diagram shows a cathode-ray tube. 
 
",49.60629,87.87531718
0625_s15_qp_14_37,"37  Which particles are emitted during thermionic emission? 
",49.60629,421.1165738
0625_s15_qp_14_38,"38  A uranium  U238
 
",49.60618002,565.6550095
0625_s15_qp_14_39,"39  Which row shows the nature and the penetrating ability of β-particles? 
 
",49.60629,88.69688488
0625_s15_qp_14_40,"40  A  radioactive  isotope  is  placed  near  a  detector.  The  readings  on  the  detector  are  corrected  for 
",49.60629,231.988898
0625_s16_qp_21_01,"1  The diagram shows an enlarged drawing of the end of a metre rule. It is being used to measure 
",49.60629,75.2325464
0625_s16_qp_21_02,"2  The speed-time graph shown is for a car moving in a straight line. 
 
",49.6069928,350.0525054
0625_s16_qp_21_03,"3  Two runners take part in a race. 
 
",49.60629,87.87531718
0625_s16_qp_21_04,"4  A satellite orbits the Earth above the atmosphere at a constant speed. 
 
",49.60666634,414.6538488
0625_s16_qp_21_05,"5  A cup contains hot liquid. 
 
",49.60629,87.87531718
0625_s16_qp_21_06,"6  The diagrams show three uniform beams P, Q and R, each pivoted at its centre. 
 
",49.60629,293.8978488
0625_s16_qp_21_07,"7  An object of mass 50 kg accelerates from a velocity of 2.0 m / s to a velocity of 10 m / s in the same 
",49.60629,75.2325464
0625_s16_qp_21_08,"8  A scalar quantity has 
",49.60753736,174.7576588
0625_s16_qp_21_09,"9  Energy is released in some nuclear reactions. 
 
",49.60775733,313.9690269
0625_s16_qp_21_10,"10  A lorry of mass 4000 kg is travelling at a speed of 4.0 m / s. 
 
",49.60629,522.0013172
0625_s16_qp_21_11,"11  A force acts on an object and causes the object to move a certain distance, in the same direction 
",49.60629,75.2325464
0625_s16_qp_21_12,"12  A diver under water uses breathing apparatus at a depth where the pressure is 1.25 × 105
 
",49.60629,295.2291949
0625_s16_qp_21_13,"13  The diagram shows a simple mercury barometer. 
 
",49.60629,87.87531718
0625_s16_qp_21_14,"14  Which statement about evaporation is correct? 
",49.60651203,394.0750126
0625_s16_qp_21_15,"15  A  beaker  contains  0.500 kg  of  water  at  a  temperature  of  3.0 °C.  The  beaker  is  heated,  and  the 
",49.60640205,520.6141343
0625_s16_qp_21_16,"16  A substance loses thermal energy (heat) to the surroundings at a steady rate. 
 
",49.60629,87.87531718
0625_s16_qp_21_17,"17  A student wishes to check the upper and the lower fixed points on a Celsius scale thermometer. 
 
",49.60754458,424.6599845
0625_s16_qp_21_18,"18  Two otherwise identical cars, one black and one white, are at the same initial temperature. The 
cars  are  left  in  bright  sunshine  and  their  temperatures  increase.  During  the  night  their 
temperatures decrease. 
",49.60629,100.518088
0625_s16_qp_21_19,"19  A liquid is heated in a beaker. 
 
",49.60629,335.3970588
0625_s16_qp_21_20,"20  Sound waves of frequency 2.0 kHz travel through a substance at a speed of 800 m / s. 
",49.60629,674.7606838
0625_s16_qp_21_21,"21  Which row shows the natures of light waves, sound waves and X-rays? 
 
",49.60629,87.87531718
0625_s16_qp_21_22,"22  The diagram shows light travelling from air into glass. 
 
",49.60629,243.8096588
0625_s16_qp_21_23,"23  The diagram shows a converging lens forming an image of an object. 
 
",49.60706496,542.0140065
0625_s16_qp_21_24,"24  A sound wave travels through air as a series of compressions and rarefactions. 
 
",49.60629,87.87531718
0625_s16_qp_21_25,"25  A sound wave has a certain amplitude and a certain frequency. 
 
",49.60629,295.9105446
0625_s16_qp_21_26,"26  What is an electric field? 
",49.60618002,460.4064644
0625_s16_qp_21_27,"27  A negatively charged rod is held close to one side of a metal sphere. The other side of the sphere 
",49.60629,75.2325464
0625_s16_qp_21_28,"28  A cell is connected to a lamp, as shown. 
 
",49.6069248,411.4218436
0625_s16_qp_21_29,"29  The diagrams show four current-voltage graphs. 
 
",49.60629,87.87531718
0625_s16_qp_21_30,"30  The four circuits shown all include an a.c. power supply, two diodes and a lamp. 
 
",49.60629,399.9137546
0625_s16_qp_21_31,"31  The diagram shows a combination of logic gates. 
 
",49.60629,87.87531718
0625_s16_qp_21_32,"32  The diagram shows part of a circuit used to switch street lamps on and off automatically. 
 
",49.60629,401.0474688
0625_s16_qp_21_33,"33  A domestic circuit includes a 30 A fuse. This protects the wiring if there is too much current in the 
",49.60629,75.2325464
0625_s16_qp_21_34,"34  A strong electromagnet is used to attract pins. 
 
",49.60629,281.2553488
0625_s16_qp_21_35,"35  The diagram shows a transformer. 
 
",49.60629,87.87531718
0625_s16_qp_21_36,"36  The diagram shows a shaded area where the direction of a magnetic field is into the page. 
 
",49.6069928,365.6998154
0625_s16_qp_21_37,"37  The arrangement shown is used to check whether the flour inside a cardboard packet is above a 
certain  level.  If  it  is  above  this  level,  the  flour  absorbs  the  radiation  from  the  source  so  that  it 
doesn’t reach the detector. 
",49.60629,100.518088
0625_s16_qp_21_38,"38  A nucleus of americium 
 
",49.60447802,420.3218712
0625_s16_qp_21_39,"39  A certain element has several isotopes. 
",49.60607978,584.9019128
0625_s16_qp_21_40,"40  A  reading  is  taken  every  10  minutes  of  the  number  of  emissions  per  second  from  a  radioactive 
",49.60629,75.2325464
0625_s16_qp_22_01,"1  The diagram shows an enlarged drawing of the end of a metre rule. It is being used to measure 
",49.60629,75.2325464
0625_s16_qp_22_02,"2  A car travels along a straight road. 
 
",49.6069928,350.0525054
0625_s16_qp_22_03,"3  A large stone is dropped from a bridge into a river. Air resistance can be ignored. 
 
",49.60684336,601.2580336
0625_s16_qp_22_04,"4  A cup contains hot liquid. 
 
",49.60629,87.87531718
0625_s16_qp_22_05,"5  Below are four statements about acceleration. 
",49.60629,281.255078
0625_s16_qp_22_06,"6  The diagram shows a non-uniform beam of weight 120 N, pivoted at one end. The beam is kept in 
",49.60618002,431.4648461
0625_s16_qp_22_07,"7  An object is acted upon by a 3 N force and by a 4 N force. 
 
",49.60629,87.87531718
0625_s16_qp_22_08,"8  The engine of a car produces a driving force of 5000 N on the car. Resistive forces R also act on 
",49.60784736,340.4137729
0625_s16_qp_22_09,"9  A stone of mass m is held at rest in water. The stone is released and falls vertically a distance h. 
",49.60738006,550.9153346
0625_s16_qp_22_10,"10  Which energy resource does not derive its energy from the Sun? 
",49.60629,75.2325464
0625_s16_qp_22_11,"11  Some processes are more efficient than others. 
 
",49.60497019,214.4144388
0625_s16_qp_22_12,"12  A diver under water uses breathing apparatus at a depth where the pressure is 1.25 × 105
 
",49.60648538,448.4700949
0625_s16_qp_22_13,"13  The diagram shows a simple mercury barometer. 
 
",49.60629,87.87531718
0625_s16_qp_22_14,"14  Which statement describes what happens as ice at 0 
",49.60651203,394.8119054
0625_s16_qp_22_15,"15  Smoke particles, illuminated by a bright light, are seen through a microscope. They move about 
",49.60656634,521.4342657
0625_s16_qp_22_16,"16  A liquid is at a temperature below its boiling point. 
 
",49.60629,87.87531718
0625_s16_qp_22_17,"17  A beaker of liquid is left on a laboratory bench. There is an electric fan in the laboratory causing a 
",49.60629,295.399888
0625_s16_qp_22_18,"18  Which processes occur in a metal to cause thermal conduction? 
 
",49.60629,555.5923588
0625_s16_qp_22_19,"19  A wooden beam is painted part black and part white. The beam absorbs infra-red radiation from 
",49.60629,75.2325464
0625_s16_qp_22_20,"20  5.0 g of water at 25 
",49.60629,366.2942808
0625_s16_qp_22_21,"21  The frequency of a wave is doubled. The speed of the wave does not change. 
",49.6069928,542.6380588
0625_s16_qp_22_22,"22  Which row shows the natures of light waves, sound waves and X-rays? 
 
",49.60629,87.87531718
0625_s16_qp_22_23,"23  The diagram shows light passing from air into glass. 
 
",49.60629,243.8096588
0625_s16_qp_22_24,"24  Visible light has a frequency of approximately 5.0 × 1014
 
",49.60659118,472.3094949
0625_s16_qp_22_25,"25  The diagram shows a converging lens forming an image of an object. 
 
",49.60629,87.87531718
0625_s16_qp_22_26,"26  A  small  potential  difference  V  is  applied  across  a  filament  lamp.  The  current  I  in  the  lamp  is 
",49.60781024,363.4598365
0625_s16_qp_22_27,"27  A resistor of resistance R is connected to a battery of e.m.f. V. 
 
",49.60570778,579.3744678
0625_s16_qp_22_28,"28  A wire has a certain electrical resistance. 
 
",49.60629,87.87531718
0625_s16_qp_22_29,"29  The four circuits shown all include an a.c. power supply, two diodes and a lamp. 
 
",49.60629,308.5529588
0625_s16_qp_22_30,"30  P and Q are the circuit symbols for two electrical components. 
 
",49.60629,87.87531718
0625_s16_qp_22_31,"31  The diagram shows a combination of logic gates. 
 
",49.60629,327.7719546
0625_s16_qp_22_32,"32  The diagram shows part of a circuit used to switch street lamps on and off automatically. 
 
",49.60629,87.87531718
0625_s16_qp_22_33,"33  A domestic circuit includes a 30 A fuse. This protects the wiring if there is too much current in the 
",49.60629,470.0709638
0625_s16_qp_22_34,"34  A strong electromagnet is used to attract pins. 
 
",49.60629,87.87531718
0625_s16_qp_22_35,"35  The diagram shows a transformer. 
 
",49.60676912,367.3727844
0625_s16_qp_22_36,"36  The diagram shows a shaded area where the direction of a magnetic field is into the page. 
 
",49.60629,87.87531718
0625_s16_qp_22_37,"37  A very important experiment increased scientists’ understanding of the structure of matter. 
 
",49.60679626,406.319475
0625_s16_qp_22_38,"38  Below are the symbols for five different nuclides. 
 
",49.60629,612.8523446
0625_s16_qp_22_39,"39  A radioactive decay can be represented as shown. 
 
",49.60629,87.87531718
0625_s16_qp_22_40,"40  The graph shows how the decay rate of a radioactive source changes with time. 
 
",49.6057679,297.300861
0625_s16_qp_23_01,"1  The diagram shows an enlarged drawing of the end of a metre rule. It is being used to measure 
",49.60629,75.2325464
0625_s16_qp_23_02,"2  An object moves at a constant speed for some time, then begins to accelerate. 
 
",49.6069928,350.0525054
0625_s16_qp_23_03,"3  A  heavy  object  is  released  near  the  surface  of  the  Earth  and  falls  freely.  Air  resistance  can  be 
",49.60629,75.2325464
0625_s16_qp_23_04,"4  A cup contains hot liquid. 
 
",49.60629,252.371457
0625_s16_qp_23_05,"5  An object moves in a circle at constant speed. 
 
",49.60629,458.3923588
0625_s16_qp_23_06,"6  A long plank XY lies on the ground. A load of 120 N is placed on it, at a distance of 0.50 m from 
",49.60629,75.2325464
0625_s16_qp_23_07,"7  Which list contains only vector quantities? 
",49.60698352,320.9970688
0625_s16_qp_23_08,"8  A gas molecule strikes the wall of a container. The molecule rebounds with the same speed. 
 
",49.60698352,460.207667
0625_s16_qp_23_09,"9  Which energy resource does not derive its energy from the Sun? 
",49.60629,75.2325464
0625_s16_qp_23_10,"10  The diagram shows the energy used by a modern lamp. 
 
",49.60497019,214.4144388
0625_s16_qp_23_11,"11  Three boxes each weigh 100 N. A man lifts all the boxes together from the ground on to a shelf 
",49.60830704,528.6635284
0625_s16_qp_23_12,"12  A diver under water uses breathing apparatus at a depth where the pressure is 1.25 × 105
 
",49.60629,88.69688488
0625_s16_qp_23_13,"13  The diagram shows a simple mercury barometer. 
 
",49.60657978,359.6053154
0625_s16_qp_23_14,"14  What causes the random, zig-zag movement (Brownian motion) of smoke particles suspended in 
",49.60651203,665.8040226
0625_s16_qp_23_15,"15  A sealed bottle of constant volume contains air. 
 
",49.60629,87.87531718
0625_s16_qp_23_16,"16  The diagram shows a liquid-in-glass thermometer. 
 
",49.60629,335.3970588
0625_s16_qp_23_17,"17  In an experiment to measure specific heat capacity, a block of aluminium is heated and its rise in 
",49.6076817,573.2527177
0625_s16_qp_23_18,"18  Which row shows the surface that is the better absorber and the surface that is the better emitter 
",49.60629,75.2325464
0625_s16_qp_23_19,"19  A  student  suggests  some  uses  for  containers  made  from  good  thermal  conductors  and  for 
",49.60629,243.809388
0625_s16_qp_23_20,"20  A water wave passes into a region where the wave travels more slowly. 
 
",49.60629,500.9403688
0625_s16_qp_23_21,"21  Which row shows the natures of light waves, sound waves and X-rays? 
 
",49.60629,87.87531718
0625_s16_qp_23_22,"22  The diagram shows an object in front of a plane mirror. The mirror forms an image of the object. 
 
",49.60629,243.8096588
0625_s16_qp_23_23,"23  Light enters a glass block at an angle of incidence of 46°. 
 
",49.60629,606.6720192
0625_s16_qp_23_24,"24  The diagram shows a converging lens forming an image of an object. 
 
",49.60629,87.87531718
0625_s16_qp_23_25,"25  The sound from a loudspeaker must pass through two materials to reach a microphone. 
 
",49.60781024,375.3657145
0625_s16_qp_23_26,"26  Which  range  of  wave  frequencies  includes  only  sounds  that  can  be  heard  by  a  human  with 
",49.60629,652.593688
0625_s16_qp_23_27,"27  Each diagram shows two charged metal plates. 
 
",49.60629,87.87531718
0625_s16_qp_23_28,"28  The four circuits shown all include an a.c. power supply, two diodes and a lamp. 
 
",49.60689904,377.7749495
0625_s16_qp_23_29,"29  The diagram shows a battery connected to two resistors. 
 
",49.60629,87.87531718
0625_s16_qp_23_30,"30  A 3.0 
 
",49.60629,417.8275949
0625_s16_qp_23_31,"31  The diagram shows a combination of logic gates. 
 
",49.60629,87.87531718
0625_s16_qp_23_32,"32  The diagram shows part of a circuit used to switch street lamps on and off automatically. 
 
",49.60629,401.0474688
0625_s16_qp_23_33,"33  A domestic circuit includes a 30 A fuse. This protects the wiring if there is too much current in the 
",49.60629,75.2325464
0625_s16_qp_23_34,"34  A strong electromagnet is used to attract pins. 
 
",49.60629,281.2553488
0625_s16_qp_23_35,"35  The diagram shows a transformer. 
 
",49.60629,87.87531718
0625_s16_qp_23_36,"36  The diagram shows a shaded area where the direction of a magnetic field is into the page. 
 
",49.6069928,365.6998154
0625_s16_qp_23_37,"37  Below are four statements about isotopes of a certain element. 
",49.60629,75.2325464
0625_s16_qp_23_38,"38  Which diagram represents an experiment that provided evidence for the nuclear atom? 
 
",49.60716987,238.0565995
0625_s16_qp_23_39,"39  Sodium-24 decays to magnesium-24 according to the following equation. 
 
",49.60686192,562.6503636
0625_s16_qp_23_40,"40  The reading on a detector placed near a radioactive material is 536 counts per second. 
 
",49.60629,87.87531718
0625_s17_qp_21_01,"1  What is the most accurate and precise method to measure the thickness of a coin? 
",49.62,74.91648
0625_s17_qp_21_02,"2  On Earth, a ball is dropped and falls 2.0 m in a vacuum. 
 
",49.62010975,214.05642
0625_s17_qp_21_03,"3  A skydiver reaches terminal velocity. Then he opens his parachute. 
 
",49.6221926,504.8759698
0625_s17_qp_21_04,"4  A  piece  of steel  is  taken  from  the  Earth  to  the  Moon  for  an  experiment.  The  gravitational  field 
",49.62,74.85648
0625_s17_qp_21_05,"5  A measuring cylinder containing only water is placed on an electronic balance. A small, irregularly 
",49.62010975,239.3762982
0625_s17_qp_21_06,"6  A boat is travelling at a steady speed in a straight line across the surface of a lake. 
 
",49.62,87.51642
0625_s17_qp_21_07,"7  A ball of weight 1.2 N drops through the air at terminal velocity. 
 
",49.62010975,239.37642
0625_s17_qp_21_08,"8  The diagram shows a uniform bridge, 4.0 m long and weighing 10 000 N. 
 
",49.62,87.51642
0625_s17_qp_21_09,"9  A bullet of mass 0.10 kg travels horizontally at a speed of 600 m / s. It strikes a stationary wooden 
",49.62150893,296.37649
0625_s17_qp_21_10,"10  A box of mass m slides down a slope of length l and vertical height d against a frictional force F. 
 
",49.61989025,87.7567002
0625_s17_qp_21_11,"11  The diagram represents the energy transfers for a device. 
 
",49.62,465.7560198
0625_s17_qp_21_12,"12  A student carries out some simple exercises. 
 
",49.62,87.51642
0625_s17_qp_21_13,"13  Four different liquids are poured into four containers. 
 
",49.62298808,400.41671
0625_s17_qp_21_14,"14  Brownian motion is observed when using a microscope to look at smoke particles in air. 
 
",49.62,87.51642
0625_s17_qp_21_15,"15  Gas molecules striking a container wall cause a pressure to be exerted on the wall. 
 
",49.61989025,239.3762982
0625_s17_qp_21_16,"16  Equal masses of two different liquids are put into identical beakers. 
 
",49.62,87.51642
0625_s17_qp_21_17,"17  Water of mass 100 g at a temperature of 100 °C is converted into steam at 100 °C. The specific 
",49.62179816,509.88422
0625_s17_qp_21_18,"18  A copper bar and a wooden bar are joined. A piece of paper is wrapped tightly around the join. 
 
",49.62,87.51642
0625_s17_qp_21_19,"19  Different waves hit barriers with different sized gaps. 
 
",49.62,87.51642
0625_s17_qp_21_20,"20  A converging lens is used as a magnifying glass to view an object. 
 
",49.6223556,535.71672
0625_s17_qp_21_21,"21  Which diagram shows what happens when a ray of white light passes through a prism? 
 
",49.62,87.51642
0625_s17_qp_21_22,"22  Light travels in a vacuum and then enters a glass block. The speed of the light in the glass block 
",49.62278589,412.47677
0625_s17_qp_21_23,"23  A fire alarm is not loud enough and the pitch is too low. An engineer adjusts the alarm so that it 
",49.62073735,578.6159098
0625_s17_qp_21_24,"24  In a child’s toy, metal fish are lifted out of a toy pond using a metal rod. The fish are magnetically 
",49.62,74.85648
0625_s17_qp_21_25,"25  What is the most effective method of demagnetising a bar magnet? 
",49.62,439.4766302
0625_s17_qp_21_26,"26  A magnet near a coil of wire is attracted to the coil only when there is a current in the coil. 
 
",49.62010975,616.5360476
0625_s17_qp_21_27,"27  A student rubs a plastic rod with a cloth. 
 
",49.62,87.51642
0625_s17_qp_21_28,"28  Which quantity is measured in coulombs? 
",49.62,252.0362382
0625_s17_qp_21_29,"29  A  cylinder  of  conducting  putty  has  length  l,  diameter  d  and  resistance  R.  The  putty  is  now 
",49.62010975,378.9759084
0625_s17_qp_21_30,"30  The average current during a lightning strike between a cloud and the ground is 1.5 × 104
 
",49.62113965,570.4561398
0625_s17_qp_21_31,"31  A student connects a variable potential divider (potentiometer) circuit. 
 
",49.62,87.51642
0625_s17_qp_21_32,"32  The circuit diagram shows a circuit with an a.c. supply, a diode and a resistor. 
 
",49.62021047,404.0159698
0625_s17_qp_21_33,"33  A light-dependent resistor (LDR) and a resistor R are connected in a series circuit. Light falls on 
",49.62,74.85648
0625_s17_qp_21_34,"34  The diagram shows a logic gate. 
 
",49.62,436.4760198
0625_s17_qp_21_35,"35  A  simple  d.c.  electric  motor  is  fitted  with  a  coil  that  rotates  in  a  magnetic  field.  A  commutator 
",49.62,74.85648
0625_s17_qp_21_36,"36  What is the purpose of a relay? 
",49.62109755,241.056348
0625_s17_qp_21_37,"37  Which row gives the relative charge of an electron, a neutron and a proton? 
 
",49.62109755,380.196006
0625_s17_qp_21_38,"38  A nuclide of element X undergoes β-decay. 
 
",49.62,536.97588
0625_s17_qp_21_39,"39  A sample of radioactive isotope is decaying. 
 
",49.62,87.51642
0625_s17_qp_21_40,"40  A detector of ionising radiation gives a background reading of 20 counts / minute. 
 
",49.62,239.37642
0625_s17_qp_22_01,"1  What is the most accurate and precise method to measure the thickness of a coin? 
",49.62,74.91648
0625_s17_qp_22_02,"2  A student determines the average speed of a bubble rising through a liquid at constant speed. 
 
",49.62010975,214.0563576
0625_s17_qp_22_03,"3  The diagram shows the speed-time graph for a toy car travelling in a straight line. 
 
",49.62,87.51642
0625_s17_qp_22_05,"5  The masses of a measuring cylinder before and after pouring some liquid into it are shown in the 
",49.62,74.85648
0625_s17_qp_22_06,"6  A spring which obeys Hooke’s Law has an unstretched length of 10 cm. 
 
",49.62,359.0741645
0625_s17_qp_22_07,"7  A car travels forwards along a straight horizontal road. Only the horizontal forces acting on it are 
",49.62,483.87649
0625_s17_qp_22_08,"8  The diagram shows a wooden beam of weight 20 N. The centre of mass of the beam is labelled 
",49.62,74.85648
0625_s17_qp_22_09,"9  A ball of mass 2.0 kg is travelling at a speed of 12 m / s. It moves towards an object of mass 3.0 kg 
",49.62214304,354.33648
0625_s17_qp_22_10,"10  An object falls from a height of 5.0 m. 
 
",49.62,87.51642
0625_s17_qp_22_11,"11  An electric generator produces an electromotive force (e.m.f.) of 200 V and produces a current of 
",49.62211006,212.37649
0625_s17_qp_22_12,"12  The diagrams show athletes training by stretching springs. 
 
",49.62059988,324.57606
0625_s17_qp_22_13,"13  Four different liquids are poured into four containers. 
 
",49.62,87.51642
0625_s17_qp_22_14,"14  Brownian motion is observed when using a microscope to look at smoke particles in air. 
 
",49.62279168,354.6963398
0625_s17_qp_22_15,"15  A student blows air through a liquid using a straw. This causes the liquid to evaporate quickly and 
",49.62268192,493.8964976
0625_s17_qp_22_16,"16  What is meant by the specific latent heat of fusion of ice? 
",49.62279168,658.476596
0625_s17_qp_22_17,"17  Equal masses of two different liquids are put into identical beakers. 
 
",49.62,87.51642
0625_s17_qp_22_18,"18  A copper bar and a wooden bar are joined. A piece of paper is wrapped tightly around the join. 
 
",49.62,87.51642
0625_s17_qp_22_19,"19  Different waves hit barriers with different sized gaps. 
 
",49.62,87.51642
0625_s17_qp_22_20,"20  The incomplete ray diagram shows two rays of light that have passed from one point on an object 
",49.62,74.85648
0625_s17_qp_22_21,"21  Which diagram shows what happens when a ray of white light passes through a prism? 
 
",49.62,431.07629
0625_s17_qp_22_22,"22  Light travels in a vacuum and then enters a glass block. The speed of the light in the glass block 
",49.62,74.85648
0625_s17_qp_22_23,"23  A fire alarm is not loud enough and the pitch is too low. An engineer adjusts the alarm so that it 
",49.62073735,240.9960198
0625_s17_qp_22_24,"24  A student demagnetises a magnetised steel bar. 
 
",49.62,445.8960198
0625_s17_qp_22_25,"25  A magnet near a coil of wire is attracted to the coil only when there is a current in the coil. 
 
",49.62,87.51642
0625_s17_qp_22_26,"26  What is wrong with this labelled diagram of a permanent magnet? 
 
",49.62010975,239.3762982
0625_s17_qp_22_27,"27  A student tests the electrical conduction of four materials. 
 
",49.62156424,490.17585
0625_s17_qp_22_28,"28  What is the unit of charge? 
",49.62,74.91648
0625_s17_qp_22_29,"29  An isolated metal sphere is positively charged. 
 
",49.62,214.0563576
0625_s17_qp_22_30,"30  Which  diagram  is  the  current-voltage  (I-V)  characteristic  graph  for  a  metallic  conductor  at 
",49.62244798,470.6165778
0625_s17_qp_22_31,"31  Four  circuits  each  contain  a  6 V  battery,  a  diode,  an  ammeter  and  a  lamp.  None  of  the 
",49.62,74.85648
0625_s17_qp_22_32,"32  A student connects a variable potential divider (potentiometer) circuit. 
 
",49.62174324,429.0364398
0625_s17_qp_22_33,"33  The diagram shows an electric circuit. 
 
",49.62,87.51642
0625_s17_qp_22_34,"34  What does the symbol shown represent? 
 
",49.62214304,282.0358598
0625_s17_qp_22_35,"35  What is the purpose of a relay? 
",49.62119043,452.3171784
0625_s17_qp_22_36,"36  Which device uses a split-ring commutator? 
",49.62119043,578.8571766
0625_s17_qp_22_37,"37  Which particle has a negative charge? 
",49.62,74.91648
0625_s17_qp_22_38,"38  A type of nuclear reaction takes place in stars. 
 
",49.62010975,214.0563576
0625_s17_qp_22_39,"39  A sample of radioactive isotope is decaying. 
 
",49.62,395.3163
0625_s17_qp_22_40,"40  A sample of a radioactive isotope emits particles at a rate of 240 per minute. 
 
",49.62,547.115898
0625_s17_qp_23_01,"1  What is the most accurate and precise method to measure the thickness of a coin? 
",70.4301,105.9320016
0625_s17_qp_23_02,"2  A  pendulum  is  swinging.  Five  students  each  measure  the  time  it  takes  to  swing  through  ten 
",70.43025519,284.7732511
0625_s17_qp_23_03,"3  Which distance-time graph represents a body whose speed is decreasing? 
 
",70.433772,497.1267688
0625_s17_qp_23_04,"4  What are the units for mass, pressure and velocity? 
 
",70.4301,123.7481184
0625_s17_qp_23_05,"5  A steel ball bearing has a mass of 24 g and a density of 8.0 g / cm3. It is lowered into a measuring 
",70.4301,326.3455016
0625_s17_qp_23_06,"6  The diagram shows an object being acted upon by two forces. 
 
",70.43425343,484.9945333
0625_s17_qp_23_07,"7  The diagram shows a man holding a sack and barrow stationary. He applies a vertical force to 
",70.4301,105.8471016
0625_s17_qp_23_08,"8  The diagram shows the only two forces F1 and F2 acting on an object. The magnitude of each 
",70.4301,106.7865161
0625_s17_qp_23_09,"9  The diagrams show four bodies moving in the directions shown. The only forces acting on the 
",70.4301,105.8471016
0625_s17_qp_23_10,"10  A steel ball is fired vertically upwards with a velocity v. The ball reaches a height h. 
 
",70.43190633,647.7183344
0625_s17_qp_23_11,"11  A solar panel is used to recharge a battery. The solar panel produces 0.80 W of electrical power. 
",70.4301,105.8471016
0625_s17_qp_23_12,"12  The diagrams show four different athletes training by doing pull-ups. 
 
",70.43403088,452.0764233
0625_s17_qp_23_13,"13  Four different liquids are poured into four containers. 
 
",70.4301,123.7481184
0625_s17_qp_23_14,"14  Brownian motion is observed when using a microscope to look at smoke particles in air. 
 
",70.43488313,501.5387989
0625_s17_qp_23_15,"15  The diagrams show four open dishes. Each dish contains water at the same temperature. 
 
",70.43472794,716.2687148
0625_s17_qp_23_16,"16  Equal masses of two different liquids are put into identical beakers. 
 
",70.4301,123.7481184
0625_s17_qp_23_17,"17  A block of ice at –20 °C is heated until it turns to steam. The graph of temperature against thermal 
",70.4301,107.1593064
0625_s17_qp_23_18,"18  A copper bar and a wooden bar are joined. A piece of paper is wrapped tightly around the join. 
 
",70.43492984,597.9169688
0625_s17_qp_23_19,"19  Different waves hit barriers with different sized gaps. 
 
",70.4301,123.7481184
0625_s17_qp_23_20,"20  A converging lens is used to make an image on a screen. 
 
",70.4301,123.7481184
0625_s17_qp_23_21,"21  Which diagram shows what happens when a ray of white light passes through a prism? 
 
",70.43333145,528.8572026
0625_s17_qp_23_22,"22  Light travels in a vacuum and then enters a glass block. The speed of the light in the glass block 
",70.4301,105.8471016
0625_s17_qp_23_23,"23  A fire alarm is not loud enough and the pitch is too low. An engineer adjusts the alarm so that it 
",70.43131608,340.7672165
0625_s17_qp_23_24,"24  In which way are a bar magnet and an electromagnet similar? 
",70.4301,612.6790352
0625_s17_qp_23_25,"25  A magnet near a coil of wire is attracted to the coil only when there is a current in the coil. 
 
",70.43025519,827.3223183
0625_s17_qp_23_26,"26  A steel magnet is placed in a coil and demagnetised. 
 
",70.4301,123.7481184
0625_s17_qp_23_27,"27  Which material is a conductor of electricity? 
",70.42839289,320.6571296
0625_s17_qp_23_28,"28  The diagrams each show a positive point charge. 
 
",70.42854808,517.3990854
0625_s17_qp_23_29,"29  Which quantity is equivalent to 1.0 V? 
",70.43491032,755.3797531
0625_s17_qp_23_30,"30  A circuit contains a fixed resistor. The potential difference across the resistor is 24.0 V and the 
",70.34910872,842.3394116
0625_s17_qp_23_31,"31  A battery, an ammeter, a switch, a lamp and a resistor are connected together in a circuit. 
 
",70.4301,123.7481184
0625_s17_qp_23_32,"32  A student connects a variable potential divider (potentiometer) circuit. 
 
",70.43492984,479.3104333
0625_s17_qp_23_33,"33  The diagram shows a circuit used to make a light detector. 
 
",70.4301,123.7481184
0625_s17_qp_23_34,"34  A truth table for a type of logic gate is shown. 
 
",70.43370504,503.9150344
0625_s17_qp_23_35,"35  In which device is a split-ring commutator used, and what is its purpose? 
 
",70.42699616,793.6409024
0625_s17_qp_23_36,"36  What is the purpose of a relay? 
",70.4301,105.9320016
0625_s17_qp_23_37,"37  When a source of (cid:68)-particles is directed towards a thin metal foil they become scattered. 
 
",70.4301,303.8616658
0625_s17_qp_23_38,"38  Which description of a neutral atom of copper is correct? 
",70.43165193,508.2391116
0625_s17_qp_23_39,"39  A sample of radioactive isotope is decaying. 
 
",70.43165193,704.9810674
0625_s17_qp_23_40,"40  A student determines the half-life of a radioactive isotope. 
 
",70.4301,123.7481184
0625_w13_qp_11_01,"1  A student uses a ruler to measure the length and the width of a small rectangular metal plate. 
 
",49.60629,87.72133958
0625_w13_qp_11_02,"2  The diagram shows the speed / time graph for a train as it travels along a track. 
 
",49.60621688,367.2457296
0625_w13_qp_11_03,"3  A small steel ball is dropped from a low balcony. 
 
",49.60665472,590.8152743
0625_w13_qp_11_04,"4  Which is the unit for force and which is the unit for weight? 
 
",49.60629,87.72133958
0625_w13_qp_11_05,"5  A cup contains hot liquid. 
 
",49.60629,243.6556812
0625_w13_qp_11_06,"6  Four  rectangular  blocks,  P,  Q,  R  and  S  are  shown.  Each  block  is  labelled  with  its  size  and  its 
",49.60629,437.0633962
0625_w13_qp_11_07,"7  A force acting on an object causes some properties of the object to change. 
 
",49.60629,87.72133958
0625_w13_qp_11_08,"8  A box is being moved by a fork-lift truck. The total weight of the box is 3000 N. 
 
",49.60629,239.5449396
0625_w13_qp_11_09,"9  Some energy sources are reliably available at all times, and some are not. 
 
",49.6064529,568.3363378
0625_w13_qp_11_10,"10  A woman in a factory has to lift a box on to a shelf. 
 
",49.60629,87.72133958
0625_w13_qp_11_11,"11  A drawing pin (thumb tack) has a sharp point and a flat end. 
 
",49.60580781,392.2194169
0625_w13_qp_11_12,"12  The diagrams show four divers at the bottom of four different swimming pools. 
 
",49.60629,87.72133958
0625_w13_qp_11_13,"13  The diagram shows a sealed jar containing a gas. 
 
",49.60789168,342.556066
0625_w13_qp_11_14,"14  A block of ice cream is prevented from melting by wrapping it in newspaper soaked in water. The 
",49.60679766,596.399736
0625_w13_qp_11_15,"15  Equal masses of two different liquids are heated using the same heater. The graph shows how 
",49.60629,75.0785688
0625_w13_qp_11_16,"16  A wooden wheel can be strengthened by putting a tight circle of iron around it. 
 
",49.60777312,422.8620369
0625_w13_qp_11_17,"17  A man goes into a cold room and switches on a heater. The man then stands one metre away 
",49.60629,75.0785688
0625_w13_qp_11_18,"18  A rod is made half of glass and half of copper. Four pins, A, B, C and D are attached to the rod 
",49.60712064,419.206046
0625_w13_qp_11_19,"19  Which row shows an example of a transverse wave and an example of a longitudinal wave? 
 
",49.60710928,625.396966
0625_w13_qp_11_20,"20  A boy throws a small stone into a pond. Waves spread out from where the stone hits the water 
",49.60629,75.0785688
0625_w13_qp_11_21,"21  The table gives common uses for three types of electromagnetic wave. 
 
",49.6069928,212.5600478
0625_w13_qp_11_22,"22  The diagram shows a ray of light passing through a semicircular glass block into air. 
 
",49.60629,408.405377
0625_w13_qp_11_23,"23  Which diagram shows how an image of an object is formed on a screen by a converging lens? 
 
",49.60629,87.72133958
0625_w13_qp_11_24,"24  When the volcano Krakatoa erupted in 1883, it was heard 5000 km away. 
 
",49.6068076,612.3008296
0625_w13_qp_11_25,"25  A loudspeaker on a boat produces a pulse of sound in the sea. The echo of the pulse is received 
",49.60629,75.0785688
0625_w13_qp_11_26,"26  A hard magnetic material can be used to make a permanent magnet. 
 
 
 
  Which row shows whether iron and steel are hard or soft magnetic materials? 
 
",49.6071028,390.4917209
0625_w13_qp_11_27,"27  How can a permanent magnet be demagnetised? 
",49.60629,533.8098862
0625_w13_qp_11_28,"28  Which equation can be used to calculate the resistance R of a resistor? 
",49.60629,660.3490079
0625_w13_qp_11_29,"29  A  student  wishes  to  measure  first  the  electromotive  force  (e.m.f.)  of  a  battery,  and  then  the 
",49.60629,75.0785688
0625_w13_qp_11_30,"30  Two  similar  balloons  hang  side  by  side,  on  insulating  threads,  a  short  distance  apart.  They  are 
",49.60618002,264.8610201
0625_w13_qp_11_31,"31  When the thermistor in the circuit below is heated, the current in the lamp increases. 
 
",49.60712922,478.052166
0625_w13_qp_11_32,"32  A student connects various resistors in parallel pairs. 
 
",49.60629,87.72133958
0625_w13_qp_11_33,"33  The circuit shown contains a relay. 
 
 
",49.60771882,441.5705268
0625_w13_qp_11_34,"34  The  diagram  shows  the  connections  to  an  electric  heater.  Three  fuses  have  been  added  to  the 
",49.60629,75.0785688
0625_w13_qp_11_35,"35  Which diagram shows a movement that will not produce the changing magnetic field needed to 
",49.60707354,413.1953603
0625_w13_qp_11_36,"36  The diagram shows a simple d.c. electric motor which is rotating. 
 
",49.60629,87.72133958
0625_w13_qp_11_37,"37  A transformer is needed to convert a supply of 240 V a.c. into 4800 V a.c. 
 
",49.60662616,398.2000296
0625_w13_qp_11_38,"38  The diagram shows a cathode-ray tube used to produce cathode rays. 
 
",49.60629,87.72133958
0625_w13_qp_11_39,"39  A  radioactive  substance  emits  a  particle  from  the  nucleus  of  one  of  its  atoms.  The  particle 
",49.60557923,416.0297459
0625_w13_qp_11_40,"40  A nucleus X has 17 protons and 18 neutrons. 
 
",49.60447939,595.6625436
0625_w13_qp_12_01,"1  The diagram shows the speed / time graph for a train as it travels along a track. 
 
",49.60621688,87.72133958
0625_w13_qp_12_02,"2  A student uses a ruler to measure the length and the width of a small rectangular metal plate. 
 
",49.60665472,311.2624643
0625_w13_qp_12_03,"3  A small steel ball is dropped from a low balcony. 
 
",49.6075216,590.8150378
0625_w13_qp_12_04,"4  Four  rectangular  blocks,  P,  Q,  R  and  S  are  shown.  Each  block  is  labelled  with  its  size  and  its 
",49.60629,75.0785688
0625_w13_qp_12_05,"5  Which is the unit for force and which is the unit for weight? 
 
",49.60662339,447.9207743
0625_w13_qp_12_06,"6  A cup contains hot liquid. 
 
",49.60629,603.854267
0625_w13_qp_12_07,"7  A box is being moved by a fork-lift truck. The total weight of the box is 3000 N. 
 
",49.60629,87.72133958
0625_w13_qp_12_08,"8  A force acting on an object causes some properties of the object to change. 
 
",49.6064529,416.5127478
0625_w13_qp_12_09,"9  Some energy sources are reliably available at all times, and some are not. 
 
",49.6064529,568.3384008
0625_w13_qp_12_10,"10  A woman in a factory has to lift a box on to a shelf. 
 
",49.60629,87.72133958
0625_w13_qp_12_11,"11  A drawing pin (thumb tack) has a sharp point and a flat end. 
 
",49.60580781,392.2194169
0625_w13_qp_12_12,"12  The diagrams show four divers at the bottom of four different swimming pools. 
 
",49.60629,87.72133958
0625_w13_qp_12_13,"13  A block of ice cream is prevented from melting by wrapping it in newspaper soaked in water. The 
",49.60728352,329.9132953
0625_w13_qp_12_14,"14  The diagram shows a sealed jar containing a gas. 
 
",49.60629,563.262057
0625_w13_qp_12_15,"15  Equal masses of two different liquids are heated using the same heater. The graph shows how 
",49.60629,75.0785688
0625_w13_qp_12_16,"16  A wooden wheel can be strengthened by putting a tight circle of iron around it. 
 
",49.60716496,422.8620369
0625_w13_qp_12_17,"17  A rod is made half of glass and half of copper. Four pins, A, B, C and D are attached to the rod 
",49.60629,75.0785688
0625_w13_qp_12_18,"18  A man goes into a cold room and switches on a heater. The man then stands one metre away 
",49.60710928,268.5998094
0625_w13_qp_12_19,"19  Which row shows an example of a transverse wave and an example of a longitudinal wave? 
 
",49.60712064,625.3983168
0625_w13_qp_12_20,"20  The diagram shows a ray of light passing through a semicircular glass block into air. 
 
",49.60629,87.72133958
0625_w13_qp_12_21,"21  A boy throws a small stone into a pond. Waves spread out from where the stone hits the water 
",49.60629,477.7689962
0625_w13_qp_12_22,"22  The table gives common uses for three types of electromagnetic wave. 
 
",49.6069928,615.2497378
0625_w13_qp_12_23,"23  Which diagram shows how an image of an object is formed on a screen by a converging lens? 
 
",49.60629,87.72133958
0625_w13_qp_12_24,"24  When the volcano Krakatoa erupted in 1883, it was heard 5000 km away. 
 
",49.6068076,612.3008296
0625_w13_qp_12_25,"25  A loudspeaker on a boat produces a pulse of sound in the sea. The echo of the pulse is received 
",49.60629,75.0785688
0625_w13_qp_12_26,"26  How can a permanent magnet be demagnetised? 
",49.6071028,327.2493812
0625_w13_qp_12_27,"27  A hard magnetic material can be used to make a permanent magnet. 
 
 
 
  Which row shows whether iron and steel are hard or soft magnetic materials? 
 
",49.6071028,517.0595484
0625_w13_qp_12_28,"28  Which equation can be used to calculate the resistance R of a resistor? 
",49.60629,660.3484962
0625_w13_qp_12_29,"29  A  student  wishes  to  measure  first  the  electromotive  force  (e.m.f.)  of  a  battery,  and  then  the 
",49.60629,75.0785688
0625_w13_qp_12_30,"30  When the thermistor in the circuit below is heated, the current in the lamp increases. 
 
",49.60618002,277.5037908
0625_w13_qp_12_31,"31  Two  similar  balloons  hang  side  by  side,  on  insulating  threads,  a  short  distance  apart.  They  are 
",49.60728078,529.3309802
0625_w13_qp_12_32,"32  The circuit shown contains a relay. 
 
 
",49.60629,100.3641104
0625_w13_qp_12_33,"33  A student connects various resistors in parallel pairs. 
 
",49.60629,420.254267
0625_w13_qp_12_34,"34  Which diagram shows a movement that will not produce the changing magnetic field needed to 
",49.60629,75.0785688
0625_w13_qp_12_35,"35  The  diagram  shows  the  connections  to  an  electric  heater.  Three  fuses  have  been  added  to  the 
",49.60779954,465.3242953
0625_w13_qp_12_36,"36  A transformer is needed to convert a supply of 240 V a.c. into 4800 V a.c. 
 
",49.60629,87.72133958
0625_w13_qp_12_37,"37  The diagram shows a simple d.c. electric motor which is rotating. 
 
",49.60629,352.761267
0625_w13_qp_12_38,"38  A  radioactive  substance  emits  a  particle  from  the  nucleus  of  one  of  its  atoms.  The  particle 
",49.60629,75.0785688
0625_w13_qp_12_39,"39  A nucleus X has 17 protons and 18 neutrons. 
 
",49.60519016,254.6831007
0625_w13_qp_12_40,"40  The diagram shows a cathode-ray tube used to produce cathode rays. 
 
",49.60733296,346.921406
0625_w13_qp_13_01,"1  A cyclist rides round a track three times. 
 
",49.60629,87.72133958
0625_w13_qp_13_02,"2  The graph shows how the distance travelled by a vehicle changes with time. 
 
",49.60698352,411.8639378
0625_w13_qp_13_03,"3  A small steel ball is dropped from a low balcony. 
 
",49.60629,87.72133958
0625_w13_qp_13_04,"4  Which is the unit for force and which is the unit for weight? 
 
",49.60629,239.5469926
0625_w13_qp_13_05,"5  A cup contains hot liquid. 
 
",49.60629,395.507777
0625_w13_qp_13_06,"6  A student is given four different objects and a metre rule. 
 
",49.60629,87.72133958
0625_w13_qp_13_07,"7  The diagrams show a steel spring and a graph of its length against the load applied to it. 
 
",49.60781024,431.1113784
0625_w13_qp_13_08,"8  A box is being moved by a fork-lift truck. The total weight of the box is 3000 N. 
 
",49.60629,87.72133958
0625_w13_qp_13_09,"9  An aeroplane is landing. As it descends towards the runway, its speed reduces. 
 
",49.6064529,416.5127478
0625_w13_qp_13_10,"10  Energy from uranium is transferred to electrical energy in a nuclear power station. 
 
",49.60359331,571.6529887
0625_w13_qp_13_11,"11  It is dangerous for submarines to dive to very great depths. 
 
",49.60629,87.72133958
0625_w13_qp_13_12,"12  Which block exerts the greatest pressure on the surface below it? 
 
",49.60629,239.5469926
0625_w13_qp_13_13,"13  A closed flask of gas is placed in a cold-water bath. 
 
",49.60743062,465.154566
0625_w13_qp_13_14,"14  A block of ice cream is prevented from melting by wrapping it in newspaper soaked in water. The 
",49.60629,75.0785688
0625_w13_qp_13_15,"15  Equal masses of two different liquids are heated using the same heater. The graph shows how 
",49.60629,295.7562104
0625_w13_qp_13_16,"16  A wooden wheel can be strengthened by putting a tight circle of iron around it. 
 
",49.60629,87.72133958
0625_w13_qp_13_17,"17  A piece of hot metal is held by a clamp in a cold room. The air next to the metal becomes hot.  
 
 
 
",49.60649906,382.4972784
0625_w13_qp_13_18,"18  A rod is made half of glass and half of copper. Four pins, A, B, C and D are attached to the rod 
",49.60629,75.0785688
0625_w13_qp_13_19,"19  Which row shows an example of a transverse wave and an example of a longitudinal wave? 
 
",49.6066176,281.271066
0625_w13_qp_13_20,"20  Water  waves  may  be  used  to  demonstrate  refraction  by  making  them  pass  into  water  of  a 
",49.60629,424.5626962
0625_w13_qp_13_21,"21  Infra-red waves, microwaves, radio waves and sound waves are all used for communications. 
 
",49.60629,87.72133958
0625_w13_qp_13_22,"22  The diagram represents a converging lens forming an image of an object. 
 
",49.60618002,239.5469926
0625_w13_qp_13_23,"23  A teacher demonstrates the dispersion of white light using a triangular glass prism. 
 
",49.60629,87.72133958
0625_w13_qp_13_24,"24  To estimate the width of a valley, a climber starts a stopwatch as he shouts. He hears an echo 
",49.60629,75.0785688
0625_w13_qp_13_25,"25  A police car sounds its siren when travelling to an emergency. The siren produces two different 
",49.60715938,327.6180557
0625_w13_qp_13_26,"26  In which pair are both metals ferrous? 
",49.60629,75.0785688
0625_w13_qp_13_27,"27  How can a permanent magnet be demagnetised? 
",49.60618002,201.6176904
0625_w13_qp_13_28,"28  A negatively charged plastic rod P is placed above a positively charged plastic rod Q. 
 
",49.60618002,340.7995828
0625_w13_qp_13_29,"29  A  student  wishes  to  measure  first  the  electromotive  force  (e.m.f.)  of  a  battery,  and  then  the 
",49.60629,75.0785688
0625_w13_qp_13_30,"30  Two  similar  balloons  hang  side  by  side,  on  insulating  threads,  a  short  distance  apart.  They  are 
",49.60618002,264.8610201
0625_w13_qp_13_31,"31  The diagram shows an electrical component. 
 
",49.60712922,478.052166
0625_w13_qp_13_32,"32  The diagram shows a circuit. 
 
",49.60629,87.72133958
0625_w13_qp_13_33,"33  The circuit shown contains a relay. 
 
 
",49.6078033,380.8538975
0625_w13_qp_13_34,"34  An electric motor is connected to the mains supply by insulated wires. The circuit is protected by 
",49.60629,75.0785688
0625_w13_qp_13_35,"35  The diagram shows a transformer. 
 
",49.60712784,399.8454309
0625_w13_qp_13_36,"36  The direction of the current flowing in a straight wire X is into the paper. 
 
",49.60629,87.72133958
0625_w13_qp_13_37,"37  A  metal  rod  PQ  rests  on  two  horizontal  metal  wires  that  are  attached  to  a  battery.  The  rod  lies 
",49.60699904,306.9528052
0625_w13_qp_13_38,"38  The diagram shows the screen of a cathode-ray tube. Cathode rays produced behind the screen 
strike  the  screen  at  P.  On  their  way  to  the  screen,  the  cathode  rays  pass  between  two  parallel 
metal plates. 
",49.60629,100.3641104
0625_w13_qp_13_39,"39  Why are some radioactive sources stored in boxes made from lead? 
",49.60686192,361.5480052
0625_w13_qp_13_40,"40  A nucleus of helium has the symbol  He.
 
",49.60629,93.07904192
0625_w14_qp_11_01,"1  Diagram 1 shows a measuring cylinder containing water. 
 
",49.60629,87.72133958
0625_w14_qp_11_02,"2  The graph shows how the speed of a car changes with time. 
 
",49.60657978,465.2119278
0625_w14_qp_11_03,"3  A man stands by a railway track.  
",49.60629,75.0785688
0625_w14_qp_11_04,"4  The mass of an astronaut is 70 kg on the Moon. 
 
",49.6069928,263.6111396
0625_w14_qp_11_05,"5  The weight of an object is found using the balance shown in the diagram. The object is put in the 
",49.60698352,337.851067
0625_w14_qp_11_06,"6  The diagram shows the dimensions of a rectangular block of metal of mass m. 
 
",49.60629,87.72133958
0625_w14_qp_11_08,"8  Which properties of a body can be changed by applying a force to the body? 
",49.60639002,502.459714
0625_w14_qp_11_09,"9  The list contains three energy resources P, Q and R. 
 
 
",49.60629,100.3354045
0625_w14_qp_11_10,"10  The  diagram  shows  three  different  containers  J,  K  and  L.  Each  container  contains  water  of  the 
",49.60629,304.5168511
0625_w14_qp_11_11,"11  Which movement will require the greatest amount of work to be done? 
",49.60684336,588.6315503
0625_w14_qp_11_12,"12  A water manometer is connected to a gas supply. 
 
",49.60629,87.72133958
0625_w14_qp_11_13,"13  The  diagram  shows  a  beaker  of  water.  Four  molecules  are  labelled.  The  relative  amount  of 
",49.60629,423.2586104
0625_w14_qp_11_14,"14  Some gas is trapped in a container of fixed volume. 
",49.60629,75.0785688
0625_w14_qp_11_15,"15  Which points are the fixed points of the liquid-in-glass thermometer shown? 
 
",49.60785456,502.6000802
0625_w14_qp_11_16,"16  Equal masses of two different liquids are put into identical beakers. 
 
 
 
 
 
",49.60629,138.320367
0625_w14_qp_11_17,"17  The metal surface of a kettle is hot. 
 
",49.60685192,521.7918209
0625_w14_qp_11_18,"18  One type of double glazing consists of two panes of glass separated by a vacuum. 
 
",49.60629,87.72133958
0625_w14_qp_11_19,"19  The diagram shows four waves drawn to the same scale. 
 
",49.60712226,375.2117369
0625_w14_qp_11_20,"20  Light waves pass from air into glass and are refracted. 
",49.60629,75.0785688
0625_w14_qp_11_21,"21  Which type of electromagnetic wave is used in airport security scanners? 
",49.60629,225.2598511
0625_w14_qp_11_22,"22  Which waves are longitudinal? 
 
",49.60629,364.4427333
0625_w14_qp_11_23,"23  An object is placed in front of a converging lens. The lens has a focal length f. 
",49.60802022,565.3872094
0625_w14_qp_11_24,"24  A fire alarm is not loud enough and the pitch is too low. An engineer adjusts the alarm so that it 
",49.60629,75.0785688
0625_w14_qp_11_25,"25  In  an  experiment  to  measure  the  speed  of  sound,  a  student  uses  a  stopwatch  to  find  the  time 
",49.60629,279.9672962
0625_w14_qp_11_26,"26  The ends of three metal rods are tested by holding end Q of rod 1 close to the others in turn. 
 
",49.60629,87.72133958
0625_w14_qp_11_27,"27  A permanent magnet is made from metal and an electromagnet uses a metal core. 
",49.60651482,443.1035688
0625_w14_qp_11_28,"28  Which row gives the unit for energy and the unit for electromotive force (e.m.f.)? 
 
",49.60629,647.847967
0625_w14_qp_11_29,"29  A  student  carries  out  an  experiment  to  investigate  the  resistance  of  a  resistor  R.  She  takes  a 
",49.60629,75.0785688
0625_w14_qp_11_30,"30  The diagram shows a circuit with a 3.0 
 
",49.60689904,522.0736173
0625_w14_qp_11_31,"31  The diagram shows a torch containing two cells, a switch and a lamp. 
 
",49.60629,87.72133958
0625_w14_qp_11_32,"32  An engineer uses the potential divider shown in the diagram. He needs the output voltage to be 
",49.60728352,382.6095052
0625_w14_qp_11_33,"33  The current in a kettle is 10 A and it is protected by a 13 A fuse. 
 
",49.60629,87.72133958
0625_w14_qp_11_34,"34  The diagram shows cables used in the transmission of electrical energy. High voltages are used 
",49.60669488,252.2169378
0625_w14_qp_11_35,"35  Which  diagram  shows  the  magnetic  field  pattern  around  a  wire  that  is  carrying  a  current 
",49.60661762,573.3529361
0625_w14_qp_11_36,"36  The diagram shows a simple transformer with an input of 240 V and an output of 40 V. 
 
",49.60629,87.72133958
0625_w14_qp_11_37,"37  In a cathode-ray tube, a hot tungsten cathode releases particles by thermionic emission. 
 
",49.60693643,308.5695543
0625_w14_qp_11_38,"38  The diagram shows a radioactive source, a thick aluminium sheet and a radiation detector. 
 
",49.60572661,461.2168978
0625_w14_qp_11_39,"39  The count rate from a radioactive isotope is recorded every hour. The count rate is corrected for 
",49.60629,75.0785688
0625_w14_qp_11_40,"40  A nuclide is represented by the symbol 
",49.60608282,338.3614636
0625_w14_qp_12_01,"1  A man stands by a railway track.  
",49.60629,75.0785688
0625_w14_qp_12_02,"2  Diagram 1 shows a measuring cylinder containing water. 
 
",49.6069928,263.6120164
0625_w14_qp_12_03,"3  The graph shows how the speed of a car changes with time. 
 
",49.60629,87.72133958
0625_w14_qp_12_04,"4  The diagram shows the dimensions of a rectangular block of metal of mass m. 
 
",49.60449936,333.2591784
0625_w14_qp_12_05,"5  The weight of an object is found using the balance shown in the diagram. The object is put in the 
",49.60629,75.0785688
0625_w14_qp_12_06,"6  The mass of an astronaut is 70 kg on the Moon. 
 
",49.6067248,394.7136254
0625_w14_qp_12_07,"7  Which properties of a body can be changed by applying a force to the body? 
",49.60698352,468.953467
0625_w14_qp_12_09,"9  The  diagram  shows  three  different  containers  J,  K  and  L.  Each  container  contains  water  of  the 
",49.60629,75.0785688
0625_w14_qp_12_10,"10  A water manometer is connected to a gas supply. 
 
",49.60684336,371.8666169
0625_w14_qp_12_11,"11  The list contains three energy resources P, Q and R. 
 
 
",49.60629,100.3354045
0625_w14_qp_12_12,"12  Equal masses of two different liquids are put into identical beakers. 
 
 
 
 
 
",49.60629,367.756567
0625_w14_qp_12_13,"13  Which points are the fixed points of the liquid-in-glass thermometer shown? 
 
",49.60629,87.72133958
0625_w14_qp_12_14,"14  The metal surface of a kettle is hot. 
 
",49.60731094,259.3884708
0625_w14_qp_12_15,"15  Some gas is trapped in a container of fixed volume. 
",49.60731094,398.5703632
0625_w14_qp_12_16,"16  The diagram shows four waves drawn to the same scale. 
 
",49.60629,87.72133958
0625_w14_qp_12_17,"17  The  diagram  shows  a  beaker  of  water.  Four  molecules  are  labelled.  The  relative  amount  of 
",49.60499499,460.563436
0625_w14_qp_12_18,"18  One type of double glazing consists of two panes of glass separated by a vacuum. 
 
",49.60629,87.72133958
0625_w14_qp_12_19,"19  The diagram shows a circuit with a 3.0 
 
",49.60664058,376.0326073
0625_w14_qp_12_20,"20  The diagram shows cables used in the transmission of electrical energy. High voltages are used 
",49.60629,75.0785688
0625_w14_qp_12_21,"21  The diagram shows a torch containing two cells, a switch and a lamp. 
 
",49.60661762,408.8589369
0625_w14_qp_12_22,"22  Which  diagram  shows  the  magnetic  field  pattern  around  a  wire  that  is  carrying  a  current 
",49.60629,75.0785688
0625_w14_qp_12_23,"23  The diagram shows a simple transformer with an input of 240 V and an output of 40 V. 
 
",49.60685264,236.9654496
0625_w14_qp_12_24,"24  An engineer uses the potential divider shown in the diagram. He needs the output voltage to be 
",49.60664472,445.1424076
0625_w14_qp_12_25,"25  The current in a kettle is 10 A and it is protected by a 13 A fuse. 
 
",49.60629,87.72133958
0625_w14_qp_12_26,"26  Which waves are longitudinal? 
 
",49.60669488,264.8597086
0625_w14_qp_12_27,"27  Which type of electromagnetic wave is used in airport security scanners? 
",49.60802022,465.8061953
0625_w14_qp_12_28,"28  Light waves pass from air into glass and are refracted. 
",49.60802022,592.3463068
0625_w14_qp_12_29,"29  In  an  experiment  to  measure  the  speed  of  sound,  a  student  uses  a  stopwatch  to  find  the  time 
",49.60629,75.0785688
0625_w14_qp_12_30,"30  A permanent magnet is made from metal and an electromagnet uses a metal core. 
",49.60753808,409.567667
0625_w14_qp_12_31,"31  A fire alarm is not loud enough and the pitch is too low. An engineer adjusts the alarm so that it 
",49.60629,601.6428104
0625_w14_qp_12_32,"32  Which row gives the unit for energy and the unit for electromotive force (e.m.f.)? 
 
",49.60629,87.72133958
0625_w14_qp_12_33,"33  The ends of three metal rods are tested by holding end Q of rod 1 close to the others in turn. 
 
",49.60629,243.6556812
0625_w14_qp_12_34,"34  Which movement will require the greatest amount of work to be done? 
",49.60651482,599.036149
0625_w14_qp_12_35,"35  An object is placed in front of a converging lens. The lens has a focal length f. 
",49.60629,75.0785688
0625_w14_qp_12_36,"36  A  student  carries  out  an  experiment  to  investigate  the  resistance  of  a  resistor  R.  She  takes  a 
",49.60683336,307.6045094
0625_w14_qp_12_37,"37  The diagram shows a radioactive source, a thick aluminium sheet and a radiation detector. 
 
",49.60629,87.72133958
0625_w14_qp_12_38,"38  The count rate from a radioactive isotope is recorded every hour. The count rate is corrected for 
",49.60766314,403.331129
0625_w14_qp_12_39,"39  A nuclide is represented by the symbol 
",49.60608282,666.6417636
0625_w14_qp_12_40,"40  In a cathode-ray tube, a hot tungsten cathode releases particles by thermionic emission. 
 
",49.60629,87.72133958
0625_w14_qp_13_01,"1  A stopwatch is used to time a runner in a race. The diagrams show the stopwatch at the start and 
",49.60629,75.0785688
0625_w14_qp_13_02,"2  The graph shows how the speed of a car changes with time. 
 
",49.60731648,406.8472167
0625_w14_qp_13_03,"3  An  aeroplane  flies  from  town  X  to  town  Z,  stopping  for  1  hour  at  town  Y  to  pick  up  more 
",49.60629,75.0785688
0625_w14_qp_13_04,"4  The mass of an astronaut is 70 kg on the Moon. 
 
",49.60673688,320.5590396
0625_w14_qp_13_05,"5  The weight of an object is found using the balance shown in the diagram. The object is put in the 
",49.60698352,394.799167
0625_w14_qp_13_06,"6  Diagram 1 shows an empty measuring cylinder on a balance. 
 
",49.60629,87.72133958
0625_w14_qp_13_08,"8  The diagram shows a uniform, flat metal sheet hanging freely from a nail at point A. A weight also 
",49.60629,75.0785688
0625_w14_qp_13_09,"9  When a bicycle lamp is switched on, what is the useful energy change within the battery? 
",49.6066276,426.9149053
0625_w14_qp_13_10,"10  A student does some work by pulling a suitcase along a corridor. 
 
",49.60552776,566.0967977
0625_w14_qp_13_11,"11  The scale diagram shows three identical blocks, P, Q and R. The blocks have different areas of 
",49.60629,75.0785688
0625_w14_qp_13_12,"12  A manometer is used to measure the pressure of the air in a container. 
 
",49.60771882,366.8504167
0625_w14_qp_13_13,"13  The  volume  of  a  gas  in  a  sealed  syringe  is  increased.  The  temperature  of  the  gas  does  not 
",49.60629,75.0785688
0625_w14_qp_13_14,"14  Some liquid is poured into a metal dish on a wooden table. The dish, the liquid, the table and the 
",49.60659904,430.204446
0625_w14_qp_13_15,"15  The diagram shows four labelled changes of state between solid, liquid and gas. 
 
",49.60629,87.72133958
0625_w14_qp_13_16,"16  Equal masses of two different liquids are put into identical beakers. 
 
 
 
 
 
",49.60712506,329.857367
0625_w14_qp_13_17,"17  Two methods by which thermal energy can be transferred are conduction and radiation. 
",49.60629,75.0785688
0625_w14_qp_13_18,"18  A heater is to be fitted in a room to warm the air throughout the room. 
",49.60629,225.2598511
0625_w14_qp_13_19,"19  The diagram shows four waves drawn to the same scale. 
 
",49.60629,87.72133958
0625_w14_qp_13_20,"20  Waves travel more quickly on the surface of water when the water is deep. 
",49.60499499,460.563436
0625_w14_qp_13_21,"21  An intruder alarm sensor detects that a human is warmer than his surroundings. 
 
",49.60629,87.72133958
0625_w14_qp_13_22,"22  Which waves are longitudinal? 
 
",49.60629,239.5469926
0625_w14_qp_13_23,"23  An object is placed in front of a converging lens. The lens has a focal length f. 
",49.60802022,440.4927094
0625_w14_qp_13_24,"24  Three vibrating objects P, Q and R produce waves in the air of different frequencies as shown. 
",49.60629,75.0785688
0625_w14_qp_13_25,"25  In  an  experiment  to  measure  the  speed  of  sound,  a  student  uses  a  stopwatch  to  find  the  time 
",49.60608282,318.6044803
0625_w14_qp_13_26,"26  The ends of three metal rods are tested by holding end Q of rod 1 close to the others in turn. 
 
",49.60629,87.72133958
0625_w14_qp_13_27,"27  The  diagram  shows  two  bar  magnets,  stored  with  metal  keepers  across  the  ends.  The  keepers 
",49.60651482,443.1035688
0625_w14_qp_13_28,"28  Four wires are made from the same material. 
",49.60629,75.0785688
0625_w14_qp_13_29,"29  A 30 
",49.60629,260.8332932
0625_w14_qp_13_30,"30  A circuit contains four ammeters A, B, C and D, and three resistors with different values. 
",49.60753808,502.1186812
0625_w14_qp_13_31,"31  The diagram shows a torch containing two cells, a switch and a lamp. 
 
",49.60629,87.72133958
0625_w14_qp_13_32,"32  The  diagram  shows  a  circuit  with  a  fixed  resistor  connected  in  series  with  a  light-dependent 
",49.60789168,382.6095052
0625_w14_qp_13_33,"33  The current in an electrical heater is 5.0 A. 
 
",49.60629,87.72133958
0625_w14_qp_13_34,"34  The diagram shows a thin copper wire in a magnetic field. The current in the wire is from right to 
",49.6069928,225.202267
0625_w14_qp_13_35,"35  A  solenoid  is  connected  to  a  very  sensitive  ammeter.  A  rod  is  inserted  into  one  end  of  the 
solenoid. The ammeter shows that there is a small electric current in the circuit while the rod is 
moving. 
",49.60653616,516.9457391
0625_w14_qp_13_36,"36  The diagram shows the structure of a transformer. 
 
",49.60629,87.72133958
0625_w14_qp_13_37,"37  In a cathode-ray tube, a hot tungsten cathode releases particles by thermionic emission. 
 
",49.60629,417.618067
0625_w14_qp_13_38,"38  A radioactive source emits three types of radiation R, S and T. 
 
 
 
",49.60629,113.0068812
0625_w14_qp_13_39,"39  The  half-life  of  a  radioactive  substance  is  10  minutes.  A  sample  of  the  radioactive  substance 
",49.60629,412.2602962
0625_w14_qp_13_40,"40  Which statement about the nuclei of all atoms is correct? 
",49.6069928,510.1406812
0625_w15_qp_11_01,"1  Which  option  contains  only  apparatus  that  could  be  used  to  determine  the  volume  of  a  small 
",49.60629,75.2325464
0625_w15_qp_11_02,"2  The graph represents the motion of a car. 
 
",49.60639998,227.0581995
0625_w15_qp_11_03,"3  A car travels along the route PQRST in 30 minutes. 
 
",49.60715938,482.6006154
0625_w15_qp_11_04,"4  The mass of an object is measured on Earth. The mass is 5.0 kg. 
 
",49.60629,87.87531718
0625_w15_qp_11_05,"5  A student wishes to determine the density of the solid block shown. 
 
",49.60668864,265.0132154
0625_w15_qp_11_06,"6  A  heavy  beam  rests  on  two  supports.  The  diagram  shows  the  only  three  forces  F1,  F2  and  F3 
",49.60629,75.8585552
0625_w15_qp_11_07,"7  Which list contains only properties of an object that can be changed by a force? 
",49.60675192,375.6711621
0625_w15_qp_11_08,"8  What needs to be known to calculate the work done by a force acting on an object? 
 
",49.60664194,514.8597635
0625_w15_qp_11_09,"9  Electrical energy may be obtained from nuclear fission. 
 
",49.60629,87.87531718
0625_w15_qp_11_10,"10  The  diagram  shows  a  manometer  containing  a  liquid.  The  manometer  is  used  to  find  the 
",49.60749982,230.3947841
0625_w15_qp_11_11,"11  Four physics teachers investigate pressure. They wear identical clothes and lie on different beds 
",49.6066176,511.9316838
0625_w15_qp_11_12,"12  A cylinder of constant volume contains a fixed mass of gas. The gas is cooled. 
 
",49.60629,87.87531718
0625_w15_qp_11_13,"13  A swimmer feels cold after leaving warm water on a warm, windy day. 
 
",49.60629,295.9105446
0625_w15_qp_11_14,"14  A circular metal disc is heated. 
 
",49.60716987,447.7639136
0625_w15_qp_11_15,"15  The same quantity of thermal (heat) energy is given to two objects X and Y. The temperature rise 
",49.60716987,586.9687927
0625_w15_qp_11_16,"16  The air in a room is heated by a heater. The diagram shows the circulation of the air in the room. 
 
",49.60629,87.87531718
0625_w15_qp_11_17,"17  Four rods are made from different metals P, Q, R and S. The rods have equal lengths and equal 
",49.60751603,358.7195546
0625_w15_qp_11_18,"18  The  diagram  shows  a  side  view  of  a  water  wave  at  a  particular  time.  The  diagram  is  drawn  full 
",49.60629,75.2545432
0625_w15_qp_11_19,"19  The diagram shows a water wave approaching a barrier with a gap. 
 
",49.60670762,341.0094945
0625_w15_qp_11_20,"20  The diagram represents the electromagnetic spectrum. 
 
",49.60658048,633.800856
0625_w15_qp_11_21,"21  A  student  draws  a  diagram  representing  three  rays  of  light  from  point  P  passing  through  a 
",49.60629,75.2545432
0625_w15_qp_11_22,"22  The diagram shows a ray of light inside a glass rod. The critical angle for the light in the glass is 
",49.6066605,424.3709445
0625_w15_qp_11_23,"23  Which row states whether light waves and whether sound waves can travel in a vacuum? 
",49.60629,75.2545432
0625_w15_qp_11_24,"24  Sounds are produced by vibrating objects. A certain object vibrates but a person nearby cannot 
",49.60629,229.5449806
0625_w15_qp_11_25,"25  Which row states whether each metal is ferrous or non-ferrous? 
",49.60629,394.0409005
0625_w15_qp_11_26,"26  Which procedure may be used to demagnetise a steel bar? 
",49.60629,548.3291706
0625_w15_qp_11_27,"27  What is the unit of electrical power? 
",49.60629,674.8692821
0625_w15_qp_11_28,"28  Some resistors are made using one type of wire. Two different lengths of wire are available. Each 
",49.60629,75.2545432
0625_w15_qp_11_29,"29  Four  students  are  each  given  an  identical  resistor  and  asked  to  find  its  resistance.  They  each 
",49.60618002,238.0776064
0625_w15_qp_11_30,"30  What is the circuit symbol for a variable resistor? 
 
",49.60629,464.9403688
0625_w15_qp_11_31,"31  The diagram shows a circuit containing three ammeters P, Q and R. 
 
",49.60629,87.87531718
0625_w15_qp_11_32,"32  The diagram shows a light-dependent resistor (LDR) connected in a potential divider circuit. 
 
",49.60764456,368.3651043
0625_w15_qp_11_33,"33  Four lamps are each labelled '60 W 230 V'. 
 
",49.60629,87.87531718
0625_w15_qp_11_34,"34  A step-up transformer is used before electricity is transmitted by overhead cables. 
 
",49.60789168,323.7749495
0625_w15_qp_11_35,"35  A  current-carrying  wire  XY  lies  in  the  magnetic  field  between  the  two  poles  of  a  U-shaped 
",49.60629,75.2545432
0625_w15_qp_11_36,"36  A current-carrying coil in a magnetic field experiences a turning effect. 
 
",49.60559064,465.5933848
0625_w15_qp_11_37,"37  The diagram shows cathode rays entering an electric field between two charged plates. 
 
",49.60629,87.87531718
0625_w15_qp_11_38,"38  The nuclide symbol for radioactive polonium is 
",49.60753458,320.3972267
0625_w15_qp_11_39,"39  A student investigates how the radiation from a radioactive source changes with time. 
 
",49.60629,87.87531718
0625_w15_qp_11_40,"40  The nuclide notation for radium-226 is Ra
",49.60629,471.1994208
0625_w15_qp_12_01,"1  The diagram shows a measuring cylinder used to measure the volume of a small stone. 
 
",49.60629,87.87531718
0625_w15_qp_12_02,"2  The table shows the readings on a car speedometer at 5 second intervals. 
 
",49.60657978,355.4100254
0625_w15_qp_12_03,"3  A car travels along the route PQRST in 30 minutes. 
 
",49.60629,87.87531718
0625_w15_qp_12_04,"4  Which statement about mass or weight is correct? 
",49.60681552,345.7720446
0625_w15_qp_12_05,"5  Two  cylinders  are  made  of  the  same  metal.  Both  cylinders  have  the  same  cross-sectional  area 
",49.60681552,472.3111662
0625_w15_qp_12_06,"6  A  heavy  beam  rests  on  two  supports.  The  diagram  shows  the  only  three  forces  F1,  F2  and  F3 
",49.60629,75.2325464
0625_w15_qp_12_07,"7  The  diagrams  show  four  solid  cones.  The  centre  of  mass  of  each  cone  is  marked  by  a  point 
",49.60737358,375.6491653
0625_w15_qp_12_08,"8  A car is stationary at the top of a hill with the engine switched off. The brakes are released and 
",49.60722062,554.2026729
0625_w15_qp_12_09,"9  Electrical energy may be obtained from nuclear fission. 
 
",49.60629,87.87531718
0625_w15_qp_12_10,"10  The table gives four forces and the surface area on which each force acts. 
 
",49.60749982,243.015558
0625_w15_qp_12_11,"11  What does a barometer measure? 
",49.60629,411.6205738
0625_w15_qp_12_12,"12  The  diagrams  represent  the  molecules  in  two  different  states  of  matter.  The  arrows  show  the 
",49.60629,75.2325464
0625_w15_qp_12_13,"13  A swimmer feels cold after leaving warm water on a warm, windy day. 
 
",49.60629,467.4064588
0625_w15_qp_12_14,"14  A circular metal disc is heated. 
 
",49.60716987,619.2598278
0625_w15_qp_12_15,"15  A block of copper and a block of lead are heated. The internal energy of each block increases by 
",49.60629,75.2325464
0625_w15_qp_12_16,"16  In a refrigerator, the cooling unit can be fitted either at the top or at the bottom. In an oven, the 
",49.60629,265.0149977
0625_w15_qp_12_17,"17  A girl is outdoors. She warms her hands by holding them near a fire, as shown. 
 
",49.60629,471.5452546
0625_w15_qp_12_18,"18  The diagram represents a water wave. 
 
",49.60629,87.87531718
0625_w15_qp_12_19,"19  The diagram represents circular wavefronts coming from point S. The wavefronts strike a barrier 
",49.60629,75.2325464
0625_w15_qp_12_20,"20  A plane mirror is fitted to a wall.  
",49.60629,75.2325464
0625_w15_qp_12_21,"21  A  student  draws  a  diagram  representing  three  rays  of  light  from  point  P  passing  through  a 
",49.60629,225.4138287
0625_w15_qp_12_22,"22  Which group contains only electromagnetic waves? 
",49.6066605,574.5567236
0625_w15_qp_12_23,"23  Two sounds X and Y are produced by loudspeakers. 
",49.60629,75.2325464
0625_w15_qp_12_24,"24  Sounds are produced by vibrating objects. A certain object vibrates but a person nearby cannot 
",49.60599696,325.0516287
0625_w15_qp_12_25,"25  Which statement about a permanent bar magnet is correct? 
",49.60599696,489.5485384
0625_w15_qp_12_26,"26  Which procedure may be used to demagnetise a steel bar? 
",49.60588698,616.0886499
0625_w15_qp_12_27,"27  Two plastic rods P and Q are both negatively charged. Rod P hangs freely. 
 
",49.60629,87.87531718
0625_w15_qp_12_28,"28  Which circuit shows a voltmeter measuring the p.d. across a resistor? 
 
",49.60629,87.87531718
0625_w15_qp_12_29,"29  A student has four pieces of resistance wire made of the same material. Each piece is connected 
",49.60683336,452.807287
0625_w15_qp_12_30,"30  A student connects the circuit shown. 
 
",49.60629,87.87531718
0625_w15_qp_12_31,"31  Two resistors are connected in parallel. 
 
",49.60652338,397.3632744
0625_w15_qp_12_32,"32  The circuit contains a variable potential divider PQ, a lamp and a voltmeter. 
 
",49.60629,87.87531718
0625_w15_qp_12_33,"33  Four lamps are each labelled '60 W 230 V'. 
 
",49.60629,443.0564172
0625_w15_qp_12_34,"34  A fuse is used to protect an electric circuit. 
 
",49.60629,87.87531718
0625_w15_qp_12_35,"35  A transformer has 2400 turns on its primary coil and 200 turns on its secondary coil. 
 
",49.60770882,409.7495536
0625_w15_qp_12_36,"36  A current-carrying coil in a magnetic field experiences a turning effect. 
 
",49.60629,87.87531718
0625_w15_qp_12_37,"37  A beam of cathode rays enters an electric field between two charged plates. 
 
",49.6065276,420.3520985
0625_w15_qp_12_38,"38  Radioactive  carbon-14  decays  into  nitrogen  by  emitting  a  β-particle.  The  equation  below 
",49.60629,75.9915332
0625_w15_qp_12_39,"39  A student investigates how the radiation from a radioactive source changes with time. 
 
",49.60629,327.2332588
0625_w15_qp_12_40,"40  The nuclide notation for radium-226 is Ra
",49.60629,710.5579107
0625_w15_qp_13_01,"1  A student uses a measuring cylinder to measure the volume of a quantity of water. 
 
",49.60629,87.87531718
0625_w15_qp_13_02,"2  The diagram shows the distance-time graph for a car. 
 
",49.60738984,239.7009702
0625_w15_qp_13_03,"3  A car travels along the route PQRST in 30 minutes. 
 
",49.60715496,451.6171336
0625_w15_qp_13_04,"4  What is the weight of an object? 
",49.60629,75.2325464
0625_w15_qp_13_05,"5  The mass of a piece of metal is 1200 g. 
 
",49.60618002,214.4139172
0625_w15_qp_13_06,"6  A  heavy  beam  rests  on  two  supports.  The  diagram  shows  the  only  three  forces  F1,  F2  and  F3 
",49.60740306,351.8946688
0625_w15_qp_13_07,"7  A heavy truck on wheels has a platform attached to it. 
 
",49.60629,87.87531718
0625_w15_qp_13_08,"8  Which row gives the energy change in a battery and the energy change in a solar cell? 
 
",49.60677912,413.0092436
0625_w15_qp_13_09,"9  Electrical energy may be obtained from nuclear fission. 
 
",49.60629,568.9434588
0625_w15_qp_13_10,"10  A man is in contact with the floor. 
",49.60629,75.2325464
0625_w15_qp_13_11,"11  The water in a lake is at 5 
",49.60618002,226.1507215
0625_w15_qp_13_12,"12  A car tyre has a constant volume. 
 
",49.60629,458.9027446
0625_w15_qp_13_13,"13  A swimmer feels cold after leaving warm water on a warm, windy day. 
 
",49.60629,610.7571035
0625_w15_qp_13_14,"14  A circular metal disc is heated. 
 
",49.60629,87.87531718
0625_w15_qp_13_15,"15  The diagram shows a mercury-in-glass thermometer. The scale of the thermometer has not been 
",49.60629,227.0581995
0625_w15_qp_13_16,"16  A  heating  engineer  fits  a  heater  to  the  ceiling  of  an  office  so  that  workers  in  the  office  are  kept 
",49.60741882,516.5025588
0625_w15_qp_13_17,"17  Which row shows how heating changes the density of air, and the name of the method of energy 
",49.60629,75.2325464
0625_w15_qp_13_18,"18  Which row correctly defines a type of wave and gives a correct example? 
 
",49.60629,254.8080588
0625_w15_qp_13_19,"19  A water wave moves quickly in deep water. 
 
",49.60629,410.7704446
0625_w15_qp_13_20,"20  The diagram shows the electromagnetic spectrum. 
 
",49.60629,87.87531718
0625_w15_qp_13_21,"21  A  student  draws  a  diagram  representing  three  rays  of  light  from  point  P  passing  through  a 
",49.60760883,354.0210852
0625_w15_qp_13_22,"22  The diagram shows a ray of light travelling in a substance P. The ray reaches a boundary with a 
",49.60629,75.2325464
0625_w15_qp_13_23,"23  A pulse of sound is produced at the bottom of a boat. The sound travels through the water and is 
reflected from the sea bed. The sound reaches the boat again after 1.2 s. The speed of sound in 
the water is 1500 m / s. 
",49.60629,483.7052272
0625_w15_qp_13_24,"24  Sounds are produced by vibrating objects. A certain object vibrates but a person nearby cannot 
",49.60629,75.2325464
0625_w15_qp_13_25,"25  Which metal could be used for a permanent magnet and which metal could be used for the core 
",49.60629,239.7002004
0625_w15_qp_13_26,"26  Which procedure may be used to demagnetise a steel bar? 
",49.60629,422.448788
0625_w15_qp_13_27,"27  A plastic rod is rubbed with a cotton cloth. This process causes the rod and the cloth to become 
",49.60629,548.9879096
0625_w15_qp_13_28,"28  A metal wire of circular cross-section has diameter d and length l. 
 
",49.60530014,88.13007424
0625_w15_qp_13_29,"29  The circuit shown contains a battery, a 6.0 
 
",49.60416661,398.4952949
0625_w15_qp_13_30,"30  A student designs a circuit to switch on a lamp after a time delay. 
 
",49.60629,87.87531718
0625_w15_qp_13_31,"31  Identical resistors are connected together to form arrangements X, Y and Z. 
 
",49.60618002,239.7009702
0625_w15_qp_13_32,"32  The diagram shows a potential divider circuit. 
 
",49.60629,87.87531718
0625_w15_qp_13_33,"33  Four lamps are each labelled '60 W 230 V'. 
 
",49.60629,435.0627172
0625_w15_qp_13_34,"34  A student investigates electromagnetic induction. She has a bar magnet and a coil of wire that is 
",49.60629,75.2545432
0625_w15_qp_13_35,"35  The primary coil of a transformer has 200 turns. This primary coil is connected to an a.c. power 
",49.60561498,365.3820204
0625_w15_qp_13_36,"36  A current-carrying coil in a magnetic field experiences a turning effect. 
 
",49.60629,87.87531718
0625_w15_qp_13_37,"37  The diagram shows a cathode-ray tube. The tube is not working. 
 
",49.6065276,420.3520985
0625_w15_qp_13_38,"38  A radioactive nucleus contains 128 nucleons. It emits a β-particle. 
 
",49.60629,88.69688488
0625_w15_qp_13_39,"39  A student investigates how the radiation from a radioactive source changes with time. 
 
",49.60738984,175.5803954
0625_w15_qp_13_40,"40  The nuclide notation for radium-226 is Ra
",49.60629,558.9324907
0625_w16_qp_21_01,"1  The graph shows how the distance travelled by a vehicle changes with time. 
 
",49.62,87.51642
0625_w16_qp_21_02,"2  A stone falls freely from the top of a cliff. Air resistance may be ignored. 
 
",49.62,428.91631
0625_w16_qp_21_03,"3  A  car  travels  along  a  horizontal  road  in  a  straight  line.  The  driver  presses  the  accelerator  to 
",49.62,74.85648
0625_w16_qp_21_04,"4  A spaceship approaches the Earth from deep space. Near the Earth, a force on the spaceship 
",49.62166016,425.3763
0625_w16_qp_21_05,"5  The diagrams show an empty rectangular box, and the same box filled with liquid. 
 
",49.62,87.51642
0625_w16_qp_21_06,"6  An object travels in a circular path at constant speed. 
",49.6221926,366.6963
0625_w16_qp_21_07,"7  Which diagram shows the magnitude and direction of the resultant R of the two forces F1 and F2? 
 
",49.62208284,529.47632
0625_w16_qp_21_08,"8  Two cars, P and Q, have different masses and different speeds as shown. 
 
",49.62,87.51642
0625_w16_qp_21_09,"9  A car of mass 800 kg travels over a hill of height h. 
 
",49.62,389.07642
0625_w16_qp_21_10,"10  A lamp has a power input of 5.0 W. It wastes 1.0 W of power heating the surroundings. 
",49.62211006,582.57638
0625_w16_qp_21_11,"11  The box contains the names of eight different energy resources. 
 
",49.62023626,680.4357398
0625_w16_qp_21_12,"12  The diagram shows a dam holding back water. 
 
",49.62,87.51642
0625_w16_qp_21_13,"13  Air is trapped in a cylinder by a piston. The original volume of the trapped air is V and the original 
pressure of the trapped air is P. The piston is pushed to the left. The temperature of the gas does 
not change. 
",49.62158571,357.2758998
0625_w16_qp_21_14,"14  When a liquid evaporates, some of its molecules escape from the surface and the temperature of 
",49.62,74.85648
0625_w16_qp_21_15,"15  A gas at a constant temperature is in a container of fixed volume. The gas exerts a pressure on 
",49.62,282.93636
0625_w16_qp_21_16,"16  A  piece  of  melting  ice  at  0 °C  and  a  beaker  of  boiling  water  are  both  in  a  laboratory.  The 
",49.62010975,446.70432
0625_w16_qp_21_17,"17  The diagram shows a liquid-in-glass thermometer. 
 
",49.62,87.51642
0625_w16_qp_21_18,"18  A copper container of mass 0.20 kg contains 0.10 kg of water. 
 
",49.62153045,338.01642
0625_w16_qp_21_19,"19  The thermal transfer of energy through a copper rod involves electrons. 
 
",49.61860095,559.836186
0625_w16_qp_21_20,"20  The diagrams show four spherical objects at the same temperature. Two of the objects are small 
",49.62,74.85648
0625_w16_qp_21_21,"21  The diagram represents plane wavefronts being diffracted by passing through a gap in a barrier. 
 
",49.6213044,244.055622
0625_w16_qp_21_22,"22  An image is formed by a plane mirror. A second image is formed by a lens used as a magnifying 
",49.6213563,535.896948
0625_w16_qp_21_23,"23  Light travelling at a speed of 3.0 × 108
",49.62,75.78432
0625_w16_qp_21_24,"24  Radiation from which part of the electromagnetic spectrum is used in the remote controller for a 
",49.62066255,418.41591
0625_w16_qp_21_25,"25  A girl notices that, when she shouts into a cave, she hears an echo. 
 
",49.62066255,570.275898
0625_w16_qp_21_26,"26  The  diagrams  represent  the  displacement  in  four  different  sound  waves.  All  the  diagrams  are 
",49.62,74.85648
0625_w16_qp_21_27,"27  A student suggests three methods for demagnetising a piece of steel. 
 
",49.6219542,402.03633
0625_w16_qp_21_28,"28  In two separate experiments, a magnet is brought near to an unmagnetised iron bar. This causes 
",49.62,74.85648
0625_w16_qp_21_29,"29  A  polythene  rod  is  rubbed  with  a  cloth.  The  rod  becomes  positively  charged  because  of  the 
",49.62,378.39597
0625_w16_qp_21_30,"30  The diagram shows a lamp in a circuit. 
 
",49.62,87.51642
0625_w16_qp_21_31,"31  A 12.0 Ω resistor and a 6.0 Ω resistor are connected in parallel. 
 
",49.62042885,341.85642
0625_w16_qp_21_32,"32  The circuit shows a 12 V battery connected to a lamp of resistance 3.0 Ω. 
 
",49.6206132,572.79593
0625_w16_qp_21_33,"33  The diagram shows a circuit containing a battery, a resistor with high resistance, a switch and a 
",49.62,74.85648
0625_w16_qp_21_34,"34  This is the truth table for a logic gate. 
 
",49.62134715,438.936378
0625_w16_qp_21_35,"35  Why is a fuse used in an electrical circuit? 
",49.6222509,663.27717
0625_w16_qp_21_36,"36  An electric current can produce a heating effect and a magnetic effect. 
 
",49.62,87.51642
0625_w16_qp_21_37,"37  A very important experiment improved scientists’ understanding of the structure of matter. 
",49.62,255.69675
0625_w16_qp_21_38,"38  What is meant by nuclear fusion? 
",49.62109755,433.656198
0625_w16_qp_21_39,"39  A  nucleus  undergoes  radioactive  decay.  The  proton  number  increases  by  one.  The  nucleon 
",49.62109755,560.135916
0625_w16_qp_21_40,"40  Radioactive  source  S  emits  α-particles,  β-particles  and  γ-rays.  A  detector  is  placed  5 cm  away 
",49.62,75.78432
0625_w16_qp_22_01,"1  The graph shows how the distance travelled by a vehicle changes with time. 
 
",49.62,87.51642
0625_w16_qp_22_02,"2  A stone falls freely from the top of a cliff. Air resistance may be ignored. 
 
",49.62,428.91631
0625_w16_qp_22_03,"3  The speed-time graph for an object is shown. 
 
",49.62,87.51642
0625_w16_qp_22_04,"4  An object tends to keep moving with the same speed and in the same direction due to a certain 
",49.62138909,383.4960198
0625_w16_qp_22_05,"5  A student uses a measuring cylinder and a balance to find the density of oil. The diagram shows 
",49.62,74.85648
0625_w16_qp_22_06,"6  An object travels in a circular path at constant speed. 
",49.62205275,392.497254
0625_w16_qp_22_07,"7  The diagrams show a spring and a graph of the length of the spring against the load applied to it. 
 
",49.62,87.51642
0625_w16_qp_22_08,"8  A girl of mass 50 kg runs at 6.0 m / s. 
 
",49.6211505,457.05642
0625_w16_qp_22_09,"9  Which list contains only vector quantities? 
",49.62205635,531.3363
0625_w16_qp_22_10,"10  Electricity can be generated using different energy resources. 
",49.62205635,657.876408
0625_w16_qp_22_11,"11  A lamp has a power input of 5.0 W. It wastes 1.0 W of power heating the surroundings. 
",49.62,74.91648
0625_w16_qp_22_12,"12  A pendulum bob swings along the path WXYZ and back again. 
 
",49.62001185,172.77573
0625_w16_qp_22_13,"13  The equation used to find the pressure caused by a liquid can be written as 
 
",49.6213509,484.53579
0625_w16_qp_22_14,"14  The  diagram  shows  a  gas  that  is  trapped  in  a  cylinder  by  a  piston.  The  volume  of  the  gas  is 
",49.62,74.85648
0625_w16_qp_22_15,"15  A  piece  of  melting  ice  at  0 °C  and  a  beaker  of  boiling  water  are  both  in  a  laboratory.  The 
",49.62,320.28432
0625_w16_qp_22_16,"16  A puddle of water is formed after a rain shower on a windy day. 
 
",49.62,87.51642
0625_w16_qp_22_17,"17  A copper container of mass 0.20 kg contains 0.10 kg of water. 
 
",49.62,302.61632
0625_w16_qp_22_18,"18  On  a  very  cold  day,  a  boy  puts  one  hand  on  the  metal  handlebars of his bicycle. He puts the 
",49.61860095,511.715856
0625_w16_qp_22_19,"19  The diagrams show four spherical objects of the same colour and same type of surface. Two of 
the objects are small and two are large. Two of the objects are at the same high temperature and 
two are at the same low temperature. 
",49.62,100.17636
0625_w16_qp_22_20,"20  Which wave has an amplitude equal to half its wavelength? 
 
",49.6221609,289.71672
0625_w16_qp_22_21,"21  Which diagram shows what happens when plane waves pass the edge of the object shown? 
 
",49.62,87.51642
0625_w16_qp_22_22,"22  An image is formed by a plane mirror. A second image is formed by a lens used as a magnifying 
",49.62228675,458.43639
0625_w16_qp_22_23,"23  The diagram shows light passing from air into glass. Two angles p and q are marked. 
 
",49.62,87.51642
0625_w16_qp_22_24,"24  Which part of the electromagnetic spectrum is used to send television signals from a satellite to 
",49.62125505,467.736126
0625_w16_qp_22_25,"25  A girl notices that, when she shouts into a cave, she hears an echo. 
 
",49.62125505,619.596114
0625_w16_qp_22_26,"26  Which property of a sound wave affects the loudness of the sound? 
",49.62,74.91648
0625_w16_qp_22_27,"27  In two separate experiments, a magnet is brought near to an unmagnetised iron bar. This causes 
",49.62,201.396198
0625_w16_qp_22_28,"28  A student suggests three methods for demagnetising a piece of steel. 
 
",49.62,517.59591
0625_w16_qp_22_29,"29  The diagram shows a lamp in a circuit. 
 
",49.62,87.51642
0625_w16_qp_22_30,"30  The diagram shows a circuit. 
 
",49.6209459,341.016788
0625_w16_qp_22_31,"31  A copper wire has a resistance of 2.0 Ω. 
 
",49.6205748,544.65603
0625_w16_qp_22_32,"32  Which combination of resistors in parallel has an effective resistance of 0.50 Ω? 
 
",49.62,88.35642
0625_w16_qp_22_33,"33  In the circuit shown, the voltmeter reads 2.0 V. A charge of 5.0 C passes through the resistor in a 
",49.6213692,353.31678
0625_w16_qp_22_34,"34  Two NAND gates are connected together as shown. 
 
",49.62171075,589.11585
0625_w16_qp_22_35,"35  An electric kettle has a metal casing. The cable for the kettle contains a wire that is connected to 
",49.62,74.85648
0625_w16_qp_22_36,"36  An electric current can produce a heating effect and a magnetic effect. 
 
",49.62,251.975958
0625_w16_qp_22_37,"37  What happens in the process of nuclear fission? 
",49.62,420.15675
0625_w16_qp_22_38,"38  A β-particle enters a uniform magnetic field directed out of the page. 
 
",49.62,560.136378
0625_w16_qp_22_39,"39  The radioactive nucleus  Bi
",49.62,77.6806789
0625_w16_qp_22_40,"40  Radioactive  source  S  emits  α-particles,  β-particles  and  γ-rays.  A  detector  is  placed  5 cm  away 
",49.62,259.08417
0625_w16_qp_23_01,"1  The graph shows how the distance travelled by a vehicle changes with time. 
 
",49.62,87.51642
0625_w16_qp_23_02,"2  A stone falls freely from the top of a cliff. Air resistance may be ignored. 
 
",49.62,428.91631
0625_w16_qp_23_03,"3  The speed-time graph for an object is shown. 
 
",49.62,87.51642
0625_w16_qp_23_04,"4  An astronaut on the Moon weighs less than on Earth. 
",49.62138909,384.3965802
0625_w16_qp_23_05,"5  The diagrams show an empty container, and the same container filled with liquid. 
 
",49.62,87.51642
0625_w16_qp_23_06,"6  An object travels in a circular path at constant speed. 
",49.6218862,348.036282
0625_w16_qp_23_07,"7  Different loads are hung on a spring. The diagram shows the length of the spring with and without 
",49.62,74.85648
0625_w16_qp_23_08,"8  A vehicle of mass 900 kg is travelling with a velocity of 20 m / s. 
 
",49.62125369,457.71642
0625_w16_qp_23_09,"9  Which list contains only scalar quantities? 
",49.62214146,531.9962
0625_w16_qp_23_10,"10  A ball is dropped onto a floor. 
 
",49.62,87.51642
0625_w16_qp_23_11,"11  Which list contains only energy resources that derive their energy from the Sun? 
",49.62058611,275.7366984
0625_w16_qp_23_12,"12  A lamp has a power input of 5.0 W. It wastes 1.0 W of power heating the surroundings. 
",49.62058611,402.2766966
0625_w16_qp_23_13,"13  A container is filled with liquid to a certain depth h. 
 
",49.62023626,500.0755596
0625_w16_qp_23_14,"14  Which diagram best represents the movement of a smoke particle displaying Brownian motion? 
 
",49.62,87.51642
0625_w16_qp_23_15,"15  The volume of a gas is measured at different pressures. 
",49.6219611,324.51717
0625_w16_qp_23_16,"16  A  piece  of  melting  ice  at  0 °C  and  a  beaker  of  boiling  water  are  both  in  a  laboratory.  The 
",49.62,75.78432
0625_w16_qp_23_17,"17  A  scientist  has  two  thermometers  available:  a  liquid-in-glass  thermometer  and  a  thermocouple 
",49.62,411.87636
0625_w16_qp_23_18,"18  A copper container of mass 0.20 kg contains 0.10 kg of water. 
 
",49.62,87.51642
0625_w16_qp_23_19,"19  The diagrams show four spherical objects of the same size. Two of the objects are white and two 
are  black.  Two  of  the  objects  are  at  the  same  high  temperature  and  two  are  at  the  same  low 
temperature. 
",49.61860095,321.935736
0625_w16_qp_23_20,"20  A man is talking at the side of a house. He can be heard by a woman at the front of the house 
",49.6221609,482.79639
0625_w16_qp_23_21,"21  An image is formed by a plane mirror. A second image is formed by a lens used as a magnifying 
",49.62,74.85648
0625_w16_qp_23_22,"22  The speed of light in air is 3.0 × 108
 
",49.62,278.91593
0625_w16_qp_23_23,"23  Which description applies to infra-red radiation? 
",49.6202973,447.6363
0625_w16_qp_23_24,"24  A girl notices that, when she shouts into a cave, she hears an echo. 
 
",49.6202973,586.775958
0625_w16_qp_23_25,"25  A man stands 110 m from a high wall. He makes a short, sharp sound and then hears an echo 
",49.62,74.85648
0625_w16_qp_23_26,"26  A student suggests three methods for demagnetising a piece of steel. 
 
",49.62174135,209.07624
0625_w16_qp_23_27,"27  In two separate experiments, a magnet is brought near to an unmagnetised iron bar. This causes 
",49.6206438,351.875532
0625_w16_qp_23_28,"28  A student holds a rod in his hand. 
 
",49.62,87.51642
0625_w16_qp_23_29,"29  The diagram shows a lamp in a circuit. 
 
",49.62,418.7163
0625_w16_qp_23_30,"30  The graph shows the relationship between the current in a circuit component and the potential 
",49.62,74.85648
0625_w16_qp_23_31,"31  In the circuit shown there is a current of 10 A. 
 
",49.62,412.05642
0625_w16_qp_23_32,"32  The four circuits shown each contain four diodes. 
 
",49.62,87.51642
0625_w16_qp_23_33,"33  The diagram shows a potential divider. 
 
",49.62,87.51642
0625_w16_qp_23_34,"34  The diagram shows two logic gates connected together. 
 
",49.62,459.69591
0625_w16_qp_23_35,"35  Two electrical appliances are connected to the mains supply. 
 
 
 
 
 
",49.62,138.09579
0625_w16_qp_23_36,"36  An electric current can produce a heating effect and a magnetic effect. 
 
",49.62,289.955778
0625_w16_qp_23_37,"37  Which particle is absorbed by a nucleus to cause nuclear fission? 
",49.62,458.07636
0625_w16_qp_23_38,"38  An α-particle enters a uniform magnetic field directed out of the page. 
 
",49.62,88.35642
0625_w16_qp_23_39,"39  Radioactive  source  S  emits  α-particles,  β-particles  and  γ-rays.  A  detector  is  placed  5 cm  away 
",49.62273825,377.944728
0625_w16_qp_23_40,"40  Uranium-238 is radioactive and decays to thorium-234 by the emission of a particle. 
 
",49.62,87.51642
0625_w17_qp_21_01,"1  A student measures the volume of a cork. 
 
",49.62,87.51642
0625_w17_qp_21_02,"2  Four balls with different masses are dropped from the heights shown. 
 
",49.6221926,495.8759698
0625_w17_qp_21_03,"3  An ice crystal falls vertically from a cloud. 
 
",49.62,87.51642
0625_w17_qp_21_04,"4  A spring is stretched by hanging a piece of metal from it. 
 
",49.62,239.7364422
0625_w17_qp_21_05,"5  Which object has the greatest weight? 
",49.62116566,478.657338
0625_w17_qp_21_06,"6  A uniform beam XY is 100 cm long and weighs 4.0 N. 
 
",49.62,87.51642
0625_w17_qp_21_07,"7  The  diagrams  show  four  table  lamps  resting  on  a  table.  The  position  of  the  centre  of  mass  of 
",49.62214304,380.3163
0625_w17_qp_21_08,"8  The diagram shows an incomplete scale drawing to find the resultant of two 10 N forces acting at 
",49.62,74.85648
0625_w17_qp_21_09,"9  A tennis ball of mass 0.060 kg travels horizontally at a speed of 25 m / s. The ball hits a tennis 
",49.62214304,358.05648
0625_w17_qp_21_10,"10  The diagram shows the path of a stone that is thrown from X and reaches its maximum height 
",49.62,74.85648
0625_w17_qp_21_11,"11  A motor is used to lift a load of 40 N. 
 
",49.62139818,384.5761398
0625_w17_qp_21_12,"12  A student runs up a flight of stairs. 
 
",49.62,90.3361298
0625_w17_qp_21_13,"13  The diagram shows a simple mercury barometer. 
 
",49.62119453,365.4959496
0625_w17_qp_21_14,"14  The diagram shows a glass flask, sealed with a small volume of mercury in a glass tube. When 
",49.62,74.85648
0625_w17_qp_21_15,"15  A pollen grain in a beaker of still water is viewed through a microscope. 
 
",49.62202514,470.6767782
0625_w17_qp_21_16,"16  The diagram shows an air-filled rubber toy. A child sits on the toy and its volume decreases. 
 
",49.62,87.51642
0625_w17_qp_21_17,"17  A strip of iron and a strip of brass are firmly attached to each other along their entire length. This 
",49.62,403.05635
0625_w17_qp_21_18,"18  An aluminium block has a mass of 200 g. 
 
",49.62,87.51642
0625_w17_qp_21_19,"19  Which statement about convection currents is correct? 
",49.62245733,188.7965802
0625_w17_qp_21_20,"20  The diagram represents plane wavefronts of a water wave about to strike a solid barrier. 
 
",49.62,87.51642
0625_w17_qp_21_21,"21  The diagram shows an object in front of a plane mirror. A ray of light from the object is incident on 
",49.62,74.85648
0625_w17_qp_21_22,"22  A laser is a source of light with a single frequency. 
 
",49.62,447.8763
0625_w17_qp_21_23,"23  Visible light, X-rays and microwaves are all components of the electromagnetic spectrum. 
 
",49.62,599.675898
0625_w17_qp_21_24,"24  The  Moon  is  380 000 km  from  the  Earth.  A  laser  light  beam  is  directed  from  the  Earth  to  the 
",49.62,74.85648
0625_w17_qp_21_25,"25  Which wavefront is travelling at a speed closest to that of a sound wave through a solid? 
",49.62213345,174.4563
0625_w17_qp_21_26,"26  Different waves travel through air. 
 
",49.62069194,313.5959698
0625_w17_qp_21_27,"27  A student stands 180 m in front of a vertical, flat cliff and bangs together two pieces of wood to 
",49.62069194,452.79649
0625_w17_qp_21_28,"28  A train of steel nails and a train of iron nails hang from a strong magnet. 
 
",49.62,87.51642
0625_w17_qp_21_29,"29  How can a permanent magnet be demagnetised? 
",49.62172308,344.7369884
0625_w17_qp_21_30,"30  A positively-charged rod is held near to, but not touching, an uncharged metal sphere. 
 
",49.62183284,483.8163662
0625_w17_qp_21_31,"31  The diagram shows a circuit with a gap between points P and Q. 
 
",49.62,87.51642
0625_w17_qp_21_32,"32  A torch has a simple circuit with a 3.0 V battery and a lamp. There is a 20 mA current in the lamp. 
 
",49.62,431.01642
0625_w17_qp_21_33,"33  A student connects the circuit shown. 
 
",49.62,87.51642
0625_w17_qp_21_34,"34  The diagram shows a circuit with a fixed resistor connected in series with a thermistor and an 
",49.62,74.85648
0625_w17_qp_21_35,"35  What does the symbol shown represent? 
 
",49.62,448.3560298
0625_w17_qp_21_36,"36  The diagram shows a copper wire XY connected to a resistor. 
 
",49.62,87.51642
0625_w17_qp_21_37,"37  The graph shows how the voltage induced across a coil changes with time as the coil spins in a 
",49.62211588,342.3365098
0625_w17_qp_21_38,"38  Emissions X and Y from radioactive material are passed through a magnetic field. The diagram 
shows  the  direction  of  the  emissions,  the  direction  of  the  magnetic  field  and  the  effect  on  the 
emissions. 
",49.62,100.17636
0625_w17_qp_21_39,"39  What is meant by the half-life of a radioactive isotope? 
",49.62,389.13675
0625_w17_qp_21_40,"40  The  rate  of  emission  of  a  radioactive  source  is  measured  until  the  reading  reaches  the 
",49.62,74.85648
0625_w17_qp_22_01,"1  A student investigates the rate of flow of oil through a funnel. 
 
",49.62,87.51642
0625_w17_qp_22_02,"2  Four balls with different masses are dropped simultaneously from the heights shown. 
 
",49.6221926,429.9959598
0625_w17_qp_22_03,"3  The gravitational field strength on the Earth is greater than the gravitational field strength on the 
",49.62,74.85648
0625_w17_qp_22_04,"4  A spring is stretched by hanging a piece of metal from it. 
 
",49.62220419,479.73672
0625_w17_qp_22_05,"5  A body of mass m has a weight W in a location where the gravitational field strength is g. 
 
",49.61868294,87.51642
0625_w17_qp_22_06,"6  An object is pivoted at point P. A student ties a length of string to a peg on the object. He pulls 
",49.61935719,225.0364498
0625_w17_qp_22_07,"7  Each diagram shows a metal plate with four parallel forces acting on it. These are the only forces 
",49.62420985,496.05619
0625_w17_qp_22_08,"8  The diagram shows an incomplete scale drawing to find the resultant of two 10 N forces acting at 
",49.62,74.85648
0625_w17_qp_22_09,"9  A ball has a mass of 0.30 kg. It moves horizontally with a speed of 3.0 m / s in the direction shown. 
 
",49.62179384,370.71642
0625_w17_qp_22_10,"10  An object has a mass of 500 kg. 
 
",49.62103132,636.8161398
0625_w17_qp_22_11,"11  Different processes have different efficiencies. 
 
",49.62,87.51642
0625_w17_qp_22_12,"12  A student runs up a flight of stairs. 
 
",49.62,282.9362
0625_w17_qp_22_13,"13  The diagram shows a simple mercury barometer. 
 
",49.62,87.51642
0625_w17_qp_22_14,"14  A pollen grain in a beaker of still water is viewed through a microscope. 
 
",49.62211006,438.0359498
0625_w17_qp_22_15,"15  The diagram shows an air-filled rubber toy. A child sits on the toy and its volume decreases. 
 
",49.62,87.51642
0625_w17_qp_22_16,"16  The diagram shows a glass flask, sealed with a small volume of mercury in a glass tube. When 
",49.62,403.05635
0625_w17_qp_22_17,"17  Which row identifies the fixed points on the Celsius scale? 
 
",49.62,87.51642
0625_w17_qp_22_18,"18  Aluminium has a specific heat capacity of 900 J / (kg °C). 
 
",49.62,243.81643
0625_w17_qp_22_19,"19  Why does a balloon filled with hot air rise? 
",49.62192353,344.1963
0625_w17_qp_22_20,"20  The diagram represents plane wavefronts of a water wave about to strike a solid barrier. 
 
",49.62,87.51642
0625_w17_qp_22_21,"21  The diagram shows an object O in front of a thin converging lens of focal length f. 
 
",49.62,87.51642
0625_w17_qp_22_22,"22  The diagram shows a ray of light incident on the surface of a rectangular glass block at 90° to the 
",49.6223065,276.663492
0625_w17_qp_22_23,"23  Which piece of equipment is designed to produce a type of electromagnetic wave? 
",49.62206679,554.7971184
0625_w17_qp_22_24,"24  The  Moon  is  380 000 km  from  the  Earth.  A  laser  light  beam  is  directed  from  the  Earth  to  the 
",49.62217655,681.2768364
0625_w17_qp_22_25,"25  Different waves travel through air. 
 
",49.62,87.51642
0625_w17_qp_22_26,"26  The speed of sound is different in different states of matter. 
 
",49.62,239.3762982
0625_w17_qp_22_27,"27  A student finds that it takes sound 0.33 seconds to travel 100 metres. 
 
",49.62,472.71629
0625_w17_qp_22_28,"28  A train of steel nails and a train of iron nails hang from a strong magnet. 
 
",49.62,87.51642
0625_w17_qp_22_29,"29  An old and expensive steel watch becomes magnetised. 
 
",49.62172308,357.276368
0625_w17_qp_22_30,"30  Which diagram represents the electric field due to a negatively-charged conducting sphere? 
 
",49.62150357,534.4561262
0625_w17_qp_22_31,"31  The diagram shows a circuit with a gap between points P and Q. 
 
",49.62,87.51642
0625_w17_qp_22_32,"32  The graph shows the way in which one physical quantity y varies with another physical quantity x. 
 
",49.62,431.0163
0625_w17_qp_22_33,"33  The potential difference across a car headlamp is 12 V. The current in the lamp is 2.5 A. 
 
",49.62,87.51642
0625_w17_qp_22_34,"34  The diagram shows a circuit with a fixed resistor connected in series with a thermistor and an 
",49.62158571,161.7360098
0625_w17_qp_22_35,"35  An incomplete truth table for a NAND gate is shown. 
 
",49.62,87.51642
0625_w17_qp_22_36,"36  The diagram shows a wire hanging freely between the poles of a magnet. There is a current in 
",49.62,374.13635
0625_w17_qp_22_37,"37  A 100% efficient transformer has 6000 turns on its primary coil and 600 turns on its secondary 
",49.62,74.85648
0625_w17_qp_22_38,"38  In the diagram, the circle represents an atom (not to scale) with the nucleus at its centre. 
 
",49.62171075,359.01585
0625_w17_qp_22_39,"39  Which row describes the behaviour of γ-rays in an electric field and in a magnetic field? 
 
",49.62,88.35642
0625_w17_qp_22_40,"40  A radioactive source has a half-life of 0.5 hours. 
 
",49.62,244.2963
0625_w17_qp_23_01,"1  A measuring cylinder contains some water. A small metal block is slowly lowered into the water 
",49.62,74.85648
0625_w17_qp_23_02,"2  Four balls with different masses are dropped simultaneously from the heights shown. 
 
",49.62223558,506.97624
0625_w17_qp_23_03,"3  The diagram shows the vertical forces acting on a ball as it falls vertically through the air. The ball 
",49.62,74.85648
0625_w17_qp_23_04,"4  A spring is stretched by hanging a piece of metal from it. 
 
",49.62,446.6760198
0625_w17_qp_23_05,"5  On the Moon, all objects fall with the same acceleration. 
 
",49.62,87.51642
0625_w17_qp_23_06,"6  A pair of cutters is used to cut a rope. 
 
",49.62,239.3762982
0625_w17_qp_23_07,"7  The lamp in the diagram is not very stable and falls over easily. 
 
",49.62,87.51642
0625_w17_qp_23_08,"8  The diagram shows an incomplete scale drawing to find the resultant of two 10 N forces acting at 
",49.62,435.27648
0625_w17_qp_23_09,"9  An object has a mass of 60 kg. 
 
",49.62,87.51642
0625_w17_qp_23_10,"10  A car, starting from rest at position X, accelerates up a hill. The car reaches a speed of 10 m / s at 
",49.62214304,187.05648
0625_w17_qp_23_11,"11  A 150 W filament lamp has an efficiency of 10%. A 40 W compact fluorescent lamp (CFL) has an 
",49.62214304,447.51649
0625_w17_qp_23_12,"12  A student runs up a flight of stairs. 
 
",49.62,90.3361298
0625_w17_qp_23_13,"13  The diagram shows a simple mercury barometer. 
 
",49.62119453,365.4959496
0625_w17_qp_23_14,"14  A pollen grain in a beaker of still water is viewed through a microscope. 
 
",49.62,87.51642
0625_w17_qp_23_15,"15  The diagram shows an air-filled rubber toy. A child sits on the toy and its volume decreases. 
 
",49.62254784,278.43672
0625_w17_qp_23_16,"16  The diagram shows a glass flask, sealed with a small volume of mercury in a glass tube. When 
",49.62,74.85648
0625_w17_qp_23_17,"17  Which property cannot be used for the measurement of temperature? 
",49.62202514,458.0771184
0625_w17_qp_23_18,"18  A student uses an immersion heater to heat some water in a beaker. 
 
",49.62213489,597.2167764
0625_w17_qp_23_19,"19  Why is the heating coil of a domestic immersion heater placed at the bottom of the tank? 
",49.62,74.91648
0625_w17_qp_23_20,"20  The diagram represents plane wavefronts of a water wave about to strike a solid barrier. 
 
",49.62010975,214.0563576
0625_w17_qp_23_21,"21  The diagram shows a ray of light in glass. The ray reaches a boundary with air. 
 
",49.62,87.51642
0625_w17_qp_23_22,"22  Light travelling in air enters a plastic block at an angle of incidence of 62°. 
 
",49.62163066,392.9769278
0625_w17_qp_23_23,"23  A sound wave travels from a medium in one state into the same medium but in another state. 
This  causes  the  speed  of  the  wave  to  change  from  approximately  300 m / s  to  approximately 
3000 m / s. 
",49.62,100.17648
0625_w17_qp_23_24,"24  The  Moon  is  380 000 km  from  the  Earth.  A  laser  light  beam  is  directed  from  the  Earth  to  the 
",49.62089298,251.97648
0625_w17_qp_23_25,"25  Which statement about radio waves is correct? 
",49.62213345,351.6365702
0625_w17_qp_23_26,"26  The diagram shows the Earth and its surroundings. 
 
",49.6222432,490.715948
0625_w17_qp_23_27,"27  Different waves travel through air. 
 
",49.62,87.51642
0625_w17_qp_23_28,"28  A train of steel nails and a train of iron nails hang from a strong magnet. 
 
",49.62,239.376408
0625_w17_qp_23_29,"29  What is the best method to demagnetise a steel rod? 
",49.6213959,496.53612
0625_w17_qp_23_30,"30  There is a current in a metal wire. 
 
",49.6213959,635.675778
0625_w17_qp_23_31,"31  The diagram shows a circuit with a gap between points P and Q. 
 
",49.62,87.51642
0625_w17_qp_23_32,"32  A battery is connected to a circuit. It is switched on for 1.0 minute. During that time, there is a 
",49.62,418.35636
0625_w17_qp_23_33,"33  Identical cells and identical resistors are used to make the circuits shown. 
 
",49.62,87.51642
0625_w17_qp_23_34,"34  The diagram shows a circuit with a fixed resistor connected in series with a thermistor and an 
",49.62174135,352.7163
0625_w17_qp_23_35,"35  The diagram shows an AND gate and an OR gate connected together. 
 
",49.62,87.51642
0625_w17_qp_23_36,"36  The  diagram  shows  a  short-circuited  copper  coil  swinging  about  an  axis  at  right-angles  to  a 
",49.62,336.75636
0625_w17_qp_23_37,"37  Diagram  1  shows  a  magnet  being  pushed  into  a  coil  that  is  connected  to  a  centre-zero 
",49.62,74.85648
0625_w17_qp_23_38,"38  Radioactive carbon-14 decays to nitrogen-14 by the emission of a particle. 
 
",49.62,87.51642
0625_w17_qp_23_39,"39  As  α-particles  pass  through  the  electric  field  between  two  charged  plates,  they  are  deflected 
",49.621068,260.94417
0625_w17_qp_23_40,"40  Radioactive  iodine-131  emits  β-particles  and  has  a  half-life  of  8  days.  It  decays  to  produce  
",49.62145005,534.364278
